affected_entity_1_sub	affected_entity_1_super	defined_class	pato_id
GO:0008219	ZFA:0000029	ZP:0000283	PATO:0000912
GO:0035282	ZFA:0001117	ZP:0000307	PATO:0000297
GO:0006403	ZFA:0000093	ZP:0000775	PATO:0000502
GO:0022008	ZFA:0000152	ZP:0001166	PATO:0002302
GO:0030182	ZFA:0000152	ZP:0001167	PATO:0000502
GO:0030182	ZFA:0000152	ZP:0001168	PATO:0002302
GO:0008219	ZFA:0000152	ZP:0001275	PATO:0002051
GO:0006915	ZFA:0001094	ZP:0001337	PATO:0002051
GO:0009790	ZFA:0001094	ZP:0001338	PATO:0000297
GO:0010467	ZFA:0001094	ZP:0001339	PATO:0000057
GO:0044770	ZFA:0001094	ZP:0001340	PATO:0002052
GO:0097296	ZFA:0001094	ZP:0001341	PATO:0002051
GO:0048870	ZFA:0009288	ZP:0001595	PATO:0000304
GO:0060855	ZFA:0005034	ZP:0001733	PATO:0000297
GO:0008283	ZFA:0001078	ZP:0002300	PATO:0002052
GO:0072332	ZFA:0000152	ZP:0002342	PATO:0002051
GO:0000087	ZFA:0000152	ZP:0002399	PATO:0000498
GO:0000236	ZFA:0000152	ZP:0002400	PATO:0000297
GO:0000236	ZFA:0000152	ZP:0002401	PATO:0000498
GO:0000279	ZFA:0000152	ZP:0002402	PATO:0000498
GO:0006915	ZFA:0000152	ZP:0002403	PATO:0002051
GO:0051301	ZFA:0000152	ZP:0002407	PATO:0000498
GO:0097475	ZFA:0000029	ZP:0002533	PATO:0001236
GO:0042391	ZFA:0009091	ZP:0002863	PATO:0001507
GO:0006974	ZFA:0000008	ZP:0003046	PATO:0002051
GO:0014032	ZFA:0001194	ZP:0003482	PATO:0001507
GO:0001569	ZFA:0001061	ZP:0003677	PATO:0002302
GO:0008219	ZFA:0001114	ZP:0003783	PATO:0002304
GO:0048668	ZFA:0009243	ZP:0003825	PATO:0002302
GO:0016477	ZFA:0009076	ZP:0003928	PATO:0002051
GO:0016477	ZFA:0009076	ZP:0003929	PATO:0002304
GO:0070374	ZFA:0009248	ZP:0003930	PATO:0002051
GO:0007389	ZFA:0001064	ZP:0004017	PATO:0000057
GO:0030182	ZFA:0001064	ZP:0004018	PATO:0002051
GO:0007389	ZFA:0001120	ZP:0004019	PATO:0000057
GO:0046847	ZFA:0009303	ZP:0004341	PATO:0002051
GO:0006915	ZFA:0000094	ZP:0004488	PATO:0002051
GO:0006915	ZFA:0001058	ZP:0004522	PATO:0002051
GO:0006915	ZFA:0001114	ZP:0004523	PATO:0002051
GO:0006915	ZFA:0009114	ZP:0004937	PATO:0002051
GO:0008219	ZFA:0009114	ZP:0004938	PATO:0002051
GO:0060285	ZFA:0009358	ZP:0005014	PATO:0000912
GO:0060285	ZFA:0009358	ZP:0005015	PATO:0002302
GO:0008015	ZFA:0001285	ZP:0005281	PATO:0000462
GO:0030953	ZFA:0000093	ZP:0005315	PATO:0001507
GO:0048870	ZFA:0009288	ZP:0005348	PATO:0002052
GO:0008219	ZFA:0000030	ZP:0005371	PATO:0002051
GO:0008219	ZFA:0007000	ZP:0005373	PATO:0002051
GO:0002040	ZFA:0001061	ZP:0005463	PATO:0001507
GO:0002040	ZFA:0005035	ZP:0005464	PATO:0001507
GO:0008015	ZFA:0000014	ZP:0005516	PATO:0002302
GO:0051301	ZFA:0000107	ZP:0005622	PATO:0001507
GO:0032922	ZFA:0000019	ZP:0006018	PATO:0002018
GO:0048675	ZFA:0000405	ZP:0006097	PATO:0001236
GO:0008283	ZFA:0000155	ZP:0006177	PATO:0002052
GO:0007519	ZFA:0000328	ZP:0006180	PATO:0002302
GO:0019915	ZFA:0000208	ZP:0006247	PATO:0001507
GO:0000422	ZFA:0009399	ZP:0006306	PATO:0002304
GO:0006914	ZFA:0009399	ZP:0006318	PATO:0002051
GO:0008283	ZFA:0009399	ZP:0006319	PATO:0002302
GO:0034263	ZFA:0009399	ZP:0006323	PATO:0002304
GO:0048813	ZFA:0009255	ZP:0006437	PATO:0001236
GO:0031175	ZFA:0009238	ZP:0006497	PATO:0001236
GO:0072332	ZFA:0000098	ZP:0006817	PATO:0002051
GO:0072332	ZFA:0001058	ZP:0006820	PATO:0002051
GO:0072332	ZFA:0001094	ZP:0006821	PATO:0002051
GO:0072332	ZFA:0001114	ZP:0006822	PATO:0002051
GO:0072332	ZFA:0001115	ZP:0006823	PATO:0002051
GO:0043534	ZFA:0000186	ZP:0006853	PATO:0001507
GO:0072554	ZFA:0001285	ZP:0006854	PATO:0000462
GO:0003341	ZFA:0000001	ZP:0007034	PATO:0001236
GO:0016477	ZFA:0001372	ZP:0007077	PATO:0001507
GO:0045197	ZFA:0000029	ZP:0007474	PATO:0001236
GO:0045197	ZFA:0000101	ZP:0007475	PATO:0001236
GO:0031580	ZFA:0001285	ZP:0007481	PATO:0001507
GO:0031580	ZFA:0009303	ZP:0007482	PATO:0001507
GO:0006309	ZFA:0000075	ZP:0007547	PATO:0002304
GO:0006309	ZFA:0000107	ZP:0007548	PATO:0002304
GO:0060285	ZFA:0000151	ZP:0007626	PATO:0002302
GO:0048755	ZFA:0000008	ZP:0007651	PATO:0002052
GO:0008283	ZFA:0000152	ZP:0007772	PATO:0001236
GO:0006915	ZFA:0001078	ZP:0008002	PATO:0002051
GO:0003242	ZFA:0005061	ZP:0008031	PATO:0002052
GO:0008219	ZFA:0000029	ZP:0008139	PATO:0002051
GO:0008219	ZFA:0000128	ZP:0008140	PATO:0002051
GO:0002040	ZFA:0001285	ZP:0008142	PATO:0002302
GO:0030239	ZFA:0009116	ZP:0008234	PATO:0001507
GO:0045214	ZFA:0009117	ZP:0008238	PATO:0001507
GO:0071688	ZFA:0009117	ZP:0008239	PATO:0001507
GO:0071689	ZFA:0009117	ZP:0008240	PATO:0001507
GO:0060218	ZFA:0005028	ZP:0008335	PATO:0002302
GO:0035988	ZFA:0001405	ZP:0008400	PATO:0002052
GO:0002062	ZFA:0001306	ZP:0008413	PATO:0002302
GO:0007179	ZFA:0001306	ZP:0008414	PATO:0002302
GO:0008283	ZFA:0001306	ZP:0008415	PATO:0002052
GO:0002042	ZFA:0001285	ZP:0008569	PATO:0000297
GO:0008283	ZFA:0000008	ZP:0008589	PATO:0002052
GO:0048675	ZFA:0000008	ZP:0008590	PATO:0001507
GO:0060384	ZFA:0000008	ZP:0008591	PATO:0001507
GO:0008283	ZFA:0000028	ZP:0008594	PATO:0002052
GO:0008283	ZFA:0000128	ZP:0008595	PATO:0002052
GO:0008015	ZFA:0001286	ZP:0008658	PATO:0002052
GO:0002040	ZFA:0001285	ZP:0008758	PATO:0001236
GO:0008015	ZFA:0000180	ZP:0008935	PATO:0000462
GO:0008015	ZFA:0005025	ZP:0008937	PATO:0000462
GO:0035787	ZFA:0005242	ZP:0008949	PATO:0002302
GO:0006915	ZFA:0000008	ZP:0009002	PATO:0002051
GO:0006915	ZFA:0000035	ZP:0009003	PATO:0002051
GO:0008283	ZFA:0000119	ZP:0009004	PATO:0002051
GO:0008283	ZFA:0000152	ZP:0009005	PATO:0002051
GO:0006915	ZFA:0001202	ZP:0009006	PATO:0002051
GO:0008283	ZFA:0001464	ZP:0009007	PATO:0002051
GO:0006915	ZFA:0001679	ZP:0009008	PATO:0002052
GO:0000723	ZFA:0000598	ZP:0009055	PATO:0002052
GO:0048668	ZFA:0009244	ZP:0009153	PATO:0002302
GO:0051646	ZFA:0009248	ZP:0009231	PATO:0002302
GO:0048846	ZFA:0000359	ZP:0009798	PATO:0002302
GO:0048675	ZFA:0009052	ZP:0009832	PATO:0002302
GO:0048675	ZFA:0009244	ZP:0009834	PATO:0002302
GO:0048675	ZFA:0009247	ZP:0009836	PATO:0002302
GO:0006915	ZFA:0009091	ZP:0009917	PATO:0002051
GO:0008015	ZFA:0001058	ZP:0009932	PATO:0002302
GO:0021654	ZFA:0000069	ZP:0009954	PATO:0000297
GO:0021654	ZFA:0000823	ZP:0009956	PATO:0000297
GO:0001755	ZFA:0007063	ZP:0009962	PATO:0001236
GO:0007411	ZFA:0009243	ZP:0009988	PATO:0002062
GO:0048675	ZFA:0009243	ZP:0009991	PATO:0002302
GO:0008283	ZFA:0009280	ZP:0010048	PATO:0002052
GO:0008283	ZFA:0001157	ZP:0010076	PATO:0002302
GO:0008283	ZFA:0009316	ZP:0010300	PATO:0002302
GO:0006909	ZFA:0009327	ZP:0010301	PATO:0002302
GO:0022402	ZFA:0000152	ZP:0010501	PATO:0000498
GO:0051320	ZFA:0000152	ZP:0010502	PATO:0000498
GO:0070983	ZFA:0009310	ZP:0010569	PATO:0001236
GO:0097485	ZFA:0009310	ZP:0010570	PATO:0001236
GO:0048598	ZFA:0001612	ZP:0010723	PATO:0001507
GO:0030432	ZFA:0001338	ZP:0010736	PATO:0002051
GO:0008219	ZFA:0009262	ZP:0010747	PATO:0002304
GO:0006936	ZFA:0009116	ZP:0010752	PATO:0001236
GO:0006936	ZFA:0009117	ZP:0010753	PATO:0001236
GO:0043932	ZFA:0000863	ZP:0010767	PATO:0002052
GO:0045453	ZFA:0000863	ZP:0010768	PATO:0002051
GO:0045453	ZFA:0005606	ZP:0010772	PATO:0002051
GO:0050908	ZFA:0009262	ZP:0010775	PATO:0002304
GO:0061572	ZFA:0001157	ZP:0010782	PATO:0001236
GO:0008015	ZFA:0000014	ZP:0010791	PATO:0001507
GO:0008015	ZFA:0001073	ZP:0010792	PATO:0001507
GO:0008015	ZFA:0001267	ZP:0010794	PATO:0001507
GO:0072554	ZFA:0005020	ZP:0010796	PATO:0001507
GO:0008015	ZFA:0005037	ZP:0010797	PATO:0001507
GO:0008045	ZFA:0009243	ZP:0010811	PATO:0000498
GO:0001508	ZFA:0009149	ZP:0010812	PATO:0001236
GO:0001508	ZFA:0009149	ZP:0010813	PATO:0002051
GO:0001508	ZFA:0009149	ZP:0010814	PATO:0002323
GO:0019226	ZFA:0009149	ZP:0010815	PATO:0001236
GO:0044458	ZFA:0000001	ZP:0010831	PATO:0002302
GO:0044458	ZFA:0000051	ZP:0010835	PATO:0002302
GO:0001503	ZFA:0001590	ZP:0010842	PATO:0002302
GO:0042476	ZFA:0001143	ZP:0010850	PATO:0000502
GO:0045165	ZFA:0000091	ZP:0010855	PATO:0001507
GO:0006915	ZFA:0001094	ZP:0010868	PATO:0002304
GO:0006915	ZFA:0000008	ZP:0010887	PATO:0002304
GO:0006915	ZFA:0000107	ZP:0010888	PATO:0002304
GO:0002040	ZFA:0000014	ZP:0010923	PATO:0001236
GO:0006915	ZFA:0000678	ZP:0010980	PATO:0002051
GO:0022008	ZFA:0000051	ZP:0010989	PATO:0002302
GO:0030182	ZFA:0000051	ZP:0010990	PATO:0002302
GO:0048668	ZFA:0009052	ZP:0010995	PATO:0001236
GO:0016477	ZFA:0009076	ZP:0011000	PATO:0002302
GO:0042552	ZFA:0009149	ZP:0011002	PATO:0002304
GO:0042552	ZFA:0009248	ZP:0011004	PATO:0002304
GO:0042074	ZFA:0000017	ZP:0011038	PATO:0001507
GO:0042074	ZFA:0000416	ZP:0011043	PATO:0001236
GO:0060113	ZFA:0000051	ZP:0011056	PATO:0002302
GO:0000132	ZFA:0000948	ZP:0011063	PATO:0001584
GO:0000132	ZFA:0001032	ZP:0011065	PATO:0001584
GO:0008283	ZFA:0000107	ZP:0011066	PATO:0002302
GO:0097193	ZFA:0000107	ZP:0011067	PATO:0002304
GO:0008283	ZFA:0001289	ZP:0011068	PATO:0002302
GO:0007411	ZFA:0000109	ZP:0011075	PATO:0001236
GO:0007411	ZFA:0009310	ZP:0011089	PATO:0001236
GO:0048675	ZFA:0001657	ZP:0011136	PATO:0001236
GO:0048675	ZFA:0007001	ZP:0011137	PATO:0001236
GO:0048669	ZFA:0009310	ZP:0011139	PATO:0002302
GO:0006915	ZFA:0001464	ZP:0011152	PATO:0002304
GO:0008219	ZFA:0001464	ZP:0011153	PATO:0002304
GO:0072554	ZFA:0001285	ZP:0011156	PATO:0001236
GO:0072554	ZFA:0005025	ZP:0011157	PATO:0001236
GO:0042552	ZFA:0000175	ZP:0011160	PATO:0000297
GO:0042552	ZFA:0000175	ZP:0011161	PATO:0002302
GO:0042552	ZFA:0009052	ZP:0011164	PATO:0000297
GO:0042552	ZFA:0009052	ZP:0011165	PATO:0002302
GO:0006915	ZFA:0001128	ZP:0011173	PATO:0002304
GO:0006915	ZFA:0001130	ZP:0011174	PATO:0002304
GO:0006915	ZFA:0001309	ZP:0011176	PATO:0002304
GO:0006915	ZFA:0007059	ZP:0011181	PATO:0002304
GO:0032400	ZFA:0000144	ZP:0011185	PATO:0001236
GO:0097484	ZFA:0009255	ZP:0011191	PATO:0001236
GO:0002040	ZFA:0001285	ZP:0011194	PATO:0001507
GO:0030199	ZFA:0000035	ZP:0011195	PATO:0001507
GO:0007268	ZFA:0009262	ZP:0011202	PATO:0001236
GO:0006915	ZFA:0000101	ZP:0011206	PATO:0002304
GO:0006915	ZFA:0000110	ZP:0011207	PATO:0002304
GO:0000132	ZFA:0000948	ZP:0011208	PATO:0001236
GO:0000132	ZFA:0001032	ZP:0011209	PATO:0001236
GO:0048675	ZFA:0001108	ZP:0011216	PATO:0001236
GO:0021654	ZFA:0000823	ZP:0011221	PATO:0001236
GO:0021654	ZFA:0000948	ZP:0011222	PATO:0001236
GO:0014025	ZFA:0000029	ZP:0011224	PATO:0001236
GO:0014025	ZFA:0000948	ZP:0011225	PATO:0001236
GO:0014025	ZFA:0001032	ZP:0011226	PATO:0001236
GO:0006694	ZFA:0001345	ZP:0011228	PATO:0002052
GO:0016477	ZFA:0001346	ZP:0011229	PATO:0001507
GO:0050808	ZFA:0009367	ZP:0011234	PATO:0001236
GO:0071260	ZFA:0009367	ZP:0011235	PATO:0001236
GO:0008015	ZFA:0001115	ZP:0011262	PATO:0002052
GO:0060562	ZFA:0001338	ZP:0011263	PATO:0001507
GO:0035545	ZFA:0001360	ZP:0011267	PATO:0001236
GO:0000084	ZFA:0000032	ZP:0011271	PATO:0000498
GO:0006885	ZFA:0005327	ZP:0011272	PATO:0001236
GO:0072659	ZFA:0001106	ZP:0011317	PATO:0002052
GO:0019228	ZFA:0000445	ZP:0011321	PATO:0000380
GO:0019228	ZFA:0000445	ZP:0011322	PATO:0001845
GO:0098908	ZFA:0000445	ZP:0011323	PATO:0002302
GO:0000278	ZFA:0001094	ZP:0011324	PATO:0001236
GO:0008283	ZFA:0001094	ZP:0011325	PATO:0002304
GO:0008283	ZFA:0000017	ZP:0011328	PATO:0002302
GO:0016477	ZFA:0000017	ZP:0011329	PATO:0001236
GO:0016477	ZFA:0009139	ZP:0011334	PATO:0000502
GO:0016477	ZFA:0009139	ZP:0011335	PATO:0001236
GO:0003259	ZFA:0000115	ZP:0011339	PATO:0001236
GO:0002040	ZFA:0001286	ZP:0011342	PATO:0002051
GO:0006915	ZFA:0000029	ZP:0011346	PATO:0002304
GO:0006915	ZFA:0000128	ZP:0011347	PATO:0002304
GO:0006915	ZFA:0000671	ZP:0011348	PATO:0002304
GO:0006915	ZFA:0001114	ZP:0011349	PATO:0002304
GO:0006915	ZFA:0001115	ZP:0011350	PATO:0002304
GO:0016322	ZFA:0009310	ZP:0011354	PATO:0002302
GO:0048669	ZFA:0009310	ZP:0011360	PATO:0000057
GO:0048669	ZFA:0009310	ZP:0011361	PATO:0002051
GO:0086001	ZFA:0000114	ZP:0011365	PATO:0000499
GO:0048666	ZFA:0009301	ZP:0011388	PATO:0001507
GO:0009952	ZFA:0000029	ZP:0011389	PATO:0001507
GO:0016477	ZFA:0005768	ZP:0011409	PATO:0001236
GO:0008283	ZFA:0000123	ZP:0011412	PATO:0002052
GO:0001756	ZFA:0000857	ZP:0011418	PATO:0000498
GO:0019722	ZFA:0000001	ZP:0011425	PATO:0001236
GO:0001944	ZFA:0005046	ZP:0011427	PATO:0000502
GO:0001944	ZFA:0005046	ZP:0011428	PATO:0001236
GO:0001946	ZFA:0005110	ZP:0011444	PATO:0002302
GO:0071679	ZFA:0000059	ZP:0011446	PATO:0001507
GO:0071679	ZFA:0000109	ZP:0011447	PATO:0001507
GO:0071679	ZFA:0000435	ZP:0011448	PATO:0001507
GO:0071679	ZFA:0001108	ZP:0011450	PATO:0001507
GO:0060026	ZFA:0000017	ZP:0011456	PATO:0001236
GO:0008219	ZFA:0001613	ZP:0011470	PATO:0002304
GO:0006915	ZFA:0001135	ZP:0011479	PATO:0002304
GO:0007411	ZFA:0005177	ZP:0011482	PATO:0001236
GO:0007411	ZFA:0005240	ZP:0011483	PATO:0001236
GO:0001736	ZFA:0000022	ZP:0011490	PATO:0001236
GO:0006915	ZFA:0000445	ZP:0011507	PATO:0002051
GO:0033278	ZFA:0000445	ZP:0011508	PATO:0002051
GO:0050767	ZFA:0000445	ZP:0011509	PATO:0001236
GO:0001764	ZFA:0001155	ZP:0011539	PATO:0000502
GO:0001764	ZFA:0001155	ZP:0011540	PATO:0000911
GO:0051301	ZFA:0001155	ZP:0011541	PATO:0002052
GO:0006915	ZFA:0005028	ZP:0011543	PATO:0002304
GO:0007219	ZFA:0005028	ZP:0011544	PATO:0002302
GO:0007219	ZFA:0009065	ZP:0011546	PATO:0002302
GO:0001525	ZFA:0001267	ZP:0011552	PATO:0001236
GO:0001525	ZFA:0001285	ZP:0011553	PATO:0001236
GO:0043473	ZFA:0000107	ZP:0011557	PATO:0001236
GO:0072577	ZFA:0000477	ZP:0011559	PATO:0002051
GO:0060026	ZFA:0000117	ZP:0011574	PATO:0001236
GO:0008219	ZFA:0000029	ZP:0011576	PATO:0002304
GO:0008015	ZFA:0001117	ZP:0011579	PATO:0000462
GO:0002040	ZFA:0001057	ZP:0011587	PATO:0000502
GO:0002040	ZFA:0001057	ZP:0011588	PATO:0001507
GO:0008015	ZFA:0001057	ZP:0011589	PATO:0001507
GO:0008283	ZFA:0001057	ZP:0011590	PATO:0002052
GO:0000132	ZFA:0000132	ZP:0011596	PATO:0001236
GO:0008283	ZFA:0000152	ZP:0011605	PATO:0001507
GO:0007274	ZFA:0009116	ZP:0011620	PATO:0002018
GO:0007274	ZFA:0009117	ZP:0011622	PATO:0000297
GO:0006914	ZFA:0009262	ZP:0011641	PATO:0001236
GO:0007040	ZFA:0009262	ZP:0011642	PATO:0001236
GO:0016197	ZFA:0009262	ZP:0011643	PATO:0001236
GO:0051684	ZFA:0009262	ZP:0011644	PATO:0002302
GO:0007224	ZFA:0000075	ZP:0011649	PATO:0002302
GO:0007224	ZFA:0001135	ZP:0011650	PATO:0002302
GO:0008283	ZFA:0000083	ZP:0011652	PATO:0002051
GO:0008283	ZFA:0001289	ZP:0011656	PATO:0001507
GO:0006915	ZFA:0001058	ZP:0011659	PATO:0002304
GO:0006915	ZFA:0000056	ZP:0011660	PATO:0002304
GO:0008283	ZFA:0001273	ZP:0011662	PATO:0002302
GO:0008283	ZFA:0001338	ZP:0011665	PATO:0002304
GO:0014881	ZFA:0007049	ZP:0011674	PATO:0001507
GO:0014881	ZFA:0007051	ZP:0011677	PATO:0001507
GO:0043473	ZFA:0001115	ZP:0011683	PATO:0002302
GO:0032922	ZFA:0001359	ZP:0011690	PATO:0001236
GO:0008219	ZFA:0009091	ZP:0011698	PATO:0002304
GO:0006915	ZFA:0000123	ZP:0011705	PATO:0002304
GO:0022008	ZFA:0001295	ZP:0011734	PATO:0002052
GO:0022008	ZFA:0001296	ZP:0011736	PATO:0002052
GO:0022008	ZFA:0001297	ZP:0011738	PATO:0002052
GO:0022008	ZFA:0001298	ZP:0011740	PATO:0002052
GO:0022008	ZFA:0001299	ZP:0011742	PATO:0002052
GO:0022008	ZFA:0001300	ZP:0011744	PATO:0002052
GO:0008283	ZFA:0000028	ZP:0011747	PATO:0002302
GO:0060037	ZFA:0001106	ZP:0011749	PATO:0001236
GO:0001755	ZFA:0009091	ZP:0011759	PATO:0001236
GO:0021538	ZFA:0001360	ZP:0011763	PATO:0001236
GO:0035462	ZFA:0001360	ZP:0011764	PATO:0001236
GO:0007010	ZFA:0000213	ZP:0011769	PATO:0002302
GO:0030282	ZFA:0000250	ZP:0011776	PATO:0002058
GO:0034505	ZFA:0001143	ZP:0011777	PATO:0000462
GO:0034505	ZFA:0001143	ZP:0011778	PATO:0001507
GO:0001503	ZFA:0001516	ZP:0011779	PATO:0000462
GO:0001503	ZFA:0001516	ZP:0011780	PATO:0001507
GO:0060242	ZFA:0009004	ZP:0011792	PATO:0001507
GO:0022011	ZFA:0000944	ZP:0011801	PATO:0000297
GO:0008219	ZFA:0001114	ZP:0011834	PATO:0002051
GO:0006915	ZFA:0001115	ZP:0011835	PATO:0002051
GO:0001946	ZFA:0001338	ZP:0011839	PATO:0002302
GO:0001946	ZFA:0005108	ZP:0011841	PATO:0002302
GO:0032291	ZFA:0005266	ZP:0011857	PATO:0002302
GO:0048668	ZFA:0000295	ZP:0011860	PATO:0002052
GO:0008089	ZFA:0009150	ZP:0011862	PATO:0002052
GO:0048668	ZFA:0009150	ZP:0011865	PATO:0002052
GO:0048675	ZFA:0009150	ZP:0011866	PATO:0000912
GO:0000278	ZFA:0000152	ZP:0011876	PATO:0001236
GO:0006915	ZFA:0000152	ZP:0011877	PATO:0002302
GO:0010458	ZFA:0000152	ZP:0011878	PATO:0002302
GO:0006915	ZFA:0000007	ZP:0011897	PATO:0002304
GO:0006914	ZFA:0001094	ZP:0011900	PATO:0002051
GO:0006914	ZFA:0009256	ZP:0011903	PATO:0002051
GO:0019722	ZFA:0000114	ZP:0011909	PATO:0001507
GO:0007049	ZFA:0000123	ZP:0011913	PATO:0000297
GO:0008219	ZFA:0000217	ZP:0011914	PATO:0002304
GO:0008219	ZFA:0001227	ZP:0011915	PATO:0002304
GO:0032053	ZFA:0001558	ZP:0011919	PATO:0002302
GO:0006915	ZFA:0009115	ZP:0011924	PATO:0002304
GO:0016973	ZFA:0000123	ZP:0011929	PATO:0002302
GO:0016973	ZFA:0000140	ZP:0011930	PATO:0002302
GO:0006915	ZFA:0000152	ZP:0011933	PATO:0002304
GO:0016973	ZFA:0000152	ZP:0011934	PATO:0002302
GO:0016973	ZFA:0001338	ZP:0011936	PATO:0002302
GO:0021923	ZFA:0000029	ZP:0011951	PATO:0002051
GO:0008283	ZFA:0009065	ZP:0011956	PATO:0000912
GO:0008015	ZFA:0000186	ZP:0011961	PATO:0002302
GO:0030282	ZFA:0000135	ZP:0011991	PATO:0000396
GO:0030282	ZFA:0001189	ZP:0012002	PATO:0002051
GO:0045453	ZFA:0001189	ZP:0012003	PATO:0002051
GO:0030282	ZFA:0001400	ZP:0012006	PATO:0002051
GO:0036073	ZFA:0001400	ZP:0012007	PATO:0000694
GO:0030282	ZFA:0005744	ZP:0012011	PATO:0002051
GO:0003341	ZFA:0000151	ZP:0012021	PATO:0001236
GO:0016477	ZFA:0000206	ZP:0012030	PATO:0000297
GO:0048665	ZFA:0005209	ZP:0012058	PATO:0001236
GO:0006915	ZFA:0001282	ZP:0012063	PATO:0002051
GO:0060128	ZFA:0001282	ZP:0012064	PATO:0002052
GO:0007219	ZFA:0009365	ZP:0012108	PATO:0002304
GO:0008543	ZFA:0009365	ZP:0012109	PATO:0002304
GO:0060070	ZFA:0009365	ZP:0012110	PATO:0002304
GO:0030282	ZFA:0000250	ZP:0012142	PATO:0002302
GO:0030282	ZFA:0000476	ZP:0012143	PATO:0002302
GO:0030282	ZFA:0000578	ZP:0012144	PATO:0002302
GO:0030282	ZFA:0000621	ZP:0012145	PATO:0002302
GO:0030282	ZFA:0000672	ZP:0012146	PATO:0002302
GO:0030282	ZFA:0001189	ZP:0012147	PATO:0002302
GO:0030282	ZFA:0005606	ZP:0012148	PATO:0002302
GO:0035118	ZFA:0000141	ZP:0012153	PATO:0002302
GO:0061564	ZFA:0009301	ZP:0012155	PATO:0001507
GO:0030182	ZFA:0000101	ZP:0012162	PATO:0002302
GO:0006915	ZFA:0000109	ZP:0012167	PATO:0002051
GO:0006915	ZFA:0000128	ZP:0012168	PATO:0002051
GO:0030182	ZFA:0000304	ZP:0012170	PATO:0002302
GO:0008283	ZFA:0001000	ZP:0012171	PATO:0002052
GO:0043482	ZFA:0009091	ZP:0012210	PATO:0000057
GO:0071484	ZFA:0009091	ZP:0012211	PATO:0002052
GO:0008283	ZFA:0000123	ZP:0012217	PATO:0002302
GO:0008283	ZFA:0001058	ZP:0012218	PATO:0002302
GO:0008283	ZFA:0001115	ZP:0012219	PATO:0002302
GO:0051216	ZFA:0001205	ZP:0012220	PATO:0001507
GO:0051216	ZFA:0001399	ZP:0012221	PATO:0001507
GO:0006915	ZFA:0001286	ZP:0012225	PATO:0002304
GO:0008283	ZFA:0005028	ZP:0012241	PATO:0002302
GO:0008219	ZFA:0001157	ZP:0012276	PATO:0002304
GO:0010458	ZFA:0000029	ZP:0012279	PATO:0000502
GO:0022008	ZFA:0000029	ZP:0012280	PATO:0000498
GO:0022008	ZFA:0000029	ZP:0012281	PATO:0002051
GO:0001946	ZFA:0005298	ZP:0012283	PATO:0002302
GO:0006915	ZFA:0000075	ZP:0012297	PATO:0002304
GO:0022617	ZFA:0005768	ZP:0012313	PATO:0002052
GO:0097374	ZFA:0005768	ZP:0012314	PATO:0002302
GO:0016477	ZFA:0009395	ZP:0012321	PATO:0001236
GO:0048668	ZFA:0009150	ZP:0012334	PATO:0002302
GO:0019228	ZFA:0009150	ZP:0012350	PATO:0001236
GO:0019228	ZFA:0009243	ZP:0012351	PATO:0001236
GO:0086009	ZFA:0009243	ZP:0012354	PATO:0001236
GO:0008015	ZFA:0005024	ZP:0012356	PATO:0001507
GO:0008015	ZFA:0005295	ZP:0012357	PATO:0001507
GO:0021530	ZFA:0000075	ZP:0012358	PATO:0001507
GO:0070445	ZFA:0000075	ZP:0012359	PATO:0001507
GO:0051301	ZFA:0009169	ZP:0012361	PATO:0002051
GO:0030855	ZFA:0001499	ZP:0012370	PATO:0001507
GO:0001570	ZFA:0001271	ZP:0012381	PATO:0002052
GO:0060384	ZFA:0001271	ZP:0012382	PATO:0002052
GO:0016477	ZFA:0001106	ZP:0012384	PATO:0000304
GO:0097475	ZFA:0000206	ZP:0012386	PATO:0002302
GO:0048813	ZFA:0009310	ZP:0012400	PATO:0002052
GO:0001570	ZFA:0005003	ZP:0012403	PATO:0002302
GO:0035779	ZFA:0005003	ZP:0012404	PATO:0002302
GO:0060837	ZFA:0005003	ZP:0012405	PATO:0002052
GO:0061626	ZFA:0005003	ZP:0012406	PATO:0002302
GO:0016477	ZFA:0001106	ZP:0012411	PATO:0000303
GO:0009953	ZFA:0000152	ZP:0012415	PATO:0001236
GO:0060384	ZFA:0000445	ZP:0012416	PATO:0002302
GO:0003140	ZFA:0000121	ZP:0012420	PATO:0002302
GO:0007368	ZFA:0000213	ZP:0012428	PATO:0001507
GO:0022008	ZFA:0000213	ZP:0012429	PATO:0001236
GO:0007368	ZFA:0000509	ZP:0012430	PATO:0001507
GO:0048066	ZFA:0009091	ZP:0012433	PATO:0001236
GO:0045216	ZFA:0001320	ZP:0012440	PATO:0002302
GO:0055007	ZFA:0001320	ZP:0012441	PATO:0001236
GO:0002011	ZFA:0001724	ZP:0012445	PATO:0002302
GO:0021923	ZFA:0000029	ZP:0012450	PATO:0002052
GO:0022008	ZFA:0000029	ZP:0012451	PATO:0000694
GO:0030432	ZFA:0000706	ZP:0012456	PATO:0002052
GO:0007219	ZFA:0005124	ZP:0012461	PATO:0001236
GO:0001764	ZFA:0005731	ZP:0012483	PATO:0002472
GO:0048870	ZFA:0000132	ZP:0012488	PATO:0001236
GO:0051301	ZFA:0001135	ZP:0012490	PATO:0001529
GO:0008078	ZFA:0000060	ZP:0012493	PATO:0001236
GO:0071679	ZFA:0000059	ZP:0012512	PATO:0002302
GO:2001266	ZFA:0000109	ZP:0012514	PATO:0002304
GO:0071679	ZFA:0001108	ZP:0012517	PATO:0002302
GO:0034332	ZFA:0001106	ZP:0012518	PATO:0001236
GO:0045176	ZFA:0001106	ZP:0012519	PATO:0002052
GO:0010631	ZFA:0001106	ZP:0012521	PATO:0001236
GO:0007368	ZFA:0000213	ZP:0012547	PATO:0001236
GO:0006915	ZFA:0001306	ZP:0012550	PATO:0002304
GO:0048675	ZFA:0009052	ZP:0012560	PATO:0001236
GO:0035462	ZFA:0000213	ZP:0012582	PATO:0001236
GO:0022011	ZFA:0000175	ZP:0012584	PATO:0002302
GO:0001525	ZFA:0005024	ZP:0012587	PATO:0001236
GO:0008283	ZFA:0009033	ZP:0012594	PATO:0002302
GO:0055005	ZFA:0005062	ZP:0012597	PATO:0002302
GO:0045214	ZFA:0009316	ZP:0012609	PATO:0001507
GO:0030282	ZFA:0000126	ZP:0012616	PATO:0002052
GO:0030282	ZFA:0000250	ZP:0012618	PATO:0002052
GO:0030282	ZFA:0000578	ZP:0012619	PATO:0002052
GO:0030282	ZFA:0000737	ZP:0012620	PATO:0002052
GO:0003002	ZFA:0000050	ZP:0012628	PATO:0002302
GO:0006915	ZFA:0000050	ZP:0012629	PATO:0002051
GO:0048813	ZFA:0009149	ZP:0012647	PATO:0001236
GO:0042552	ZFA:0000075	ZP:0012667	PATO:0002302
GO:0008219	ZFA:0000094	ZP:0012674	PATO:0002304
GO:0008219	ZFA:0009324	ZP:0012678	PATO:0002304
GO:0030432	ZFA:0000112	ZP:0012685	PATO:0002302
GO:0006915	ZFA:0000029	ZP:0012688	PATO:0002051
GO:0006915	ZFA:0009041	ZP:0012695	PATO:0002051
GO:0008283	ZFA:0001180	ZP:0012696	PATO:0002051
GO:0008283	ZFA:0001185	ZP:0012697	PATO:0002051
GO:0070509	ZFA:0009367	ZP:0012716	PATO:0015003
GO:0035889	ZFA:0000676	ZP:0012718	PATO:0000297
GO:0032475	ZFA:0000051	ZP:0012720	PATO:0000502
GO:0035889	ZFA:0000051	ZP:0012721	PATO:0000502
GO:0003351	ZFA:0000151	ZP:0012728	PATO:0000297
GO:0001755	ZFA:0001194	ZP:0012747	PATO:0001236
GO:0001755	ZFA:0001612	ZP:0012751	PATO:0001236
GO:0008219	ZFA:0000141	ZP:0012753	PATO:0002051
GO:0008283	ZFA:0000141	ZP:0012754	PATO:0002052
GO:0048514	ZFA:0005024	ZP:0012763	PATO:0001236
GO:0009952	ZFA:0000133	ZP:0012772	PATO:0001236
GO:1902414	ZFA:0001106	ZP:0012778	PATO:0000057
GO:0061437	ZFA:0001557	ZP:0012785	PATO:0001236
GO:0039014	ZFA:0001620	ZP:0012810	PATO:0001236
GO:0039014	ZFA:0001621	ZP:0012811	PATO:0001236
GO:0006915	ZFA:0000008	ZP:0012908	PATO:0000057
GO:0006915	ZFA:0000107	ZP:0012909	PATO:0000057
GO:0031290	ZFA:0009310	ZP:0012910	PATO:0000057
GO:0014032	ZFA:0001115	ZP:0013012	PATO:0000461
GO:0007030	ZFA:0009262	ZP:0013105	PATO:0001236
GO:0045214	ZFA:0007049	ZP:0013128	PATO:0001236
GO:0045214	ZFA:0007051	ZP:0013132	PATO:0001236
GO:0060113	ZFA:0000051	ZP:0013146	PATO:0001236
GO:0001755	ZFA:0001135	ZP:0013192	PATO:0002323
GO:0036032	ZFA:0001135	ZP:0013193	PATO:0002323
GO:0001755	ZFA:0001273	ZP:0013194	PATO:0001236
GO:0006915	ZFA:0009165	ZP:0013229	PATO:0000057
GO:0032922	ZFA:0000019	ZP:0013260	PATO:0001236
GO:0006915	ZFA:0005041	ZP:0013264	PATO:0000161
GO:0021923	ZFA:0000029	ZP:0013326	PATO:0000057
GO:0006974	ZFA:0000008	ZP:0013371	PATO:0000057
GO:0045214	ZFA:0005061	ZP:0013395	PATO:0001236
GO:0007224	ZFA:0000118	ZP:0013424	PATO:0001236
GO:0006915	ZFA:0001282	ZP:0013429	PATO:0000057
GO:0060128	ZFA:0001282	ZP:0013430	PATO:0000057
GO:0045198	ZFA:0000001	ZP:0013494	PATO:0001236
GO:0000278	ZFA:0009141	ZP:0013550	PATO:0001236
GO:0001570	ZFA:0001115	ZP:0013570	PATO:0001236
GO:0006915	ZFA:0001405	ZP:0013576	PATO:0000057
GO:0006915	ZFA:0001306	ZP:0013581	PATO:0000057
GO:0010842	ZFA:0000107	ZP:0013680	PATO:0000057
GO:0031173	ZFA:0000530	ZP:0013700	PATO:0015002
GO:0035889	ZFA:0000530	ZP:0013701	PATO:0001236
GO:0031173	ZFA:0000676	ZP:0013702	PATO:0015002
GO:0035889	ZFA:0000051	ZP:0013707	PATO:0001236
GO:0021522	ZFA:0000075	ZP:0013712	PATO:0001236
GO:0022008	ZFA:0001295	ZP:0013724	PATO:0000057
GO:0022008	ZFA:0001300	ZP:0013725	PATO:0000057
GO:0072659	ZFA:0001106	ZP:0013730	PATO:0000057
GO:0007219	ZFA:0005024	ZP:0013796	PATO:0001236
GO:0008015	ZFA:0005309	ZP:0013825	PATO:0000467
GO:0008219	ZFA:0000152	ZP:0013837	PATO:0000161
GO:0016477	ZFA:0000509	ZP:0013857	PATO:0001236
GO:0001755	ZFA:0001306	ZP:0013866	PATO:0001236
GO:0001837	ZFA:0001345	ZP:0013878	PATO:0002052
GO:0009887	ZFA:0001345	ZP:0013879	PATO:0001236
GO:0006897	ZFA:0005124	ZP:0013889	PATO:0002052
GO:0006897	ZFA:0005124	ZP:0013894	PATO:0001236
GO:0007219	ZFA:0005124	ZP:0013895	PATO:0002302
GO:0060384	ZFA:0000112	ZP:0013899	PATO:0001507
GO:0030282	ZFA:0000737	ZP:0013902	PATO:0002051
GO:0030282	ZFA:0001559	ZP:0013903	PATO:0002051
GO:0006915	ZFA:0000017	ZP:0013909	PATO:0002051
GO:0007416	ZFA:0001480	ZP:0013926	PATO:0002302
GO:0007416	ZFA:0009052	ZP:0013927	PATO:0002302
GO:0008283	ZFA:0001326	ZP:0013936	PATO:0002052
GO:0002040	ZFA:0005035	ZP:0013993	PATO:0002051
GO:0008283	ZFA:0001315	ZP:0014006	PATO:0002302
GO:0008015	ZFA:0000180	ZP:0014015	PATO:0002302
GO:0002062	ZFA:0001399	ZP:0014016	PATO:0001236
GO:0002062	ZFA:0001400	ZP:0014017	PATO:0001236
GO:0002062	ZFA:0001424	ZP:0014018	PATO:0001236
GO:0000278	ZFA:0001306	ZP:0014022	PATO:0000297
GO:0008283	ZFA:0001306	ZP:0014023	PATO:0002302
GO:0002040	ZFA:0005046	ZP:0014025	PATO:0002302
GO:0001568	ZFA:0005035	ZP:0014028	PATO:0001236
GO:0001525	ZFA:0001269	ZP:0014031	PATO:0002302
GO:0001568	ZFA:0001286	ZP:0014032	PATO:0001236
GO:0009826	ZFA:0001285	ZP:0014036	PATO:0001236
GO:0008283	ZFA:0000393	ZP:0014281	PATO:0002052
GO:0031102	ZFA:0000219	ZP:0014403	PATO:0002302
GO:0031102	ZFA:0000543	ZP:0014404	PATO:0002302
GO:0031102	ZFA:0000593	ZP:0014405	PATO:0002302
GO:0031102	ZFA:0000984	ZP:0014406	PATO:0002302
GO:0008283	ZFA:0000152	ZP:0014441	PATO:0002052
GO:0031099	ZFA:0000075	ZP:0014461	PATO:0002302
GO:0008283	ZFA:0001269	ZP:0014468	PATO:0002302
GO:0008283	ZFA:0005147	ZP:0014469	PATO:0002302
GO:0022008	ZFA:0005147	ZP:0014470	PATO:0002302
GO:0036268	ZFA:0001094	ZP:0014475	PATO:0002052
GO:0048677	ZFA:0000075	ZP:0014476	PATO:0002052
GO:0030097	ZFA:0005028	ZP:0014486	PATO:0002304
GO:0032922	ZFA:0000019	ZP:0014489	PATO:0002302
GO:0008283	ZFA:0001270	ZP:0014490	PATO:0002302
GO:0071679	ZFA:0000059	ZP:0014507	PATO:0001236
GO:0071679	ZFA:0001108	ZP:0014508	PATO:0001236
GO:2001266	ZFA:0000109	ZP:0014509	PATO:0001236
GO:0016079	ZFA:0009052	ZP:0014514	PATO:0000912
GO:0048488	ZFA:0009052	ZP:0014516	PATO:0000912
GO:0048675	ZFA:0009244	ZP:0014517	PATO:0002304
GO:0048675	ZFA:0009247	ZP:0014518	PATO:0002304
GO:0006915	ZFA:0001558	ZP:0014540	PATO:0002304
GO:0008283	ZFA:0001558	ZP:0014541	PATO:0002304
GO:0061669	ZFA:0009318	ZP:0014553	PATO:0002051
GO:0061670	ZFA:0009318	ZP:0014554	PATO:0000057
GO:0030282	ZFA:0000277	ZP:0014581	PATO:0001236
GO:0030282	ZFA:0005147	ZP:0014582	PATO:0002302
GO:0045453	ZFA:0005147	ZP:0014583	PATO:0002304
GO:0070654	ZFA:0000152	ZP:0014589	PATO:0002051
GO:0070654	ZFA:0000152	ZP:0014590	PATO:0002052
GO:0072089	ZFA:0000152	ZP:0014591	PATO:0002052
GO:0060972	ZFA:0000112	ZP:0014604	PATO:0001236
GO:0036321	ZFA:0000008	ZP:0014609	PATO:0000057
GO:0036321	ZFA:0000339	ZP:0014610	PATO:0000057
GO:0036321	ZFA:0000339	ZP:0014611	PATO:0002051
GO:0060012	ZFA:0009052	ZP:0014614	PATO:0000044
GO:0045197	ZFA:0000051	ZP:0014617	PATO:0001236
GO:0030182	ZFA:0009361	ZP:0014623	PATO:0000297
GO:0090504	ZFA:0000086	ZP:0014642	PATO:0001333
GO:0090504	ZFA:0000088	ZP:0014643	PATO:0001333
GO:0090504	ZFA:0000711	ZP:0014644	PATO:0000297
GO:0090504	ZFA:0000711	ZP:0014645	PATO:0001333
GO:0060047	ZFA:0000009	ZP:0014660	PATO:0002302
GO:0012501	ZFA:0009218	ZP:0014666	PATO:0002304
GO:0008283	ZFA:0000123	ZP:0014677	PATO:0002304
GO:0008283	ZFA:0009280	ZP:0014685	PATO:0002304
GO:0006915	ZFA:0000008	ZP:0014694	PATO:0002302
GO:0006915	ZFA:0000075	ZP:0014695	PATO:0002302
GO:0031099	ZFA:0000435	ZP:0014696	PATO:0002304
GO:0031103	ZFA:0009310	ZP:0014697	PATO:0000911
GO:0031103	ZFA:0009310	ZP:0014698	PATO:0000912
GO:0031103	ZFA:0009310	ZP:0014699	PATO:0002302
GO:0031103	ZFA:0009310	ZP:0014700	PATO:0002304
GO:0048677	ZFA:0009310	ZP:0014701	PATO:0002302
GO:0048677	ZFA:0009310	ZP:0014702	PATO:0002304
GO:0031103	ZFA:0000219	ZP:0014703	PATO:0001236
GO:0031103	ZFA:0000219	ZP:0014704	PATO:0001507
GO:0031103	ZFA:0000815	ZP:0014705	PATO:0001236
GO:0031103	ZFA:0000815	ZP:0014706	PATO:0001507
GO:0006915	ZFA:0000119	ZP:0014714	PATO:0002304
GO:0006915	ZFA:0009310	ZP:0014715	PATO:0002304
GO:0006915	ZFA:0001094	ZP:0014716	PATO:0002302
GO:0008283	ZFA:0001094	ZP:0014717	PATO:0002302
GO:0008283	ZFA:0009031	ZP:0014730	PATO:0002051
GO:0043697	ZFA:0009031	ZP:0014731	PATO:0002051
GO:1990523	ZFA:0001418	ZP:0014732	PATO:0002304
GO:0051216	ZFA:0001458	ZP:0014735	PATO:0000502
GO:0030282	ZFA:0000135	ZP:0014742	PATO:0000049
GO:0030432	ZFA:0000112	ZP:0014749	PATO:0000381
GO:0030432	ZFA:0000112	ZP:0014751	PATO:0000380
GO:0006915	ZFA:0000035	ZP:0014752	PATO:0002304
GO:0008283	ZFA:0000152	ZP:0014753	PATO:0002304
GO:0006915	ZFA:0000050	ZP:0014754	PATO:0002304
GO:0008283	ZFA:0000050	ZP:0014755	PATO:0002304
GO:0042552	ZFA:0000435	ZP:0014762	PATO:0002302
GO:0008283	ZFA:0000445	ZP:0014773	PATO:0002302
GO:0008283	ZFA:0000445	ZP:0014774	PATO:0002304
GO:0008283	ZFA:0000029	ZP:0014775	PATO:0002304
GO:0022008	ZFA:0000029	ZP:0014776	PATO:0002302
GO:0050910	ZFA:0009367	ZP:0014777	PATO:0002302
GO:0090601	ZFA:0000035	ZP:0014780	PATO:0001236
GO:0006915	ZFA:0001115	ZP:0014782	PATO:0001236
GO:0031099	ZFA:0000152	ZP:0014787	PATO:0001236
GO:0021520	ZFA:0009244	ZP:0014795	PATO:0002052
GO:0021521	ZFA:0005240	ZP:0014796	PATO:0002051
GO:0021521	ZFA:0009244	ZP:0014797	PATO:0002051
GO:0048675	ZFA:0009244	ZP:0014798	PATO:0000057
GO:0048675	ZFA:0009244	ZP:0014799	PATO:0002052
GO:0048675	ZFA:0009247	ZP:0014802	PATO:0002052
GO:0008283	ZFA:0009280	ZP:0014811	PATO:0002302
GO:0042246	ZFA:0000152	ZP:0014812	PATO:0001236
GO:0009611	ZFA:0009327	ZP:0014825	PATO:0001236
GO:0051301	ZFA:0009076	ZP:0014826	PATO:0002302
GO:0006915	ZFA:0000032	ZP:0014828	PATO:0002304
GO:0008219	ZFA:0000152	ZP:0014831	PATO:0002304
GO:0051301	ZFA:0000119	ZP:0014835	PATO:0002304
GO:0051301	ZFA:0001289	ZP:0014836	PATO:0002304
GO:0051301	ZFA:0001464	ZP:0014837	PATO:0002304
GO:0008283	ZFA:0000024	ZP:0014840	PATO:0002051
GO:0008283	ZFA:0000152	ZP:0014841	PATO:0002302
GO:0043932	ZFA:0000277	ZP:0014843	PATO:0001236
GO:0043932	ZFA:0000277	ZP:0014844	PATO:0002302
GO:0045453	ZFA:0000277	ZP:0014845	PATO:0001236
GO:0045453	ZFA:0000277	ZP:0014846	PATO:0002304
GO:0046849	ZFA:0000277	ZP:0014847	PATO:0001236
GO:0090504	ZFA:0000086	ZP:0014867	PATO:0000502
GO:0090504	ZFA:0000711	ZP:0014868	PATO:0000502
GO:0022010	ZFA:0000075	ZP:0014885	PATO:0001236
GO:0060384	ZFA:0000445	ZP:0014904	PATO:0001236
GO:0060384	ZFA:0000445	ZP:0014906	PATO:0000502
GO:0008219	ZFA:0000243	ZP:0014913	PATO:0002051
GO:0008283	ZFA:0000243	ZP:0014914	PATO:0002052
GO:0060047	ZFA:0000009	ZP:0014923	PATO:0001236
GO:0008283	ZFA:0009003	ZP:0014926	PATO:0002302
GO:0060218	ZFA:0005028	ZP:0014944	PATO:0001236
GO:0022008	ZFA:0000213	ZP:0014951	PATO:0000502
GO:0002042	ZFA:0001285	ZP:0015061	PATO:0002304
GO:0008283	ZFA:0001285	ZP:0015062	PATO:0002304
GO:0006915	ZFA:0009316	ZP:0015066	PATO:0002304
GO:0008219	ZFA:0009316	ZP:0015067	PATO:0002304
GO:0008283	ZFA:0009316	ZP:0015068	PATO:0002304
GO:0051301	ZFA:0001157	ZP:0015078	PATO:0002302
GO:0034334	ZFA:0001157	ZP:0015084	PATO:0002302
GO:0002040	ZFA:0001285	ZP:0015124	PATO:0000502
GO:0044458	ZFA:0000001	ZP:0015128	PATO:0001236
GO:0017014	ZFA:0009309	ZP:0015134	PATO:0002304
GO:0006915	ZFA:0009327	ZP:0015136	PATO:0002304
GO:0043697	ZFA:0009280	ZP:0015182	PATO:0002052
GO:0008015	ZFA:0001117	ZP:0015190	PATO:0000467
GO:0001503	ZFA:0001269	ZP:0015212	PATO:0002302
GO:0008283	ZFA:0001270	ZP:0015213	PATO:0002304
GO:0008283	ZFA:0009365	ZP:0015267	PATO:0002304
GO:0008283	ZFA:0000112	ZP:0015273	PATO:0000057
GO:0008283	ZFA:0000123	ZP:0015274	PATO:0000057
GO:0022027	ZFA:0009280	ZP:0015289	PATO:0002051
GO:0008283	ZFA:0000119	ZP:0015291	PATO:0002302
GO:0008283	ZFA:0001464	ZP:0015292	PATO:0002302
GO:0009617	ZFA:0009327	ZP:0015311	PATO:0001236
GO:0007411	ZFA:0000175	ZP:0015419	PATO:0001236
GO:0031103	ZFA:0000175	ZP:0015420	PATO:0000502
GO:0031103	ZFA:0000175	ZP:0015421	PATO:0001236
GO:0001764	ZFA:0000152	ZP:0015424	PATO:0002052
GO:0001568	ZFA:0001052	ZP:0015470	PATO:0000297
GO:0008283	ZFA:0009303	ZP:0015471	PATO:0000911
GO:0001568	ZFA:0001285	ZP:0015472	PATO:0000057
GO:0001568	ZFA:0001285	ZP:0015473	PATO:0000297
GO:0006915	ZFA:0000019	ZP:0015517	PATO:0002304
GO:0006915	ZFA:0001679	ZP:0015518	PATO:0002304
GO:0006909	ZFA:0009141	ZP:0015579	PATO:0000297
GO:0006909	ZFA:0009141	ZP:0015580	PATO:0000502
GO:0006911	ZFA:0009141	ZP:0015581	PATO:0000502
GO:1990523	ZFA:0000514	ZP:0015583	PATO:0002304
GO:0042246	ZFA:0005408	ZP:0015603	PATO:0001236
GO:0042246	ZFA:0005408	ZP:0015604	PATO:0002302
GO:0022011	ZFA:0000944	ZP:0015650	PATO:0002052
GO:0022011	ZFA:0000944	ZP:0015652	PATO:0000057
GO:0030509	ZFA:0001306	ZP:0015663	PATO:0002302
GO:0006915	ZFA:0009053	ZP:0015712	PATO:0002304
GO:0031099	ZFA:0009091	ZP:0015715	PATO:0002302
GO:0019915	ZFA:0000208	ZP:0015718	PATO:0001236
GO:0002248	ZFA:0000123	ZP:0015719	PATO:0001236
GO:0048771	ZFA:0000123	ZP:0015720	PATO:0001236
GO:0008283	ZFA:0000141	ZP:0015812	PATO:0000381
GO:0008283	ZFA:0000119	ZP:0015855	PATO:0000502
GO:0031099	ZFA:0009127	ZP:0015856	PATO:0001236
GO:0008283	ZFA:0001464	ZP:0015902	PATO:0002304
GO:0060070	ZFA:0001418	ZP:0015910	PATO:0002304
GO:0045198	ZFA:0000151	ZP:0015941	PATO:0002052
GO:0001946	ZFA:0005110	ZP:0015982	PATO:0001507
GO:0002040	ZFA:0005025	ZP:0015984	PATO:0001507
GO:0006915	ZFA:0001418	ZP:0015999	PATO:0000057
GO:0048675	ZFA:0009052	ZP:0016305	PATO:0002304
GO:0008283	ZFA:0009111	ZP:0016310	PATO:0002304
GO:0006915	ZFA:0009016	ZP:0016488	PATO:0000057
GO:0006915	ZFA:0009221	ZP:0016505	PATO:0002304
GO:0008219	ZFA:0000144	ZP:0016520	PATO:0002304
GO:0030282	ZFA:0000135	ZP:0016521	PATO:0000395
GO:0022402	ZFA:0000152	ZP:0016523	PATO:0000499
GO:0006874	ZFA:0009367	ZP:0016536	PATO:0001507
GO:0008219	ZFA:0009367	ZP:0016537	PATO:0002051
GO:0008283	ZFA:0009102	ZP:0016632	PATO:0002051
GO:0060348	ZFA:0001559	ZP:0016649	PATO:0000690
GO:0060348	ZFA:0001559	ZP:0016650	PATO:0001507
GO:0051646	ZFA:0009248	ZP:0016664	PATO:0001236
GO:0042246	ZFA:0000140	ZP:0016678	PATO:0002304
GO:0031099	ZFA:0009102	ZP:0016679	PATO:0002304
GO:0060038	ZFA:0005060	ZP:0016726	PATO:0000057
GO:0060038	ZFA:0005062	ZP:0016727	PATO:0002052
GO:0008283	ZFA:0001249	ZP:0016744	PATO:0001236
GO:0016477	ZFA:0001249	ZP:0016745	PATO:0001507
GO:0001525	ZFA:0001285	ZP:0016747	PATO:0000502
GO:0001525	ZFA:0005025	ZP:0016748	PATO:0000502
GO:0002040	ZFA:0001285	ZP:0016759	PATO:0002304
GO:0002248	ZFA:0000123	ZP:0016763	PATO:0002304
GO:0006915	ZFA:0000123	ZP:0016766	PATO:0002051
GO:0060012	ZFA:0009052	ZP:0016771	PATO:0000381
GO:0006915	ZFA:0009111	ZP:0016780	PATO:0002304
GO:0016477	ZFA:0001678	ZP:0016783	PATO:0001507
GO:0031099	ZFA:0009367	ZP:0016785	PATO:0002052
GO:0030282	ZFA:0001189	ZP:0016789	PATO:0000502
GO:0006915	ZFA:0000050	ZP:0016848	PATO:0000057
GO:0014866	ZFA:0009117	ZP:0016862	PATO:0001236
GO:0014866	ZFA:0009116	ZP:0016864	PATO:0001236
GO:0031269	ZFA:0009327	ZP:0016871	PATO:0000911
GO:0034461	ZFA:0009327	ZP:0016872	PATO:0000911
GO:0031268	ZFA:0009327	ZP:0016873	PATO:0002302
GO:0022008	ZFA:0000051	ZP:0016883	PATO:0001236
GO:0022008	ZFA:0000588	ZP:0016884	PATO:0001236
GO:0022008	ZFA:0001291	ZP:0016885	PATO:0001236
GO:0022008	ZFA:0001391	ZP:0016886	PATO:0001236
GO:0022008	ZFA:0001301	ZP:0016887	PATO:0001236
GO:0022008	ZFA:0007067	ZP:0016888	PATO:0001236
GO:0008345	ZFA:0001094	ZP:0016902	PATO:0000304
GO:0008283	ZFA:0000155	ZP:0016905	PATO:0002302
GO:0032291	ZFA:0005266	ZP:0016914	PATO:0001236
GO:0001764	ZFA:0005731	ZP:0016918	PATO:0000297
GO:0001764	ZFA:0005731	ZP:0016919	PATO:0002052
GO:0006915	ZFA:0009324	ZP:0016940	PATO:0002302
GO:0006915	ZFA:0009316	ZP:0016956	PATO:0000161
GO:0002040	ZFA:0005034	ZP:0016961	PATO:0000694
GO:0008219	ZFA:0001555	ZP:0016969	PATO:0002304
GO:0051301	ZFA:0009169	ZP:0016981	PATO:0001236
GO:0001570	ZFA:0001271	ZP:0016994	PATO:0000057
GO:0006915	ZFA:0000368	ZP:0016995	PATO:0002302
GO:0008283	ZFA:0000368	ZP:0016996	PATO:0002304
GO:0051276	ZFA:0000368	ZP:0017004	PATO:0001236
GO:0008283	ZFA:0000119	ZP:0017005	PATO:0002304
GO:0008015	ZFA:0001114	ZP:0017023	PATO:0000462
GO:0008015	ZFA:0001115	ZP:0017024	PATO:0000462
GO:1902414	ZFA:0001106	ZP:0017029	PATO:0002052
GO:0008219	ZFA:0009091	ZP:0017032	PATO:0002302
GO:0051301	ZFA:0009091	ZP:0017033	PATO:0002304
GO:0007368	ZFA:0001360	ZP:0017035	PATO:0001507
GO:0031018	ZFA:0005756	ZP:0017056	PATO:0000694
GO:0055005	ZFA:0005060	ZP:0017058	PATO:0002302
GO:0006915	ZFA:0000123	ZP:0017067	PATO:0001236
GO:0051301	ZFA:0001135	ZP:0017073	PATO:0000297
GO:0034440	ZFA:0000477	ZP:0017074	PATO:0002051
GO:0030264	ZFA:0001286	ZP:0017076	PATO:0002304
GO:0006915	ZFA:0001557	ZP:0017078	PATO:0002304
GO:0008283	ZFA:0001557	ZP:0017079	PATO:0002302
GO:0007219	ZFA:0001639	ZP:0017081	PATO:0002051
GO:0097101	ZFA:0000014	ZP:0017082	PATO:0001236
GO:0001946	ZFA:0005110	ZP:0017098	PATO:0002304
GO:0003015	ZFA:0000114	ZP:0017101	PATO:0001236
GO:0009611	ZFA:0009141	ZP:0017107	PATO:0001236
GO:0035889	ZFA:0000051	ZP:0017109	PATO:0000297
GO:0070509	ZFA:0009053	ZP:0017121	PATO:0001236
GO:0008283	ZFA:0009102	ZP:0017129	PATO:0002304
GO:0030182	ZFA:0000051	ZP:0017197	PATO:0001236
GO:0030010	ZFA:0001338	ZP:0017212	PATO:0001507
GO:0031103	ZFA:0001269	ZP:0017213	PATO:0001507
GO:0008283	ZFA:0001270	ZP:0017220	PATO:0002052
GO:0008589	ZFA:0000141	ZP:0017224	PATO:0001236
GO:0035118	ZFA:0000085	ZP:0017225	PATO:0002302
GO:0035118	ZFA:0005316	ZP:0017227	PATO:0002302
GO:0019228	ZFA:0000445	ZP:0017229	PATO:0000044
GO:0019228	ZFA:0000445	ZP:0017230	PATO:0000078
GO:0034605	ZFA:0000445	ZP:0017231	PATO:0001236
GO:0098908	ZFA:0000445	ZP:0017232	PATO:0001236
GO:0001501	ZFA:0001114	ZP:0017244	PATO:0000297
GO:0043473	ZFA:0000107	ZP:0017250	PATO:0000462
GO:0008219	ZFA:0000024	ZP:0017303	PATO:0002051
GO:0008219	ZFA:0000119	ZP:0017309	PATO:0002051
GO:0008219	ZFA:0000143	ZP:0017310	PATO:0002051
GO:0035778	ZFA:0000151	ZP:0017410	PATO:0001236
GO:0045198	ZFA:0001558	ZP:0017411	PATO:0002052
GO:0006897	ZFA:0001620	ZP:0017413	PATO:0002052
GO:0006915	ZFA:0001620	ZP:0017418	PATO:0002051
GO:0070293	ZFA:0000151	ZP:0017424	PATO:0002302
GO:0035089	ZFA:0009154	ZP:0017430	PATO:0002302
GO:0006897	ZFA:0000151	ZP:0017435	PATO:0002302
GO:0032456	ZFA:0000151	ZP:0017436	PATO:0001236
GO:0070293	ZFA:0000151	ZP:0017440	PATO:0001236
GO:0006915	ZFA:0009399	ZP:0017463	PATO:0002304
GO:0019722	ZFA:0000117	ZP:0017464	PATO:0001236
GO:0003341	ZFA:0000001	ZP:0017465	PATO:0002302
GO:0008283	ZFA:0009354	ZP:0017468	PATO:0002302
GO:0007520	ZFA:0009117	ZP:0017485	PATO:0000297
GO:0019226	ZFA:0000445	ZP:0017495	PATO:0001236
GO:0003382	ZFA:0001180	ZP:0017511	PATO:0002302
GO:0048699	ZFA:0000075	ZP:0017513	PATO:0001236
GO:0050673	ZFA:0000040	ZP:0017515	PATO:0002052
GO:0060070	ZFA:0001180	ZP:0017517	PATO:0002304
GO:0043277	ZFA:0009073	ZP:0017524	PATO:0001236
GO:0050673	ZFA:0000040	ZP:0017526	PATO:0002051
GO:0060070	ZFA:0001180	ZP:0017527	PATO:0002302
GO:0019722	ZFA:0000008	ZP:0017529	PATO:0001236
GO:0009611	ZFA:0009073	ZP:0017530	PATO:0001236
GO:0007219	ZFA:0000505	ZP:0017539	PATO:0002302
GO:0022008	ZFA:0000505	ZP:0017540	PATO:0002051
GO:0048812	ZFA:0000505	ZP:0017542	PATO:0002052
GO:0007219	ZFA:0001083	ZP:0017545	PATO:0002302
GO:0007219	ZFA:0000255	ZP:0017546	PATO:0002302
GO:0008543	ZFA:0000255	ZP:0017547	PATO:0002302
GO:0002040	ZFA:0001286	ZP:0017550	PATO:0001236
GO:0008356	ZFA:0009310	ZP:0017554	PATO:0001236
GO:0008283	ZFA:0005759	ZP:0017562	PATO:0002304
GO:0030199	ZFA:0005759	ZP:0017563	PATO:0001236
GO:0008283	ZFA:0009082	ZP:0017564	PATO:0002304
GO:0008283	ZFA:0005759	ZP:0017572	PATO:0001236
GO:0007219	ZFA:0000031	ZP:0017573	PATO:0002302
GO:0001958	ZFA:0001205	ZP:0017589	PATO:0000694
GO:0031099	ZFA:0009091	ZP:0017593	PATO:0000297
GO:0031099	ZFA:0009091	ZP:0017594	PATO:0015003
GO:0051216	ZFA:0001227	ZP:0017596	PATO:0001507
GO:0008283	ZFA:0000119	ZP:0017599	PATO:0000057
GO:0007259	ZFA:0009280	ZP:0017600	PATO:0002051
GO:0043542	ZFA:0001286	ZP:0017601	PATO:0002302
GO:0006915	ZFA:0000152	ZP:0017611	PATO:0000057
GO:0006915	ZFA:0000035	ZP:0017612	PATO:0001236
GO:0022008	ZFA:0000032	ZP:0017613	PATO:0000694
GO:0022008	ZFA:0000032	ZP:0017614	PATO:0002304
GO:0022008	ZFA:0001215	ZP:0017615	PATO:0001236
GO:0022008	ZFA:0000032	ZP:0017616	PATO:0002302
GO:0022008	ZFA:0000032	ZP:0017617	PATO:0001236
GO:0006915	ZFA:0000107	ZP:0017636	PATO:0002051
GO:0007049	ZFA:0000107	ZP:0017637	PATO:0000502
GO:0007416	ZFA:0009149	ZP:0017643	PATO:0001236
GO:0014044	ZFA:0000944	ZP:0017649	PATO:0002302
GO:0048932	ZFA:0000944	ZP:0017650	PATO:0000297
GO:0048932	ZFA:0000944	ZP:0017651	PATO:0002052
GO:0030182	ZFA:0000152	ZP:0017658	PATO:0002051
GO:0048932	ZFA:0000944	ZP:0017660	PATO:0000057
GO:0030182	ZFA:0000119	ZP:0017662	PATO:0002051
GO:0006915	ZFA:0009280	ZP:0017664	PATO:0002051
GO:0032290	ZFA:0000944	ZP:0017666	PATO:0002302
GO:0032292	ZFA:0000944	ZP:0017667	PATO:0000297
GO:0014044	ZFA:0000944	ZP:0017668	PATO:0001236
GO:0032292	ZFA:0000944	ZP:0017669	PATO:0001236
GO:0006915	ZFA:0000114	ZP:0017686	PATO:0002304
GO:0008283	ZFA:0000114	ZP:0017687	PATO:0002302
GO:0008283	ZFA:0001161	ZP:0017689	PATO:0002302
GO:0045214	ZFA:0000009	ZP:0017690	PATO:0002302
GO:0019226	ZFA:0000008	ZP:0017707	PATO:0001236
GO:0006915	ZFA:0000109	ZP:0017718	PATO:0002304
GO:0008219	ZFA:0000008	ZP:0017719	PATO:0002304
GO:0008219	ZFA:0000107	ZP:0017720	PATO:0002304
GO:0008283	ZFA:0000123	ZP:0017721	PATO:0000911
GO:0007219	ZFA:0000051	ZP:0017732	PATO:0002304
GO:0008543	ZFA:0000051	ZP:0017733	PATO:0002304
GO:0014018	ZFA:0000051	ZP:0017734	PATO:0002052
GO:0022008	ZFA:0000051	ZP:0017735	PATO:0002052
GO:0035315	ZFA:0000051	ZP:0017736	PATO:0000057
GO:0030182	ZFA:0000588	ZP:0017739	PATO:0000911
GO:0008283	ZFA:0001114	ZP:0017749	PATO:0001236
GO:0001944	ZFA:0001285	ZP:0017751	PATO:0000502
GO:0035265	ZFA:0000123	ZP:0017752	PATO:0002302
GO:0035265	ZFA:0000140	ZP:0017753	PATO:0002302
GO:0002040	ZFA:0005035	ZP:0017764	PATO:0002304
GO:0031103	ZFA:0000435	ZP:0017766	PATO:0001507
GO:0006954	ZFA:0005091	ZP:0017772	PATO:0002304
GO:0006954	ZFA:0005168	ZP:0017773	PATO:0002304
GO:0007219	ZFA:0000051	ZP:0017776	PATO:0002302
GO:0008543	ZFA:0000051	ZP:0017777	PATO:0002302
GO:0014018	ZFA:0000051	ZP:0017778	PATO:0000057
GO:0014018	ZFA:0000051	ZP:0017779	PATO:0002051
GO:0006915	ZFA:0000588	ZP:0017786	PATO:0002051
GO:0001944	ZFA:0000737	ZP:0017792	PATO:0001236
GO:0007405	ZFA:0000588	ZP:0017795	PATO:0000057
GO:0007219	ZFA:0000051	ZP:0017796	PATO:0001236
GO:0008543	ZFA:0000051	ZP:0017797	PATO:0001236
GO:0030182	ZFA:0000588	ZP:0017799	PATO:0000057
GO:0030182	ZFA:0000588	ZP:0017800	PATO:0002051
GO:0060974	ZFA:0009316	ZP:0017804	PATO:0002302
GO:0007405	ZFA:0000588	ZP:0017805	PATO:0002051
GO:0030182	ZFA:0000588	ZP:0017806	PATO:0000502
GO:0006954	ZFA:0000667	ZP:0017808	PATO:0002304
GO:0030182	ZFA:0000588	ZP:0017814	PATO:0002052
GO:0008015	ZFA:0001115	ZP:0017824	PATO:0000297
GO:0048666	ZFA:0001115	ZP:0017832	PATO:0001507
GO:0048666	ZFA:0001117	ZP:0017833	PATO:0001507
GO:0070654	ZFA:0000046	ZP:0017836	PATO:0002052
GO:0070654	ZFA:0000046	ZP:0017839	PATO:0002051
GO:0008283	ZFA:0001306	ZP:0017870	PATO:0000057
GO:0008015	ZFA:0000114	ZP:0017887	PATO:0001236
GO:0008045	ZFA:0000075	ZP:0017892	PATO:0001507
GO:0022008	ZFA:0000029	ZP:0017911	PATO:0001236
GO:0007596	ZFA:0000114	ZP:0017918	PATO:0002304
GO:0072378	ZFA:0000477	ZP:0017919	PATO:0002051
GO:0007411	ZFA:0000109	ZP:0017926	PATO:0001507
GO:0071679	ZFA:0000109	ZP:0017936	PATO:0001236
GO:0072378	ZFA:0000477	ZP:0017946	PATO:0000057
GO:0072378	ZFA:0000477	ZP:0017947	PATO:0000502
GO:0072378	ZFA:0000477	ZP:0017948	PATO:0002325
GO:0003341	ZFA:0000001	ZP:0017954	PATO:0000381
GO:0006915	ZFA:0005028	ZP:0017955	PATO:0001236
GO:0008283	ZFA:0005028	ZP:0017956	PATO:0001236
GO:0007049	ZFA:0000094	ZP:0017961	PATO:0001236
GO:0008283	ZFA:0000094	ZP:0017962	PATO:0002302
GO:0060047	ZFA:0000471	ZP:0017964	PATO:0002302
GO:0008015	ZFA:0005064	ZP:0017967	PATO:0001236
GO:0060012	ZFA:0009149	ZP:0017978	PATO:0001507
GO:0060012	ZFA:0009149	ZP:0017979	PATO:0002052
GO:0008219	ZFA:0000113	ZP:0017981	PATO:0002304
GO:0008219	ZFA:0000131	ZP:0017982	PATO:0002304
GO:0008219	ZFA:0001114	ZP:0017983	PATO:0001236
GO:0008219	ZFA:0001114	ZP:0017984	PATO:0002302
GO:0008219	ZFA:0001115	ZP:0017985	PATO:0002304
GO:0008219	ZFA:0001678	ZP:0017986	PATO:0002304
GO:0031099	ZFA:0000123	ZP:0018000	PATO:0002304
GO:0031099	ZFA:0009111	ZP:0018002	PATO:0002302
GO:0031099	ZFA:0009111	ZP:0018003	PATO:0002304
GO:0031099	ZFA:0009111	ZP:0018008	PATO:0001675
GO:0008283	ZFA:0000008	ZP:0018013	PATO:0002304
GO:0008283	ZFA:0001058	ZP:0018014	PATO:0002304
GO:0048589	ZFA:0001058	ZP:0018020	PATO:0000912
GO:0016477	ZFA:0000711	ZP:0018027	PATO:0000911
GO:0016477	ZFA:0000711	ZP:0018028	PATO:0001236
GO:0006915	ZFA:0000008	ZP:0018040	PATO:0001236
GO:0008283	ZFA:0000032	ZP:0018041	PATO:0002302
GO:0008283	ZFA:0000475	ZP:0018042	PATO:0002302
GO:0007249	ZFA:0001058	ZP:0018043	PATO:0002302
GO:0008283	ZFA:0000077	ZP:0018044	PATO:0002304
GO:0008283	ZFA:0001114	ZP:0018045	PATO:0002304
GO:0001944	ZFA:0001269	ZP:0018065	PATO:0002302
GO:0006915	ZFA:0000243	ZP:0018074	PATO:0002051
GO:0008283	ZFA:0000105	ZP:0018076	PATO:0002304
GO:0008283	ZFA:0000393	ZP:0018077	PATO:0002304
GO:0030182	ZFA:0000008	ZP:0018101	PATO:0002052
GO:0048708	ZFA:0000008	ZP:0018102	PATO:0002051
GO:0061351	ZFA:0000008	ZP:0018103	PATO:0002051
GO:0006915	ZFA:0000100	ZP:0018108	PATO:0002051
GO:0021534	ZFA:0000100	ZP:0018112	PATO:0002052
GO:0006915	ZFA:0009256	ZP:0018119	PATO:0002304
GO:0060348	ZFA:0001189	ZP:0018121	PATO:0002302
GO:0042476	ZFA:0005849	ZP:0018122	PATO:0000161
GO:0042476	ZFA:0005849	ZP:0018126	PATO:0001586
GO:0006915	ZFA:0000100	ZP:0018134	PATO:0000057
GO:0021534	ZFA:0000100	ZP:0018135	PATO:0000057
GO:0007219	ZFA:0000008	ZP:0018137	PATO:0002051
GO:0006915	ZFA:0001157	ZP:0018148	PATO:0002051
GO:0008283	ZFA:0001157	ZP:0018149	PATO:0002052
GO:0030182	ZFA:0000008	ZP:0018173	PATO:0002051
GO:0061351	ZFA:0000008	ZP:0018174	PATO:0002052
GO:0000278	ZFA:0000029	ZP:0018175	PATO:0000499
GO:0010458	ZFA:0000029	ZP:0018182	PATO:0001236
GO:0006915	ZFA:0000473	ZP:0018190	PATO:0000057
GO:0008283	ZFA:0000473	ZP:0018191	PATO:0000057
GO:0030182	ZFA:0000008	ZP:0018196	PATO:0000057
GO:0048708	ZFA:0000008	ZP:0018197	PATO:0000057
GO:0061351	ZFA:0000008	ZP:0018198	PATO:0000057
GO:0008283	ZFA:0000140	ZP:0018201	PATO:0002304
GO:0072554	ZFA:0005024	ZP:0018229	PATO:0002302
GO:0003127	ZFA:0000001	ZP:0018230	PATO:0002052
GO:0072554	ZFA:0000014	ZP:0018231	PATO:0002302
GO:0016055	ZFA:0000200	ZP:0018237	PATO:0002302
GO:0016055	ZFA:0001052	ZP:0018238	PATO:0002302
GO:0002040	ZFA:0001052	ZP:0018239	PATO:0002302
GO:0097102	ZFA:0001052	ZP:0018240	PATO:0002302
GO:0016055	ZFA:0005002	ZP:0018264	PATO:0002302
GO:0048699	ZFA:0000445	ZP:0018269	PATO:0002302
GO:1903047	ZFA:0000445	ZP:0018274	PATO:0002302
GO:0051301	ZFA:0000445	ZP:0018280	PATO:0002302
GO:0032060	ZFA:0009052	ZP:0018295	PATO:0001236
GO:0043534	ZFA:0001269	ZP:0018318	PATO:0001507
GO:0061564	ZFA:0001555	ZP:0018342	PATO:0001236
GO:0097155	ZFA:0007067	ZP:0018343	PATO:0002302
GO:0008219	ZFA:0000109	ZP:0018344	PATO:0002304
GO:0008219	ZFA:0000128	ZP:0018345	PATO:0002304
GO:0000278	ZFA:0000029	ZP:0018346	PATO:0002302
GO:0040007	ZFA:0000140	ZP:0018351	PATO:0001433
GO:0040007	ZFA:0000140	ZP:0018352	PATO:0002304
GO:0001525	ZFA:0005035	ZP:0018353	PATO:0000502
GO:0008283	ZFA:0001000	ZP:0018378	PATO:0000462
GO:0098743	ZFA:0009183	ZP:0018383	PATO:0001997
GO:0008219	ZFA:0000029	ZP:0018384	PATO:0001236
GO:0003140	ZFA:0000121	ZP:0018385	PATO:0001236
GO:0030263	ZFA:0000413	ZP:0018389	PATO:0000467
GO:0030263	ZFA:0009005	ZP:0018391	PATO:0000470
GO:0043534	ZFA:0001269	ZP:0018394	PATO:0001236
GO:0008283	ZFA:0009399	ZP:0018418	PATO:0000912
GO:0031175	ZFA:0000075	ZP:0018446	PATO:0001236
GO:0042552	ZFA:0009073	ZP:0018466	PATO:0001507
GO:0007411	ZFA:0009063	ZP:0018474	PATO:0001236
GO:0008045	ZFA:0000075	ZP:0018479	PATO:0002302
GO:0032222	ZFA:0001056	ZP:0018484	PATO:0002302
GO:0048844	ZFA:0005297	ZP:0018497	PATO:0001236
GO:0043534	ZFA:0005081	ZP:0018504	PATO:0001236
GO:0001568	ZFA:0005005	ZP:0018505	PATO:0001236
GO:0060973	ZFA:0005005	ZP:0018508	PATO:0002052
GO:0043534	ZFA:0001051	ZP:0018511	PATO:0001236
GO:0001568	ZFA:0001051	ZP:0018512	PATO:0001236
GO:0043534	ZFA:0005005	ZP:0018514	PATO:0001236
GO:0001568	ZFA:0005081	ZP:0018515	PATO:0001236
GO:0043534	ZFA:0001051	ZP:0018516	PATO:0002051
GO:0043534	ZFA:0005005	ZP:0018518	PATO:0002302
GO:0022010	ZFA:0000075	ZP:0018530	PATO:0002051
GO:0022010	ZFA:0000075	ZP:0018531	PATO:0002052
GO:0022010	ZFA:0000075	ZP:0018532	PATO:0000694
GO:0032291	ZFA:0000075	ZP:0018533	PATO:0000694
GO:0014003	ZFA:0000075	ZP:0018534	PATO:0002052
GO:0032291	ZFA:0000075	ZP:0018536	PATO:0002052
GO:0006915	ZFA:0009115	ZP:0018544	PATO:0002051
GO:0035845	ZFA:0009262	ZP:0018548	PATO:0002302
GO:0060271	ZFA:0000150	ZP:0018552	PATO:0002052
GO:0006915	ZFA:0005023	ZP:0018562	PATO:0002304
GO:0006915	ZFA:0000094	ZP:0018564	PATO:0002304
GO:0006915	ZFA:0000033	ZP:0018565	PATO:0002304
GO:0048920	ZFA:0001157	ZP:0018580	PATO:0000304
GO:0008015	ZFA:0005024	ZP:0018581	PATO:0002052
GO:0008283	ZFA:0001157	ZP:0018582	PATO:0002051
GO:0006915	ZFA:0009065	ZP:0018588	PATO:0002051
GO:0003351	ZFA:0000150	ZP:0018591	PATO:0002302
GO:0000278	ZFA:0000243	ZP:0018593	PATO:0000912
GO:0021534	ZFA:0000029	ZP:0018601	PATO:0002052
GO:0030182	ZFA:0000029	ZP:0018603	PATO:0002052
GO:0007219	ZFA:0000029	ZP:0018608	PATO:0002051
GO:0006909	ZFA:0009077	ZP:0018619	PATO:0000380
GO:0097529	ZFA:0009141	ZP:0018624	PATO:0002302
GO:0097529	ZFA:0009141	ZP:0018625	PATO:0001236
GO:0007416	ZFA:0001330	ZP:0018630	PATO:0002052
GO:0000278	ZFA:0000152	ZP:0018632	PATO:0002051
GO:0008219	ZFA:0001117	ZP:0018635	PATO:0002051
GO:0000045	ZFA:0009000	ZP:0018638	PATO:0002302
GO:0008219	ZFA:0000105	ZP:0018642	PATO:0002051
GO:0008283	ZFA:0000023	ZP:0018658	PATO:0002052
GO:0021772	ZFA:0009358	ZP:0018669	PATO:0002052
GO:0002318	ZFA:0009325	ZP:0018693	PATO:0002052
GO:0048232	ZFA:0000303	ZP:0018694	PATO:0002051
GO:0036158	ZFA:0000150	ZP:0018721	PATO:0002052
GO:0098990	ZFA:0009149	ZP:0018725	PATO:0000911
GO:0097113	ZFA:0000029	ZP:0018726	PATO:0002052
GO:0098990	ZFA:0009149	ZP:0018727	PATO:0002018
GO:0098990	ZFA:0009149	ZP:0018728	PATO:0000912
GO:0070371	ZFA:0005277	ZP:0018740	PATO:0000057
GO:0033292	ZFA:0009115	ZP:0018746	PATO:0002302
GO:0003341	ZFA:0000151	ZP:0018765	PATO:0002302
GO:0090660	ZFA:0000110	ZP:0018766	PATO:0002302
GO:0008283	ZFA:0000123	ZP:0018784	PATO:0002051
GO:0000084	ZFA:0009356	ZP:0018787	PATO:0000297
GO:0097529	ZFA:0009356	ZP:0018788	PATO:0002052
GO:0071907	ZFA:0000112	ZP:0018792	PATO:0002302
GO:0003146	ZFA:0000360	ZP:0018796	PATO:0002302
GO:0035462	ZFA:0000213	ZP:0018797	PATO:0002302
GO:0001947	ZFA:0000114	ZP:0018799	PATO:0002302
GO:0061371	ZFA:0000115	ZP:0018800	PATO:0002302
GO:0060287	ZFA:0000001	ZP:0018801	PATO:0002302
GO:0042552	ZFA:0009135	ZP:0018832	PATO:0001507
GO:0001508	ZFA:0009367	ZP:0018859	PATO:0002302
GO:0086010	ZFA:0009367	ZP:0018860	PATO:0002302
GO:0008219	ZFA:0009248	ZP:0018862	PATO:0002051
GO:0060271	ZFA:0009127	ZP:0018866	PATO:0001507
GO:0008045	ZFA:0009247	ZP:0018893	PATO:0002302
GO:0008045	ZFA:0009244	ZP:0018894	PATO:0002302
GO:0035914	ZFA:0001056	ZP:0018896	PATO:0001236
GO:0007519	ZFA:0001056	ZP:0018900	PATO:0002302
GO:0071711	ZFA:0000029	ZP:0018910	PATO:0002302
GO:0031290	ZFA:0009310	ZP:0018911	PATO:0002302
GO:0048846	ZFA:0001691	ZP:0018912	PATO:0002302
GO:0071711	ZFA:0000445	ZP:0018913	PATO:0002302
GO:0008283	ZFA:0000033	ZP:0018933	PATO:0002052
GO:0006915	ZFA:0000033	ZP:0018935	PATO:0002051
GO:0008283	ZFA:0001613	ZP:0018941	PATO:0002052
GO:0019835	ZFA:0001094	ZP:0018964	PATO:0002051
GO:0043473	ZFA:0000368	ZP:0018982	PATO:0001507
GO:0043473	ZFA:0009199	ZP:0018984	PATO:0001236
GO:0006915	ZFA:0001109	ZP:0019000	PATO:0000694
GO:0006915	ZFA:0009016	ZP:0019001	PATO:0002051
GO:0060384	ZFA:0000903	ZP:0019014	PATO:0001236
GO:0048846	ZFA:0005175	ZP:0019022	PATO:0002302
GO:0008015	ZFA:0000114	ZP:0019038	PATO:0001507
GO:0006915	ZFA:0001289	ZP:0019051	PATO:0002051
GO:0008219	ZFA:0000445	ZP:0019052	PATO:0002051
GO:0008219	ZFA:0000107	ZP:0019053	PATO:0002051
GO:0008219	ZFA:0000109	ZP:0019054	PATO:0002051
GO:0003309	ZFA:0001369	ZP:0019073	PATO:0001507
GO:0014866	ZFA:0001056	ZP:0019095	PATO:0002302
GO:0006915	ZFA:0005272	ZP:0019103	PATO:0002302
GO:0003351	ZFA:0000001	ZP:0019106	PATO:0002302
GO:0060271	ZFA:0000151	ZP:0019130	PATO:0002302
GO:0045198	ZFA:0000121	ZP:0019186	PATO:0002302
GO:0051489	ZFA:0009398	ZP:0019189	PATO:0001236
GO:0001947	ZFA:0000114	ZP:0019196	PATO:0002052
GO:0006915	ZFA:0000075	ZP:0019197	PATO:0002051
GO:0008283	ZFA:0000075	ZP:0019198	PATO:0002051
GO:0006915	ZFA:0001306	ZP:0019199	PATO:0002051
GO:0008283	ZFA:0000008	ZP:0019200	PATO:0002051
GO:0006915	ZFA:0009168	ZP:0019201	PATO:0002051
GO:0006915	ZFA:0000012	ZP:0019207	PATO:0002051
GO:0060121	ZFA:0000030	ZP:0019218	PATO:0002302
GO:0060121	ZFA:0000166	ZP:0019219	PATO:0002302
GO:0048919	ZFA:0000944	ZP:0019224	PATO:0002302
GO:0035675	ZFA:0000944	ZP:0019225	PATO:0002302
GO:0035469	ZFA:0000140	ZP:0019230	PATO:0002052
GO:0071910	ZFA:0000123	ZP:0019237	PATO:0002052
GO:0003146	ZFA:0000360	ZP:0019239	PATO:0002052
GO:0048703	ZFA:0001460	ZP:0019260	PATO:0002302
GO:0051216	ZFA:0001613	ZP:0019261	PATO:0002302
GO:0051146	ZFA:0001056	ZP:0019263	PATO:0002052
GO:0051216	ZFA:0001460	ZP:0019264	PATO:0002302
GO:0006915	ZFA:0001073	ZP:0019269	PATO:0002304
GO:1903251	ZFA:0000151	ZP:0019273	PATO:0002052
GO:0097711	ZFA:0000150	ZP:0019315	PATO:0002302
GO:0070650	ZFA:0000150	ZP:0019316	PATO:0002302
GO:0007411	ZFA:0009052	ZP:0019323	PATO:0001236
GO:0031929	ZFA:0009076	ZP:0019336	PATO:0002051
GO:0031929	ZFA:0001094	ZP:0019337	PATO:0002051
GO:0006695	ZFA:0001094	ZP:0019341	PATO:0002051
GO:0061132	ZFA:0001260	ZP:0019354	PATO:0002051
GO:0001945	ZFA:0005110	ZP:0019378	PATO:0002052
GO:0001944	ZFA:0001052	ZP:0019381	PATO:0002052
GO:0001945	ZFA:0005110	ZP:0019386	PATO:0001236
GO:0001944	ZFA:0005034	ZP:0019392	PATO:0002052
GO:0001945	ZFA:0005837	ZP:0019395	PATO:0001236
GO:0001945	ZFA:0005838	ZP:0019396	PATO:0000502
GO:0016556	ZFA:0001094	ZP:0019398	PATO:0002051
GO:0007416	ZFA:0005778	ZP:0019399	PATO:0002051
GO:0007416	ZFA:0009060	ZP:0019400	PATO:0002051
GO:0048668	ZFA:0009052	ZP:0019401	PATO:0002051
GO:0016556	ZFA:0000008	ZP:0019402	PATO:0002051
GO:0007416	ZFA:0009052	ZP:0019403	PATO:0002051
GO:0055017	ZFA:0000009	ZP:0019408	PATO:0000911
GO:0055017	ZFA:0000009	ZP:0019409	PATO:0000912
GO:0055017	ZFA:0000009	ZP:0019410	PATO:0001494
GO:0048469	ZFA:0009094	ZP:0019413	PATO:0001507
GO:0048468	ZFA:0009112	ZP:0019418	PATO:0002052
GO:0040007	ZFA:0000598	ZP:0019446	PATO:0002302
GO:0033564	ZFA:0005175	ZP:0019456	PATO:0001236
GO:0033564	ZFA:0005175	ZP:0019458	PATO:0002302
GO:0097380	ZFA:0005175	ZP:0019460	PATO:0002302
GO:0007409	ZFA:0005145	ZP:0019467	PATO:0001507
GO:0032456	ZFA:0009141	ZP:0019483	PATO:0002052
GO:0008283	ZFA:0009104	ZP:0019504	PATO:0000912
GO:0008219	ZFA:0000075	ZP:0019521	PATO:0002051
GO:0003341	ZFA:0000001	ZP:0019523	PATO:0000911
GO:0008219	ZFA:0001094	ZP:0019524	PATO:0002051
GO:0008219	ZFA:0000144	ZP:0019529	PATO:0002051
GO:0008283	ZFA:0001725	ZP:0019532	PATO:0002052
GO:0001503	ZFA:0001591	ZP:0019548	PATO:0002052
GO:0001503	ZFA:0000863	ZP:0019553	PATO:0002052
GO:0002063	ZFA:0001458	ZP:0019556	PATO:0001236
GO:0006915	ZFA:0001117	ZP:0019580	PATO:0002051
GO:0007219	ZFA:0005028	ZP:0019588	PATO:0002051
GO:0006915	ZFA:0009366	ZP:0019592	PATO:0002051
GO:0001837	ZFA:0000051	ZP:0019609	PATO:0002052
GO:0060234	ZFA:0000051	ZP:0019615	PATO:0002052
GO:0030282	ZFA:0001058	ZP:0019622	PATO:0002052
GO:0030282	ZFA:0001189	ZP:0019623	PATO:0002052
GO:0040007	ZFA:0001249	ZP:0019626	PATO:0002052
GO:0008283	ZFA:0001249	ZP:0019629	PATO:0002052
GO:0007411	ZFA:0009052	ZP:0019646	PATO:0002302
GO:0001755	ZFA:0001114	ZP:0019650	PATO:0000502
GO:0001755	ZFA:0001115	ZP:0019661	PATO:0000502
GO:0007409	ZFA:0009052	ZP:0019677	PATO:0001507
GO:0061564	ZFA:0009052	ZP:0019678	PATO:0001507
GO:0071679	ZFA:0005877	ZP:0019680	PATO:0002302
GO:0048846	ZFA:0005877	ZP:0019681	PATO:0002052
GO:0001525	ZFA:0001267	ZP:0019690	PATO:0002051
GO:0001525	ZFA:0005024	ZP:0019691	PATO:0002051
GO:0006915	ZFA:0000143	ZP:0019710	PATO:0002051
GO:0060384	ZFA:0000445	ZP:0019712	PATO:0002052
GO:0097205	ZFA:0000151	ZP:0019716	PATO:0000911
GO:0045198	ZFA:0000150	ZP:0019718	PATO:0002302
GO:0035701	ZFA:0001078	ZP:0019743	PATO:0002052
GO:0043277	ZFA:0000445	ZP:0019751	PATO:0002052
GO:0072498	ZFA:0001276	ZP:0019752	PATO:0002302
GO:0051216	ZFA:0005860	ZP:0019753	PATO:0002304
GO:0051216	ZFA:0005859	ZP:0019757	PATO:0002304
GO:1903251	ZFA:0000151	ZP:0019773	PATO:0002051
GO:0006915	ZFA:0000155	ZP:0019780	PATO:0002051
GO:0008283	ZFA:0009306	ZP:0019788	PATO:0002051
GO:0086001	ZFA:0000471	ZP:0019797	PATO:0001236
GO:0002040	ZFA:0001285	ZP:0019798	PATO:0002052
GO:0030182	ZFA:0000109	ZP:0019807	PATO:0002302
GO:0030182	ZFA:0000128	ZP:0019810	PATO:0002302
GO:0048675	ZFA:0009053	ZP:0019814	PATO:0000912
GO:0048675	ZFA:0009052	ZP:0019815	PATO:0000912
GO:0098957	ZFA:0009310	ZP:0019845	PATO:0002052
GO:0098957	ZFA:0000435	ZP:0019846	PATO:0002052
GO:0048668	ZFA:0000435	ZP:0019851	PATO:0002052
GO:0060385	ZFA:0000435	ZP:0019852	PATO:0000502
GO:0098916	ZFA:0000435	ZP:0019853	PATO:0002052
GO:0048668	ZFA:0000435	ZP:0019854	PATO:0002051
GO:0098916	ZFA:0000445	ZP:0019855	PATO:0002052
GO:0008283	ZFA:0001289	ZP:0019905	PATO:0002304
GO:0008283	ZFA:0001369	ZP:0019932	PATO:0002302
GO:0001755	ZFA:0009003	ZP:0019942	PATO:0002302
GO:0060070	ZFA:0000029	ZP:0019947	PATO:0002302
GO:0060070	ZFA:0009003	ZP:0019948	PATO:0002302
GO:0072073	ZFA:0000150	ZP:0019953	PATO:0001236
GO:0016477	ZFA:0000132	ZP:0019986	PATO:0000911
GO:0048669	ZFA:0000664	ZP:0020001	PATO:0002051
GO:0097475	ZFA:0001365	ZP:0020004	PATO:0001236
GO:0000278	ZFA:0000152	ZP:0020009	PATO:0002052
GO:0008283	ZFA:0009165	ZP:0020065	PATO:0002302
GO:0060048	ZFA:0000009	ZP:0020104	PATO:0002018
GO:0086005	ZFA:0000009	ZP:0020106	PATO:0000498
GO:0006915	ZFA:0009367	ZP:0020112	PATO:0002304
GO:0001568	ZFA:0001052	ZP:0020114	PATO:0002052
GO:0002042	ZFA:0001052	ZP:0020115	PATO:0002052
GO:0001525	ZFA:0001052	ZP:0020116	PATO:0000297
GO:0001568	ZFA:0001285	ZP:0020117	PATO:0002052
GO:0008283	ZFA:0000186	ZP:0020118	PATO:0002052
GO:0001525	ZFA:0001285	ZP:0020119	PATO:0000297
GO:0001525	ZFA:0000186	ZP:0020123	PATO:0002052
GO:0001568	ZFA:0000186	ZP:0020124	PATO:0002052
GO:0002042	ZFA:0001052	ZP:0020126	PATO:0000297
GO:0006915	ZFA:0005277	ZP:0020138	PATO:0002304
GO:0010467	ZFA:0000414	ZP:0020143	PATO:0001507
GO:0030432	ZFA:0001338	ZP:0020153	PATO:0015003
GO:0010631	ZFA:0001323	ZP:0020157	PATO:0002051
GO:0010631	ZFA:0000706	ZP:0020158	PATO:0002051
GO:0048668	ZFA:0009243	ZP:0020200	PATO:0002051
GO:0008104	ZFA:0009154	ZP:0020241	PATO:0001507
GO:0006915	ZFA:0001135	ZP:0020243	PATO:0002051
GO:0072554	ZFA:0005016	ZP:0020247	PATO:0002052
GO:0072554	ZFA:0005009	ZP:0020253	PATO:0002052
GO:0048665	ZFA:0001360	ZP:0020275	PATO:0002051
GO:0034769	ZFA:0005491	ZP:0020288	PATO:0000502
GO:0043704	ZFA:0001359	ZP:0020297	PATO:0002052
GO:0061572	ZFA:0000186	ZP:0020315	PATO:0002302
GO:0003351	ZFA:0000150	ZP:0020319	PATO:0001236
GO:0001525	ZFA:0001285	ZP:0020325	PATO:0002302
GO:0000278	ZFA:0000152	ZP:0020326	PATO:0000297
GO:0000278	ZFA:0000152	ZP:0020327	PATO:0000498
GO:0000278	ZFA:0000445	ZP:0020331	PATO:0002304
GO:0000278	ZFA:0000008	ZP:0020332	PATO:0002304
GO:0000278	ZFA:0000110	ZP:0020333	PATO:0002304
GO:0007405	ZFA:0000051	ZP:0020365	PATO:0002052
GO:0060234	ZFA:0000051	ZP:0020366	PATO:0002051
GO:0008283	ZFA:0000445	ZP:0020379	PATO:0002051
GO:0001503	ZFA:0001216	ZP:0020382	PATO:0000502
GO:0001755	ZFA:0001461	ZP:0020385	PATO:0002052
GO:0014850	ZFA:0005240	ZP:0020413	PATO:0002302
GO:0009612	ZFA:0005240	ZP:0020414	PATO:0002302
GO:0008045	ZFA:0001115	ZP:0020443	PATO:0001236
GO:0045333	ZFA:0000012	ZP:0020455	PATO:0002302
GO:0008283	ZFA:0001612	ZP:0020459	PATO:0002052
GO:0006915	ZFA:0000737	ZP:0020464	PATO:0002051
GO:0008283	ZFA:0001611	ZP:0020465	PATO:0002052
GO:0032060	ZFA:0009052	ZP:0020473	PATO:0002051
GO:0007409	ZFA:0009243	ZP:0020474	PATO:0001236
GO:0006915	ZFA:0000046	ZP:0020477	PATO:0002051
GO:0016477	ZFA:0000121	ZP:0020486	PATO:0002052
GO:0044458	ZFA:0009033	ZP:0020502	PATO:0002052
GO:0048705	ZFA:0001559	ZP:0020503	PATO:0002302
GO:0000278	ZFA:0000152	ZP:0020509	PATO:0002304
GO:0097375	ZFA:0005768	ZP:0020526	PATO:0001507
GO:0006915	ZFA:0001176	ZP:0020529	PATO:0002051
GO:0000278	ZFA:0009000	ZP:0020532	PATO:0001997
GO:0000278	ZFA:0009256	ZP:0020533	PATO:0000498
GO:0097375	ZFA:0009150	ZP:0020536	PATO:0001507
GO:0051216	ZFA:0001458	ZP:0020556	PATO:0001507
GO:0043473	ZFA:0001135	ZP:0020560	PATO:0002051
GO:0008283	ZFA:0000107	ZP:0020567	PATO:0002052
GO:0016079	ZFA:0009243	ZP:0020570	PATO:0002302
GO:0001508	ZFA:0009243	ZP:0020571	PATO:0002302
GO:0099536	ZFA:0009243	ZP:0020572	PATO:0001236
GO:0016079	ZFA:0009243	ZP:0020574	PATO:0002052
GO:0048167	ZFA:0009243	ZP:0020575	PATO:0001236
GO:0019226	ZFA:0009117	ZP:0020576	PATO:0001236
GO:0000380	ZFA:0000114	ZP:0020578	PATO:0001236
GO:0072554	ZFA:0007057	ZP:0020582	PATO:0001507
GO:0001944	ZFA:0000107	ZP:0020583	PATO:0001507
GO:0014045	ZFA:0001052	ZP:0020587	PATO:0002302
GO:0001944	ZFA:0005020	ZP:0020588	PATO:0002302
GO:0060070	ZFA:0001052	ZP:0020590	PATO:0002302
GO:0060070	ZFA:0005020	ZP:0020592	PATO:0002302
GO:0030432	ZFA:0001338	ZP:0020603	PATO:0002302
GO:0008283	ZFA:0007085	ZP:0020610	PATO:0002051
GO:0007040	ZFA:0009077	ZP:0020626	PATO:0001236
GO:0043277	ZFA:0000008	ZP:0020629	PATO:0002052
GO:1905146	ZFA:0009077	ZP:0020631	PATO:0002052
GO:0006915	ZFA:0000032	ZP:0020635	PATO:0002051
GO:1903047	ZFA:0000032	ZP:0020638	PATO:0002051
GO:0008283	ZFA:0000032	ZP:0020643	PATO:0002052
GO:0030282	ZFA:0001216	ZP:0020651	PATO:0001507
GO:0019228	ZFA:0000109	ZP:0020668	PATO:0001236
GO:0099536	ZFA:0000008	ZP:0020669	PATO:0001913
GO:0043534	ZFA:0000186	ZP:0020677	PATO:0002302
GO:0045454	ZFA:0001094	ZP:0020683	PATO:0001507
GO:0007049	ZFA:0001094	ZP:0020684	PATO:0001236
GO:0060271	ZFA:0001135	ZP:0020685	PATO:0001236
GO:0008283	ZFA:0001269	ZP:0020687	PATO:0002052
GO:0008283	ZFA:0001115	ZP:0020691	PATO:0002052
GO:0008283	ZFA:0001114	ZP:0020692	PATO:0002052
GO:0008283	ZFA:0001464	ZP:0020702	PATO:0001333
GO:0006915	ZFA:0001464	ZP:0020703	PATO:0002051
GO:0008283	ZFA:0009275	ZP:0020704	PATO:0002051
GO:0006915	ZFA:0000024	ZP:0020705	PATO:0002051
GO:0006915	ZFA:0000119	ZP:0020706	PATO:0002051
GO:0060079	ZFA:0009149	ZP:0020717	PATO:0000080
GO:0048703	ZFA:0001613	ZP:0020734	PATO:0000502
GO:0007274	ZFA:0009117	ZP:0020741	PATO:0002302
GO:0048846	ZFA:0009243	ZP:0020743	PATO:0002302
GO:0007528	ZFA:0009117	ZP:0020745	PATO:0002302
GO:0040007	ZFA:0001094	ZP:0020763	PATO:0000912
GO:0032868	ZFA:0005654	ZP:0020764	PATO:0002302
GO:0032869	ZFA:0000123	ZP:0020765	PATO:0002302
GO:0071377	ZFA:0000123	ZP:0020766	PATO:0002302
GO:0040007	ZFA:0001094	ZP:0020768	PATO:0000911
GO:0042509	ZFA:0000123	ZP:0020769	PATO:0001507
GO:0019722	ZFA:0009117	ZP:0020777	PATO:0001236
GO:0030282	ZFA:0000434	ZP:0020783	PATO:0002302
GO:0030282	ZFA:0000737	ZP:0020785	PATO:0002302
GO:0034505	ZFA:0005851	ZP:0020786	PATO:0002302
GO:0030282	ZFA:0001559	ZP:0020790	PATO:0002302
GO:0000226	ZFA:0000075	ZP:0020796	PATO:0001507
GO:0007409	ZFA:0009244	ZP:0020797	PATO:0001236
GO:0008283	ZFA:0009165	ZP:0020802	PATO:0002052
GO:0000278	ZFA:0000075	ZP:0020820	PATO:0002051
GO:0008152	ZFA:0001094	ZP:0020825	PATO:0002302
GO:0008283	ZFA:0009354	ZP:0020828	PATO:0002052
GO:0048665	ZFA:0001360	ZP:0020854	PATO:0002052
GO:1905139	ZFA:0001384	ZP:0020856	PATO:0000297
GO:0072554	ZFA:0005008	ZP:0020873	PATO:0002052
GO:0072554	ZFA:0005007	ZP:0020874	PATO:0002052
GO:0072554	ZFA:0005016	ZP:0020878	PATO:0000297
GO:0016477	ZFA:0000132	ZP:0020889	PATO:0001236
GO:0060385	ZFA:0000142	ZP:0020891	PATO:0001507
GO:0002523	ZFA:0005659	ZP:0020897	PATO:0002051
GO:0008283	ZFA:0000598	ZP:0020900	PATO:0002052
GO:0008283	ZFA:0000669	ZP:0020906	PATO:0002052
GO:0008283	ZFA:0000112	ZP:0020907	PATO:0002052
GO:0006915	ZFA:0001286	ZP:0020912	PATO:0002051
GO:0001568	ZFA:0005025	ZP:0020913	PATO:0002052
GO:0061564	ZFA:0005180	ZP:0020937	PATO:0002052
GO:0001525	ZFA:0005034	ZP:0020938	PATO:0002052
GO:0061564	ZFA:0005179	ZP:0020940	PATO:0001236
GO:0061564	ZFA:0009247	ZP:0020943	PATO:0001236
GO:0034769	ZFA:0005491	ZP:0020949	PATO:0001507
GO:0048514	ZFA:0005035	ZP:0020956	PATO:0001507
GO:0007219	ZFA:0000114	ZP:0020984	PATO:0002302
GO:0007219	ZFA:0009316	ZP:0020985	PATO:0002302
GO:0043534	ZFA:0009303	ZP:0021017	PATO:0000911
GO:0008283	ZFA:0005057	ZP:0021038	PATO:0002051
GO:0008283	ZFA:0001320	ZP:0021040	PATO:0002051
GO:0008283	ZFA:0001319	ZP:0021041	PATO:0002051
GO:0031099	ZFA:0000114	ZP:0021051	PATO:0002302
GO:0001944	ZFA:0000029	ZP:0021057	PATO:0001507
GO:0001944	ZFA:0000128	ZP:0021058	PATO:0001507
GO:0001946	ZFA:0005108	ZP:0021060	PATO:0002052
GO:0001945	ZFA:0005605	ZP:0021061	PATO:0002052
GO:0008283	ZFA:0001621	ZP:0021065	PATO:0002051
GO:0008283	ZFA:0001620	ZP:0021069	PATO:0002051
GO:0006915	ZFA:0001621	ZP:0021076	PATO:0002051
GO:0048853	ZFA:0000458	ZP:0021095	PATO:0002302
GO:0048853	ZFA:0000505	ZP:0021098	PATO:0002302
GO:0030509	ZFA:0000008	ZP:0021099	PATO:0002051
GO:0014002	ZFA:0000008	ZP:0021100	PATO:0002051
GO:0014003	ZFA:0000008	ZP:0021101	PATO:0002052
GO:0048853	ZFA:0000304	ZP:0021105	PATO:0002302
GO:0097154	ZFA:0000109	ZP:0021106	PATO:0002302
GO:0021952	ZFA:0000059	ZP:0021107	PATO:0002052
GO:0021952	ZFA:0001108	ZP:0021110	PATO:0002052
GO:0021952	ZFA:0001657	ZP:0021111	PATO:0002052
GO:0051216	ZFA:0001306	ZP:0021124	PATO:0002302
GO:0061355	ZFA:0001306	ZP:0021130	PATO:0002052
GO:0000080	ZFA:0009014	ZP:0021132	PATO:0000297
GO:1990709	ZFA:0009366	ZP:0021136	PATO:0002302
GO:0035249	ZFA:0009319	ZP:0021140	PATO:0002302
GO:0050804	ZFA:0001330	ZP:0021142	PATO:0002302
GO:0035249	ZFA:0009262	ZP:0021145	PATO:0002302
GO:0007163	ZFA:0000150	ZP:0021176	PATO:0002302
GO:0006915	ZFA:0000403	ZP:0021190	PATO:0002304
GO:0007219	ZFA:0000009	ZP:0021224	PATO:0002051
GO:0007219	ZFA:0001315	ZP:0021225	PATO:0002052
GO:0001755	ZFA:0009003	ZP:0021229	PATO:0001236
GO:0090601	ZFA:0000035	ZP:0021235	PATO:0002052
GO:0000278	ZFA:0005041	ZP:0021238	PATO:0000161
GO:0071711	ZFA:0000014	ZP:0021251	PATO:0001236
GO:0071711	ZFA:0000014	ZP:0021252	PATO:0002302
GO:0098739	ZFA:0009367	ZP:0021256	PATO:0015002
GO:0006915	ZFA:0000445	ZP:0021264	PATO:0000057
GO:0006915	ZFA:0001289	ZP:0021265	PATO:0000057
GO:0000278	ZFA:0000243	ZP:0021275	PATO:0000911
GO:0023041	ZFA:0000155	ZP:0021277	PATO:0001236
GO:0001568	ZFA:0001285	ZP:0021295	PATO:0002302
GO:0001568	ZFA:0005025	ZP:0021296	PATO:0002302
GO:0001525	ZFA:0001285	ZP:0021299	PATO:0002304
GO:0008283	ZFA:0005028	ZP:0021300	PATO:0002304
GO:0043932	ZFA:0000277	ZP:0021306	PATO:0002052
GO:0045453	ZFA:0000277	ZP:0021307	PATO:0002051
GO:0009617	ZFA:0005024	ZP:0021313	PATO:0001236
GO:0000320	ZFA:0009316	ZP:0021316	PATO:0002051
GO:0048771	ZFA:0000114	ZP:0021317	PATO:0002051
GO:0048771	ZFA:0005062	ZP:0021318	PATO:0002051
GO:0060038	ZFA:0000114	ZP:0021319	PATO:0002051
GO:0006955	ZFA:0009327	ZP:0021322	PATO:0001236
GO:0060271	ZFA:0000051	ZP:0021358	PATO:0001236
GO:0006695	ZFA:0001094	ZP:0021359	PATO:0002052
GO:0031929	ZFA:0001094	ZP:0021360	PATO:0002052
GO:0042743	ZFA:0000114	ZP:0021364	PATO:0001236
GO:0060271	ZFA:0000001	ZP:0021367	PATO:0001236
GO:0000278	ZFA:0009111	ZP:0021368	PATO:0000380
GO:0072554	ZFA:0000477	ZP:0021383	PATO:0001236
GO:0031103	ZFA:0001691	ZP:0021386	PATO:0001236
GO:0061132	ZFA:0001249	ZP:0021412	PATO:0002052
GO:0040007	ZFA:0005755	ZP:0021414	PATO:0002302
GO:0003151	ZFA:0000173	ZP:0021426	PATO:0001236
GO:0000278	ZFA:0001269	ZP:0021433	PATO:0002052
GO:0000278	ZFA:0001270	ZP:0021434	PATO:0002052
GO:0048705	ZFA:0001559	ZP:0021441	PATO:0001236
GO:0033563	ZFA:0005175	ZP:0021447	PATO:0001236
GO:0008283	ZFA:0000536	ZP:0021450	PATO:0002051
GO:0022008	ZFA:0000536	ZP:0021451	PATO:0002051
GO:0042063	ZFA:0000536	ZP:0021452	PATO:0002051
GO:0001946	ZFA:0001115	ZP:0021465	PATO:0001236
GO:0001946	ZFA:0005840	ZP:0021467	PATO:0002304
GO:0006897	ZFA:0009165	ZP:0021485	PATO:0001236
GO:0048388	ZFA:0009165	ZP:0021486	PATO:0001236
GO:0048246	ZFA:0000008	ZP:0021490	PATO:0002052
GO:0048846	ZFA:0001691	ZP:0021494	PATO:0001236
GO:0001649	ZFA:0000737	ZP:0021505	PATO:0002051
GO:0001649	ZFA:0000737	ZP:0021506	PATO:0002052
GO:0006915	ZFA:0001094	ZP:0021513	PATO:0000057
GO:0021535	ZFA:0009169	ZP:0021515	PATO:0002052
GO:0031929	ZFA:0009076	ZP:0021517	PATO:0002052
GO:0007049	ZFA:0009046	ZP:0021519	PATO:0002304
GO:0006954	ZFA:0001338	ZP:0021538	PATO:0002051
GO:1903409	ZFA:0000008	ZP:0021542	PATO:0002051
GO:1903409	ZFA:0000075	ZP:0021544	PATO:0002051
GO:1903409	ZFA:0000114	ZP:0021546	PATO:0002051
GO:1903409	ZFA:0000123	ZP:0021548	PATO:0002051
GO:0001503	ZFA:0000191	ZP:0021566	PATO:0002304
GO:0001503	ZFA:0000578	ZP:0021567	PATO:0002304
GO:0001503	ZFA:0000657	ZP:0021568	PATO:0002304
GO:0001503	ZFA:0001422	ZP:0021569	PATO:0002304
GO:0060348	ZFA:0000422	ZP:0021570	PATO:0000694
GO:0001525	ZFA:0005147	ZP:0021575	PATO:0002052
GO:0010878	ZFA:0000123	ZP:0021585	PATO:0000470
GO:0070328	ZFA:0000123	ZP:0021586	PATO:0001507
GO:1901166	ZFA:0000200	ZP:0021587	PATO:0001236
GO:1901166	ZFA:0005775	ZP:0021588	PATO:0002052
GO:0022008	ZFA:0000032	ZP:0021592	PATO:0002051
GO:0061351	ZFA:0000032	ZP:0021593	PATO:0002051
GO:0006954	ZFA:0000396	ZP:0021606	PATO:0002051
GO:0006954	ZFA:0000101	ZP:0021613	PATO:0002051
GO:0006954	ZFA:0000402	ZP:0021615	PATO:0002051
GO:1903409	ZFA:0001058	ZP:0021616	PATO:0002052
GO:0006954	ZFA:0000123	ZP:0021620	PATO:0002051
GO:0070266	ZFA:0000123	ZP:0021621	PATO:0002051
GO:0008283	ZFA:0009272	ZP:0021648	PATO:0002051
GO:0008283	ZFA:0009324	ZP:0021663	PATO:0002051
GO:0006915	ZFA:0001461	ZP:0021679	PATO:0000057
GO:0008283	ZFA:0001461	ZP:0021680	PATO:0000057
GO:0035089	ZFA:0001135	ZP:0021698	PATO:0002302
GO:1903047	ZFA:0009316	ZP:0021733	PATO:0002051
GO:0008283	ZFA:0009363	ZP:0021734	PATO:0002052
GO:0008283	ZFA:0009367	ZP:0021735	PATO:0002052
GO:0001525	ZFA:0005024	ZP:0021756	PATO:0002052
GO:0008219	ZFA:0001058	ZP:0021762	PATO:0002304
GO:1903251	ZFA:0000151	ZP:0021821	PATO:0000297
GO:0008585	ZFA:0000303	ZP:0021831	PATO:0001236
GO:0040007	ZFA:0000242	ZP:0021832	PATO:0002302
GO:0019236	ZFA:0009358	ZP:0021859	PATO:0002051
GO:0070371	ZFA:0009358	ZP:0021860	PATO:0002051
GO:0070371	ZFA:0009359	ZP:0021861	PATO:0002051
GO:0008283	ZFA:0005147	ZP:0021872	PATO:0002052
GO:0008219	ZFA:0001464	ZP:0021878	PATO:0002051
GO:0008219	ZFA:0000383	ZP:0021885	PATO:0002051
GO:0008219	ZFA:0005147	ZP:0021886	PATO:0002051
GO:0008283	ZFA:0000383	ZP:0021887	PATO:0002052
GO:0031101	ZFA:0001058	ZP:0021891	PATO:0001507
GO:0008283	ZFA:0009292	ZP:0021909	PATO:0002051
GO:0022008	ZFA:0000008	ZP:0021910	PATO:0002051
GO:0031101	ZFA:0001058	ZP:0021917	PATO:0002302
GO:0031101	ZFA:0001058	ZP:0021918	PATO:0002304
GO:0051938	ZFA:0000008	ZP:0021925	PATO:0001507
GO:0006809	ZFA:0000135	ZP:0021927	PATO:0002051
GO:0006809	ZFA:0000184	ZP:0021929	PATO:0002051
GO:0030316	ZFA:0000277	ZP:0021930	PATO:0002052
GO:0006954	ZFA:0000075	ZP:0021934	PATO:0002051
GO:0006915	ZFA:0000339	ZP:0021937	PATO:0002051
GO:0030282	ZFA:0000277	ZP:0021958	PATO:0000502
GO:0008283	ZFA:0005125	ZP:0021967	PATO:0002051
GO:0008283	ZFA:0005256	ZP:0021968	PATO:0002051
GO:0008283	ZFA:0009236	ZP:0021974	PATO:0002051
GO:0001886	ZFA:0000014	ZP:0021981	PATO:0002302
GO:0001525	ZFA:0005046	ZP:0021985	PATO:0002052
GO:0001525	ZFA:0000112	ZP:0021986	PATO:0002052
GO:0001837	ZFA:0005057	ZP:0022007	PATO:0002052
GO:0001837	ZFA:0005147	ZP:0022008	PATO:0002052
GO:0030509	ZFA:0000149	ZP:0022022	PATO:0002052
GO:0030509	ZFA:0000009	ZP:0022025	PATO:0002051
GO:0030509	ZFA:0000471	ZP:0022026	PATO:0002051
GO:0030509	ZFA:0000115	ZP:0022028	PATO:0002052
GO:0030509	ZFA:0000028	ZP:0022030	PATO:0002052
GO:0030509	ZFA:0000360	ZP:0022031	PATO:0002052
GO:0006915	ZFA:0000079	ZP:0022034	PATO:0000057
GO:0071679	ZFA:0001108	ZP:0022035	PATO:0000057
GO:0071679	ZFA:0005877	ZP:0022036	PATO:0001236
GO:0071679	ZFA:0005877	ZP:0022038	PATO:0002304
GO:0008283	ZFA:0000036	ZP:0022045	PATO:0001236
GO:0008283	ZFA:0000040	ZP:0022046	PATO:0001236
GO:0008283	ZFA:0000040	ZP:0022047	PATO:0002304
GO:0008283	ZFA:0009280	ZP:0022050	PATO:0002051
GO:0001568	ZFA:0000014	ZP:0022059	PATO:0001236
GO:0001568	ZFA:0000477	ZP:0022060	PATO:0001236
GO:0060038	ZFA:0000009	ZP:0022063	PATO:0002052
GO:0008152	ZFA:0001094	ZP:0022069	PATO:0001236
GO:0008283	ZFA:0001114	ZP:0022077	PATO:0000057
GO:0000278	ZFA:0000077	ZP:0022107	PATO:0002051
GO:0008283	ZFA:0009111	ZP:0022121	PATO:0002051
GO:0061337	ZFA:0000009	ZP:0022139	PATO:0002472
GO:0061337	ZFA:0000471	ZP:0022140	PATO:0002472
GO:0001508	ZFA:0001374	ZP:0022141	PATO:0000498
GO:0001508	ZFA:0005061	ZP:0022142	PATO:0000498
GO:0006915	ZFA:0000094	ZP:0022148	PATO:0001236
GO:0031099	ZFA:0000009	ZP:0022149	PATO:0002302
GO:0006914	ZFA:0000094	ZP:0022153	PATO:0002051
GO:0006915	ZFA:0009354	ZP:0022156	PATO:0002304
GO:0002040	ZFA:0001285	ZP:0022158	PATO:0000297
GO:0001570	ZFA:0001073	ZP:0022160	PATO:0001236
GO:0002283	ZFA:0000135	ZP:0022162	PATO:0002052
GO:0031099	ZFA:0001314	ZP:0022164	PATO:0002302
GO:0031103	ZFA:0009238	ZP:0022165	PATO:0002302
GO:0031103	ZFA:0000944	ZP:0022166	PATO:0002302
GO:0031099	ZFA:0009111	ZP:0022172	PATO:0002052
GO:0008283	ZFA:0009014	ZP:0022175	PATO:0002304
GO:0008283	ZFA:0009316	ZP:0022188	PATO:0001236
GO:0035088	ZFA:0000150	ZP:0022203	PATO:0001236
GO:0031101	ZFA:0009031	ZP:0022204	PATO:0001236
GO:0008219	ZFA:0000075	ZP:0022210	PATO:0000057
GO:0014003	ZFA:0000075	ZP:0022217	PATO:0000057
GO:0035089	ZFA:0009036	ZP:0022219	PATO:0001236
GO:0008283	ZFA:0000094	ZP:0022227	PATO:0001507
GO:0031101	ZFA:0001058	ZP:0022238	PATO:0001433
GO:0030282	ZFA:0001216	ZP:0022239	PATO:0001236
GO:0008015	ZFA:0005314	ZP:0022240	PATO:0001236
GO:0006309	ZFA:0000088	ZP:0022242	PATO:0002051
GO:0008283	ZFA:0005740	ZP:0022261	PATO:0002304
GO:0002042	ZFA:0009303	ZP:0022262	PATO:0000297
GO:0002063	ZFA:0005859	ZP:0022266	PATO:0002304
GO:0002063	ZFA:0005860	ZP:0022267	PATO:0002304
GO:0042246	ZFA:0001319	ZP:0022273	PATO:0001236
GO:0001957	ZFA:0000250	ZP:0022284	PATO:0002302
GO:0001957	ZFA:0000476	ZP:0022285	PATO:0002302
GO:0001957	ZFA:0000561	ZP:0022286	PATO:0002302
GO:0036073	ZFA:0000578	ZP:0022287	PATO:0002302
GO:0036073	ZFA:0000672	ZP:0022288	PATO:0002302
GO:0036073	ZFA:0001239	ZP:0022289	PATO:0002302
GO:0008283	ZFA:0000075	ZP:0022308	PATO:0002304
GO:0006915	ZFA:0009150	ZP:0022313	PATO:0001236
GO:0008283	ZFA:0009102	ZP:0022336	PATO:0001236
GO:0003351	ZFA:0000075	ZP:0022341	PATO:0000057
GO:0008219	ZFA:0000094	ZP:0022348	PATO:0001236
GO:0008283	ZFA:0009014	ZP:0022349	PATO:0001236
GO:0031103	ZFA:0009310	ZP:0022351	PATO:0002052
GO:0031101	ZFA:0005634	ZP:0022365	PATO:0000694
GO:0033334	ZFA:0005634	ZP:0022366	PATO:0000694
GO:0042593	ZFA:0000007	ZP:0022368	PATO:0001236
GO:0040007	ZFA:0001094	ZP:0022369	PATO:0000161
GO:0021554	ZFA:0000137	ZP:0022376	PATO:0001236
GO:0030182	ZFA:0009310	ZP:0022377	PATO:0000502
GO:0021554	ZFA:0000137	ZP:0022389	PATO:0000297
GO:0021631	ZFA:0000137	ZP:0022390	PATO:0000297
GO:0006915	ZFA:0009285	ZP:0022392	PATO:0002051
GO:0006915	ZFA:0000107	ZP:0022403	PATO:0001236
GO:0006754	ZFA:0009275	ZP:0022409	PATO:0002051
GO:0098990	ZFA:0009149	ZP:0022411	PATO:0001309
GO:0097113	ZFA:0000029	ZP:0022413	PATO:0000057
GO:0098990	ZFA:0009149	ZP:0022414	PATO:0002016
GO:0072554	ZFA:0005009	ZP:0022422	PATO:0000297
GO:0043542	ZFA:0005003	ZP:0022423	PATO:0001236
GO:0006915	ZFA:0009354	ZP:0022434	PATO:0002051
GO:0002432	ZFA:0009141	ZP:0022438	PATO:0001236
GO:0035329	ZFA:0000107	ZP:0022451	PATO:0002051
GO:0035329	ZFA:0009091	ZP:0022452	PATO:0002051
GO:0070371	ZFA:0000107	ZP:0022453	PATO:0002051
GO:0070371	ZFA:0009091	ZP:0022454	PATO:0002051
GO:0006915	ZFA:0001202	ZP:0022477	PATO:0001236
GO:0006915	ZFA:0000152	ZP:0022478	PATO:0001236
GO:0060080	ZFA:0009243	ZP:0022486	PATO:0002051
GO:0003011	ZFA:0000473	ZP:0022495	PATO:0000381
GO:0003011	ZFA:0000473	ZP:0022496	PATO:0000044
GO:0043473	ZFA:0000368	ZP:0022510	PATO:0001236
GO:0007528	ZFA:0005277	ZP:0022519	PATO:0001236
GO:0033292	ZFA:0009115	ZP:0022526	PATO:0001236
GO:1990798	ZFA:0009134	ZP:0022531	PATO:0000912
GO:0050954	ZFA:0000175	ZP:0022536	PATO:0001236
GO:0050954	ZFA:0000940	ZP:0022537	PATO:0001236
GO:0099054	ZFA:0009367	ZP:0022546	PATO:0002302
GO:0030282	ZFA:0001269	ZP:0022549	PATO:0002052
GO:0008283	ZFA:0001114	ZP:0022551	PATO:0001492
GO:0008283	ZFA:0005147	ZP:0022572	PATO:0002051
GO:0031099	ZFA:0000114	ZP:0022573	PATO:0000912
GO:0002040	ZFA:0005017	ZP:0022598	PATO:0000502
GO:0002040	ZFA:0005017	ZP:0022599	PATO:0001236
GO:0048665	ZFA:0001360	ZP:0022605	PATO:0000057
GO:0009165	ZFA:0000123	ZP:0022625	PATO:0002051
GO:0016055	ZFA:0001315	ZP:0022627	PATO:0002052
GO:0001503	ZFA:0000863	ZP:0022629	PATO:0000502
GO:0001568	ZFA:0001306	ZP:0022646	PATO:0001236
GO:0001568	ZFA:0005024	ZP:0022647	PATO:0001236
GO:0006915	ZFA:0005830	ZP:0022653	PATO:0001236
GO:1905517	ZFA:0001261	ZP:0022655	PATO:0002052
GO:0098957	ZFA:0009301	ZP:0022666	PATO:0001236
GO:0098958	ZFA:0009301	ZP:0022667	PATO:0001236
GO:0007049	ZFA:0009102	ZP:0022668	PATO:0002051
GO:0031099	ZFA:0009102	ZP:0022669	PATO:0002051
GO:0035282	ZFA:0001559	ZP:0022685	PATO:0001236
GO:0030198	ZFA:0001462	ZP:0022686	PATO:0001507
GO:0031099	ZFA:0009102	ZP:0022692	PATO:0000911
GO:0031099	ZFA:0009102	ZP:0022693	PATO:0000161
GO:0010842	ZFA:0001329	ZP:0022696	PATO:0002052
GO:1990138	ZFA:0009255	ZP:0022697	PATO:0001236
GO:0031099	ZFA:0009102	ZP:0022708	PATO:0000912
GO:0022008	ZFA:0000008	ZP:0022717	PATO:0000057
GO:0036445	ZFA:0000505	ZP:0022738	PATO:0002051
GO:0072089	ZFA:0000505	ZP:0022739	PATO:0002051
GO:0006955	ZFA:0009141	ZP:0022742	PATO:0001236
GO:0009617	ZFA:0009141	ZP:0022743	PATO:0001236
GO:0000088	ZFA:0009000	ZP:0022745	PATO:0000297
GO:0000089	ZFA:0009000	ZP:0022746	PATO:0000297
GO:0097719	ZFA:0001479	ZP:0022750	PATO:0002304
GO:0071433	ZFA:0009114	ZP:0022752	PATO:0001236
GO:0008283	ZFA:0000112	ZP:0022759	PATO:0001236
GO:0014009	ZFA:0005147	ZP:0022760	PATO:0001997
GO:0031103	ZFA:0000075	ZP:0022761	PATO:0002052
GO:0001837	ZFA:0000051	ZP:0022763	PATO:0002051
GO:0007405	ZFA:0000588	ZP:0022764	PATO:0002052
GO:0014009	ZFA:0005147	ZP:0022768	PATO:0000470
GO:0031099	ZFA:0000075	ZP:0022769	PATO:0002304
GO:0031103	ZFA:0000075	ZP:0022770	PATO:0002051
GO:0045198	ZFA:0000121	ZP:0022779	PATO:0001236
GO:0045175	ZFA:0009158	ZP:0022786	PATO:0001507
GO:0007155	ZFA:0000105	ZP:0022796	PATO:0001507
GO:0043652	ZFA:0000008	ZP:0022808	PATO:0001236
GO:0060976	ZFA:0005147	ZP:0022809	PATO:0000502
GO:0031103	ZFA:0001691	ZP:0022822	PATO:0002302
GO:0006915	ZFA:0000403	ZP:0022834	PATO:0002051
GO:0090601	ZFA:0000035	ZP:0022848	PATO:0000057
GO:0006915	ZFA:0000028	ZP:0022864	PATO:0000057
GO:0008283	ZFA:0000028	ZP:0022865	PATO:0000057
GO:0008283	ZFA:0009316	ZP:0022867	PATO:0002051
GO:0006915	ZFA:0001464	ZP:0022868	PATO:0000057
GO:0097084	ZFA:0000014	ZP:0022872	PATO:0002302
GO:0006915	ZFA:0000143	ZP:0022873	PATO:0000057
GO:0006915	ZFA:0007091	ZP:0022887	PATO:0001236
GO:0060271	ZFA:0009154	ZP:0022897	PATO:0001236
GO:0035845	ZFA:0009275	ZP:0022901	PATO:0001236
GO:0007411	ZFA:0005175	ZP:0022904	PATO:0001236
GO:0007274	ZFA:0009117	ZP:0022905	PATO:0001236
GO:0007528	ZFA:0009117	ZP:0022906	PATO:0001236
GO:0008283	ZFA:0000079	ZP:0022921	PATO:0002051
GO:0021953	ZFA:0000206	ZP:0022923	PATO:0001236
GO:0001945	ZFA:0005110	ZP:0022929	PATO:0000057
GO:0001945	ZFA:0005605	ZP:0022933	PATO:0000057
GO:0048846	ZFA:0005877	ZP:0022936	PATO:0000057
GO:0007528	ZFA:0001056	ZP:0022951	PATO:0001236
GO:0043277	ZFA:0000008	ZP:0022961	PATO:0001236
GO:0043277	ZFA:0000008	ZP:0022962	PATO:0015003
GO:0043654	ZFA:0000008	ZP:0022963	PATO:0000498
GO:0090387	ZFA:0000008	ZP:0022964	PATO:0001236
GO:0043652	ZFA:0000008	ZP:0022965	PATO:0000498
GO:0043652	ZFA:0000008	ZP:0022966	PATO:0015003
GO:0090387	ZFA:0000008	ZP:0022967	PATO:0000498
GO:0006915	ZFA:0000008	ZP:0022968	PATO:0002052
GO:0001944	ZFA:0000008	ZP:0022969	PATO:0001236
GO:0048246	ZFA:0000008	ZP:0022970	PATO:0002051
GO:0043403	ZFA:0000383	ZP:0022975	PATO:0002302
GO:0008283	ZFA:0009316	ZP:0022983	PATO:0002052
GO:0060038	ZFA:0005147	ZP:0022984	PATO:0002052
GO:0060976	ZFA:0005147	ZP:0022985	PATO:0002052
GO:0060048	ZFA:0000009	ZP:0022988	PATO:0002016
GO:0060048	ZFA:0000009	ZP:0022991	PATO:0000381
GO:0003383	ZFA:0009316	ZP:0022993	PATO:0002052
GO:0003208	ZFA:0000009	ZP:0022995	PATO:0001236
GO:0003208	ZFA:0000009	ZP:0022996	PATO:0002302
GO:0003151	ZFA:0000173	ZP:0023003	PATO:0002302
GO:0060974	ZFA:0000009	ZP:0023007	PATO:0002302
GO:0030010	ZFA:0000009	ZP:0023012	PATO:0002302
GO:0045162	ZFA:0000175	ZP:0023017	PATO:0002302
GO:0006915	ZFA:0009285	ZP:0023042	PATO:0002304
GO:0008283	ZFA:0001306	ZP:0023047	PATO:0000161
GO:0008283	ZFA:0001460	ZP:0023048	PATO:0000161
GO:0050974	ZFA:0000940	ZP:0023059	PATO:0002302
GO:0007155	ZFA:0009303	ZP:0023062	PATO:0015003
GO:0001568	ZFA:0005025	ZP:0023065	PATO:0000502
GO:0030282	ZFA:0001559	ZP:0023070	PATO:0001236
GO:0033554	ZFA:0009248	ZP:0023076	PATO:0002051
GO:0016055	ZFA:0000008	ZP:0023096	PATO:0000057
GO:0042060	ZFA:0005277	ZP:0023106	PATO:0002051
GO:0120029	ZFA:0000368	ZP:0100004	PATO:0000057
GO:0120029	ZFA:0000368	ZP:0100005	PATO:0002051
GO:0006914	ZFA:0000150	ZP:0100017	PATO:0002052
GO:0006915	ZFA:0000033	ZP:0100026	PATO:0000057
GO:0008283	ZFA:0000033	ZP:0100027	PATO:0002051
GO:0006915	ZFA:0000217	ZP:0100068	PATO:0002051
GO:0006915	ZFA:0001161	ZP:0100069	PATO:0002051
GO:0008283	ZFA:0005290	ZP:0100080	PATO:0000057
GO:0008283	ZFA:0005291	ZP:0100081	PATO:0000057
GO:0006915	ZFA:0001094	ZP:0100092	PATO:0000381
GO:0014866	ZFA:0005277	ZP:0100129	PATO:0002052
GO:0030593	ZFA:0000076	ZP:0100135	PATO:0002051
GO:0003351	ZFA:0000130	ZP:0100143	PATO:0000297
GO:0000423	ZFA:0005237	ZP:0100148	PATO:0000694
GO:0000423	ZFA:0005237	ZP:0100149	PATO:0002051
GO:0042541	ZFA:0009256	ZP:0100154	PATO:0002052
GO:0090075	ZFA:0000473	ZP:0100166	PATO:0000498
GO:0007585	ZFA:0001094	ZP:0100176	PATO:0001236
GO:0006954	ZFA:0009115	ZP:0100198	PATO:0002051
GO:0007219	ZFA:0000152	ZP:0100205	PATO:0002051
GO:0031099	ZFA:0009262	ZP:0100210	PATO:0002052
GO:0031099	ZFA:0009275	ZP:0100211	PATO:0002052
GO:0120029	ZFA:0000368	ZP:0100231	PATO:0002052
GO:0006915	ZFA:0000045	ZP:0100253	PATO:0002051
GO:0008283	ZFA:0000045	ZP:0100254	PATO:0002052
GO:0006915	ZFA:0000079	ZP:0100262	PATO:0002051
GO:0006915	ZFA:0000101	ZP:0100263	PATO:0002051
GO:0008283	ZFA:0001558	ZP:0100269	PATO:0002051
GO:1903008	ZFA:0001567	ZP:0100277	PATO:0002052
GO:0008090	ZFA:0009150	ZP:0100279	PATO:0002051
GO:0030010	ZFA:0009288	ZP:0100313	PATO:0002052
GO:0051453	ZFA:0009288	ZP:0100314	PATO:0001236
GO:0001946	ZFA:0009395	ZP:0100317	PATO:0002052
GO:0001946	ZFA:0005110	ZP:0100318	PATO:0002052
GO:0008219	ZFA:0000123	ZP:0100319	PATO:0002051
GO:0007411	ZFA:0000046	ZP:0100321	PATO:0001507
GO:0006897	ZFA:0009367	ZP:0100338	PATO:0002302
GO:0042073	ZFA:0009367	ZP:0100340	PATO:0002302
GO:0060271	ZFA:0009367	ZP:0100341	PATO:0002302
GO:0008283	ZFA:0001558	ZP:0100352	PATO:0002052
GO:0032475	ZFA:0000700	ZP:0100357	PATO:0000297
GO:0060114	ZFA:0000030	ZP:0100358	PATO:0000057
GO:0032475	ZFA:0000374	ZP:0100362	PATO:0000057
GO:0032475	ZFA:0000428	ZP:0100363	PATO:0000057
GO:0032475	ZFA:0000700	ZP:0100366	PATO:0000502
GO:0022010	ZFA:0000075	ZP:0100386	PATO:0000057
GO:0008283	ZFA:0000112	ZP:0100388	PATO:0002051
GO:0007409	ZFA:0009244	ZP:0100399	PATO:0001507
GO:0007411	ZFA:0000247	ZP:0100416	PATO:0001236
GO:0007411	ZFA:0001391	ZP:0100417	PATO:0001236
GO:0006915	ZFA:0009367	ZP:0100459	PATO:0002051
GO:0031099	ZFA:0001617	ZP:0100461	PATO:0001236
GO:0031099	ZFA:0009366	ZP:0100462	PATO:0001236
GO:0006915	ZFA:0001319	ZP:0100466	PATO:0002051
GO:0006915	ZFA:0009139	ZP:0100467	PATO:0001236
GO:0030282	ZFA:0000184	ZP:0100474	PATO:0002051
GO:0030282	ZFA:0001205	ZP:0100475	PATO:0002051
GO:0030282	ZFA:0001272	ZP:0100476	PATO:0002051
GO:0006954	ZFA:0009111	ZP:0100477	PATO:0002304
GO:0042246	ZFA:0001466	ZP:0100492	PATO:0002302
GO:0048675	ZFA:0009052	ZP:0100498	PATO:0001507
GO:0019226	ZFA:0000008	ZP:0100501	PATO:0002051
GO:0006915	ZFA:0001269	ZP:0100512	PATO:0000057
GO:0008283	ZFA:0009102	ZP:0100513	PATO:0002052
GO:0042593	ZFA:0001094	ZP:0100514	PATO:0002302
GO:0097475	ZFA:0000206	ZP:0100534	PATO:0000297
GO:0097475	ZFA:0000206	ZP:0100537	PATO:0002052
GO:0031101	ZFA:0005424	ZP:0100568	PATO:0000912
GO:0031101	ZFA:0005424	ZP:0100569	PATO:0015004
GO:0006914	ZFA:0000150	ZP:0100576	PATO:0002051
GO:0006915	ZFA:0001338	ZP:0100597	PATO:0001236
GO:0008283	ZFA:0000706	ZP:0100598	PATO:0001236
GO:0008283	ZFA:0001076	ZP:0100599	PATO:0002304
GO:0008283	ZFA:0001323	ZP:0100600	PATO:0002304
GO:0006915	ZFA:0001269	ZP:0100603	PATO:0002051
GO:0030593	ZFA:0001269	ZP:0100604	PATO:0000057
GO:0045321	ZFA:0000114	ZP:0100609	PATO:0002051
GO:0030282	ZFA:0001269	ZP:0100619	PATO:0000057
GO:0030282	ZFA:0000250	ZP:0100627	PATO:0001236
GO:0030282	ZFA:0000250	ZP:0100628	PATO:0002304
GO:0090130	ZFA:0000121	ZP:0100630	PATO:0002052
GO:0090130	ZFA:0000121	ZP:0100631	PATO:0002302
GO:0014866	ZFA:0009116	ZP:0100633	PATO:0002302
GO:0000226	ZFA:0000084	ZP:0100638	PATO:0001236
GO:0001578	ZFA:0000084	ZP:0100639	PATO:0001236
GO:0046785	ZFA:0000084	ZP:0100642	PATO:0001236
GO:0006915	ZFA:0005277	ZP:0100671	PATO:0002051
GO:0001503	ZFA:0000126	ZP:0100696	PATO:0000502
GO:0008283	ZFA:0001202	ZP:0100704	PATO:0002052
GO:0030282	ZFA:0000126	ZP:0100705	PATO:0002304
GO:0030282	ZFA:0000519	ZP:0100706	PATO:0002304
GO:0030282	ZFA:0001066	ZP:0100707	PATO:0002304
GO:0000165	ZFA:0009076	ZP:0100726	PATO:0002052
GO:0120029	ZFA:0000368	ZP:0100759	PATO:0002302
GO:0120029	ZFA:0000368	ZP:0100760	PATO:0002304
GO:0120029	ZFA:0005327	ZP:0100762	PATO:0002304
GO:0120029	ZFA:0005323	ZP:0100763	PATO:0002304
GO:0019226	ZFA:0000008	ZP:0100788	PATO:0000057
GO:0008219	ZFA:0000012	ZP:0100800	PATO:0002051
GO:0006816	ZFA:0009316	ZP:0100802	PATO:0001236
GO:0008219	ZFA:0000114	ZP:0100803	PATO:0002051
GO:0006914	ZFA:0005145	ZP:0100814	PATO:0000057
GO:0006914	ZFA:0005145	ZP:0100815	PATO:0002051
GO:0019835	ZFA:0009111	ZP:0100816	PATO:0002051
GO:0008219	ZFA:0001269	ZP:0100827	PATO:0002051
GO:0006915	ZFA:0000505	ZP:0100879	PATO:0002051
GO:0048668	ZFA:0009052	ZP:0100883	PATO:0001507
GO:0006915	ZFA:0005060	ZP:0100894	PATO:0002051
GO:0006954	ZFA:0000009	ZP:0100895	PATO:0002051
GO:0008283	ZFA:0005060	ZP:0100896	PATO:0002051
GO:0030282	ZFA:0000737	ZP:0100907	PATO:0001507
GO:0030282	ZFA:0000737	ZP:0100908	PATO:0002304
GO:0008283	ZFA:0001596	ZP:0100941	PATO:0002052
GO:0016477	ZFA:0001596	ZP:0100942	PATO:0002052
GO:0008283	ZFA:0001078	ZP:0100947	PATO:0002302
GO:0006915	ZFA:0001078	ZP:0100948	PATO:0002304
GO:0006915	ZFA:0000056	ZP:0100951	PATO:0001236
GO:0008283	ZFA:0000056	ZP:0100952	PATO:0002302
GO:0001508	ZFA:0000109	ZP:0100973	PATO:0002051
GO:0001508	ZFA:0000445	ZP:0100974	PATO:0002051
GO:0006629	ZFA:0000123	ZP:0100982	PATO:0001507
GO:0007219	ZFA:0000152	ZP:0101002	PATO:0000297
GO:0008219	ZFA:0009127	ZP:0101004	PATO:0002051
GO:0051899	ZFA:0000778	ZP:0101025	PATO:0000381
GO:0051899	ZFA:0009052	ZP:0101026	PATO:0000381
GO:0043403	ZFA:0005277	ZP:0101039	PATO:0002052
GO:0016042	ZFA:0000008	ZP:0101046	PATO:0002302
GO:0008283	ZFA:0009007	ZP:0101063	PATO:0002051
GO:0008283	ZFA:0009133	ZP:0101064	PATO:0002051
GO:1903673	ZFA:0001175	ZP:0101079	PATO:0001236
GO:0042063	ZFA:0000075	ZP:0101083	PATO:0002052
GO:0048677	ZFA:0000075	ZP:0101085	PATO:0000912
GO:0048677	ZFA:0000075	ZP:0101086	PATO:0015004
GO:0031099	ZFA:0000075	ZP:0101088	PATO:0000912
GO:0031099	ZFA:0000075	ZP:0101089	PATO:0015004
GO:0006635	ZFA:0000123	ZP:0101093	PATO:0000161
GO:0006635	ZFA:0000123	ZP:0101094	PATO:0000912
GO:0006635	ZFA:0005145	ZP:0101095	PATO:0000912
GO:0007617	ZFA:0000242	ZP:0101111	PATO:0001236
GO:0007617	ZFA:0000242	ZP:0101112	PATO:0002304
GO:0007617	ZFA:0000303	ZP:0101113	PATO:0001236
GO:0030282	ZFA:0000578	ZP:0101126	PATO:0002051
GO:0019226	ZFA:0001314	ZP:0101136	PATO:0002302
GO:0098814	ZFA:0009149	ZP:0101160	PATO:0000381
GO:0008219	ZFA:0000008	ZP:0101168	PATO:0002051
GO:0008283	ZFA:0009073	ZP:0101169	PATO:0002051
GO:0008015	ZFA:0000180	ZP:0101217	PATO:0001236
GO:0009416	ZFA:0000445	ZP:0101242	PATO:0002302
GO:0043473	ZFA:0001094	ZP:0101258	PATO:0001236
GO:0014046	ZFA:0000008	ZP:0101272	PATO:0002052
GO:0008344	ZFA:0001094	ZP:0101274	PATO:0001236
GO:0051938	ZFA:0000109	ZP:0101275	PATO:0001507
GO:0048246	ZFA:0005120	ZP:0101286	PATO:0002051
GO:0050982	ZFA:0000938	ZP:0101305	PATO:0000057
GO:0090660	ZFA:0000075	ZP:0101306	PATO:0000057
GO:0098722	ZFA:0000109	ZP:0101307	PATO:0002051
GO:0061314	ZFA:0001615	ZP:0101318	PATO:0002051
GO:0048675	ZFA:0000247	ZP:0101326	PATO:0000297
GO:0007413	ZFA:0000543	ZP:0101333	PATO:0002052
GO:0001974	ZFA:0001269	ZP:0101341	PATO:0002052
GO:0001935	ZFA:0001269	ZP:0101346	PATO:0002052
GO:0001944	ZFA:0001269	ZP:0101347	PATO:0001507
GO:0097205	ZFA:0000151	ZP:0101354	PATO:0000057
GO:0019226	ZFA:0000109	ZP:0101357	PATO:0001236
GO:0009060	ZFA:0001094	ZP:0101363	PATO:0015003
GO:0060047	ZFA:0000471	ZP:0101386	PATO:0001845
GO:0098869	ZFA:0000035	ZP:0101402	PATO:0001507
GO:0001738	ZFA:0009397	ZP:0101409	PATO:0001236
GO:0030036	ZFA:0009397	ZP:0101410	PATO:0001236
GO:0035622	ZFA:0000123	ZP:0101411	PATO:0002302
GO:0061138	ZFA:0005164	ZP:0101412	PATO:0002051
GO:0061138	ZFA:0005164	ZP:0101413	PATO:0002052
GO:0070365	ZFA:0005147	ZP:0101426	PATO:0002052
GO:0050673	ZFA:0000150	ZP:0101433	PATO:0002051
GO:0007214	ZFA:0000008	ZP:0101454	PATO:0002052
GO:0060038	ZFA:0000114	ZP:0101463	PATO:0002052
GO:0061900	ZFA:0009280	ZP:0101484	PATO:0000057
GO:0042246	ZFA:0001466	ZP:0101488	PATO:0001236
GO:0008345	ZFA:0001094	ZP:0101492	PATO:0001236
GO:0030036	ZFA:0000084	ZP:0101534	PATO:0001507
GO:0140060	ZFA:0000295	ZP:0101612	PATO:0001507
GO:0048514	ZFA:0001620	ZP:0101615	PATO:0002051
GO:0048514	ZFA:0001621	ZP:0101617	PATO:0002051
GO:0061438	ZFA:0001620	ZP:0101619	PATO:0002051
GO:0061438	ZFA:0001621	ZP:0101621	PATO:0002051
GO:0006897	ZFA:0001620	ZP:0101622	PATO:0002051
GO:0006897	ZFA:0001621	ZP:0101623	PATO:0002051
GO:0007160	ZFA:0009025	ZP:0101631	PATO:0000297
GO:0007160	ZFA:0009025	ZP:0101632	PATO:0002052
GO:0030282	ZFA:0001559	ZP:0101641	PATO:0001303
GO:0007224	ZFA:0000115	ZP:0101655	PATO:0001507
GO:0060347	ZFA:0000009	ZP:0101656	PATO:0001507
GO:0014808	ZFA:0009114	ZP:0101678	PATO:0002302
GO:0030182	ZFA:0000032	ZP:0101685	PATO:0001236
GO:0006915	ZFA:0005272	ZP:0101701	PATO:0000057
GO:0007281	ZFA:0005272	ZP:0101703	PATO:0002052
GO:0008584	ZFA:0005272	ZP:0101704	PATO:0002051
GO:0008585	ZFA:0005272	ZP:0101705	PATO:0002052
GO:0019101	ZFA:0005272	ZP:0101706	PATO:0002052
GO:0019102	ZFA:0005272	ZP:0101707	PATO:0002051
GO:0008283	ZFA:0000413	ZP:0101715	PATO:0002052
GO:0008283	ZFA:0009016	ZP:0101716	PATO:0002052
GO:0008283	ZFA:0009386	ZP:0101717	PATO:0002052
GO:1990834	ZFA:0000402	ZP:0101726	PATO:0001236
GO:1990834	ZFA:0009358	ZP:0101727	PATO:0001236
GO:0030432	ZFA:0000112	ZP:0101731	PATO:0002052
GO:0008283	ZFA:0000121	ZP:0101740	PATO:0002052
GO:0048469	ZFA:0009118	ZP:0101742	PATO:0002052
GO:0008283	ZFA:0000079	ZP:0101750	PATO:0002052
GO:0021898	ZFA:0000079	ZP:0101751	PATO:0002052
GO:0008283	ZFA:0009019	ZP:0101753	PATO:0002052
GO:0008089	ZFA:0000175	ZP:0101766	PATO:0002302
GO:0070286	ZFA:0000175	ZP:0101769	PATO:0000057
GO:0036250	ZFA:0000175	ZP:0101778	PATO:0000057
GO:0098957	ZFA:0000175	ZP:0101779	PATO:0000057
GO:0098958	ZFA:0000175	ZP:0101780	PATO:0002052
GO:0098958	ZFA:0000175	ZP:0101794	PATO:0000057
GO:0008090	ZFA:0000175	ZP:0101796	PATO:0002052
GO:0098957	ZFA:0000175	ZP:0101797	PATO:0002052
GO:0008219	ZFA:0009076	ZP:0101802	PATO:0002051
GO:0008283	ZFA:0009076	ZP:0101803	PATO:0002052
GO:0007219	ZFA:0000152	ZP:0101821	PATO:0002052
GO:0044843	ZFA:0009325	ZP:0101824	PATO:0000502
GO:0048668	ZFA:0009052	ZP:0101831	PATO:0000057
GO:0051899	ZFA:0000778	ZP:0101840	PATO:0000380
GO:0051899	ZFA:0009052	ZP:0101842	PATO:0000380
GO:0060384	ZFA:0009117	ZP:0101843	PATO:0002052
GO:0071340	ZFA:0009117	ZP:0101844	PATO:0000057
GO:0097091	ZFA:0009052	ZP:0101845	PATO:0002052
GO:0098529	ZFA:0009117	ZP:0101846	PATO:0002052
GO:0098529	ZFA:0009117	ZP:0101851	PATO:0000057
GO:0006915	ZFA:0009262	ZP:0101858	PATO:0002051
GO:0006915	ZFA:0009275	ZP:0101859	PATO:0002051
GO:1990636	ZFA:0001109	ZP:0101867	PATO:0002051
GO:0007283	ZFA:0000403	ZP:0101871	PATO:0002051
GO:0048496	ZFA:0000403	ZP:0101872	PATO:0001507
GO:0008045	ZFA:0005441	ZP:0101882	PATO:0001236
GO:0007411	ZFA:0009244	ZP:0101887	PATO:0001236
GO:0008045	ZFA:0005439	ZP:0101888	PATO:0001236
GO:0008045	ZFA:0005440	ZP:0101889	PATO:0001236
GO:0008045	ZFA:0005450	ZP:0101890	PATO:0001236
GO:0042551	ZFA:0000206	ZP:0101895	PATO:0000694
GO:0032060	ZFA:0009288	ZP:0101912	PATO:0002051
GO:0030041	ZFA:0009288	ZP:0101913	PATO:0002052
GO:0035736	ZFA:0000152	ZP:0101916	PATO:0002052
GO:0008283	ZFA:0009303	ZP:0101918	PATO:0001507
GO:0016477	ZFA:0009303	ZP:0101920	PATO:0000502
GO:0008219	ZFA:0001115	ZP:0101937	PATO:0002051
GO:0120029	ZFA:0005323	ZP:0101938	PATO:0002302
GO:0120029	ZFA:0005327	ZP:0101939	PATO:0002302
GO:0140059	ZFA:0000213	ZP:0101941	PATO:0001236
GO:0001966	ZFA:0001094	ZP:0101942	PATO:0001507
GO:0098908	ZFA:0000445	ZP:0101950	PATO:0001507
GO:0009612	ZFA:0009367	ZP:0101954	PATO:0002302
GO:0008283	ZFA:0000114	ZP:0101957	PATO:0002051
GO:0001944	ZFA:0005037	ZP:0101963	PATO:0002302
GO:0010882	ZFA:0000009	ZP:0101965	PATO:0002302
GO:0006954	ZFA:0005781	ZP:0101971	PATO:0002051
GO:0060038	ZFA:0005147	ZP:0101975	PATO:0002051
GO:0061026	ZFA:0000009	ZP:0101976	PATO:0002052
GO:0060122	ZFA:0000166	ZP:0101978	PATO:0002302
GO:0048469	ZFA:0009249	ZP:0101989	PATO:0000297
GO:0007520	ZFA:0009117	ZP:0101996	PATO:0001507
GO:2000425	ZFA:0000152	ZP:0102008	PATO:0001236
GO:0006915	ZFA:0001094	ZP:0102020	PATO:0002052
GO:0120077	ZFA:0005025	ZP:0102026	PATO:0000297
GO:0060384	ZFA:0009367	ZP:0102036	PATO:0001236
GO:0031099	ZFA:0009104	ZP:0102044	PATO:0002052
GO:0014003	ZFA:0000029	ZP:0102046	PATO:0002302
GO:0008283	ZFA:0009323	ZP:0102059	PATO:0002052
GO:0008283	ZFA:0009351	ZP:0102063	PATO:0002052
GO:0008283	ZFA:0000123	ZP:0102064	PATO:0001236
GO:0022008	ZFA:0000029	ZP:0102075	PATO:0002304
GO:0008283	ZFA:0000101	ZP:0102077	PATO:0001236
GO:0003317	ZFA:0001320	ZP:0102080	PATO:0001236
GO:0001755	ZFA:0000590	ZP:0102091	PATO:0001236
GO:0019722	ZFA:0009116	ZP:0102094	PATO:0001236
GO:0001885	ZFA:0000008	ZP:0102128	PATO:0002052
GO:0061351	ZFA:0001345	ZP:0102166	PATO:0000912
GO:0051402	ZFA:0001345	ZP:0102169	PATO:0000911
GO:0006915	ZFA:0005028	ZP:0102189	PATO:0002051
GO:0008283	ZFA:0005028	ZP:0102190	PATO:0002052
GO:0031103	ZFA:0000815	ZP:0102196	PATO:0002052
GO:0042074	ZFA:0000711	ZP:0102204	PATO:0000502
GO:0042074	ZFA:0000711	ZP:0102205	PATO:0001236
GO:0007409	ZFA:0009243	ZP:0102210	PATO:0001507
GO:0030282	ZFA:0001189	ZP:0102226	PATO:0001236
GO:0003401	ZFA:0000135	ZP:0102233	PATO:0002052
GO:0001894	ZFA:0005619	ZP:0102254	PATO:0001507
GO:0030282	ZFA:0001655	ZP:0102258	PATO:0001236
GO:0060271	ZFA:0000130	ZP:0102261	PATO:0001236
GO:0060271	ZFA:0001056	ZP:0102263	PATO:0001236
GO:0007416	ZFA:0000778	ZP:0102271	PATO:0000297
GO:0007416	ZFA:0009149	ZP:0102272	PATO:0000297
GO:0007416	ZFA:0009238	ZP:0102273	PATO:0000297
GO:0048675	ZFA:0000032	ZP:0102281	PATO:0001507
GO:0048675	ZFA:0000100	ZP:0102282	PATO:0001507
GO:0008219	ZFA:0005023	ZP:0102289	PATO:0002051
GO:0008283	ZFA:0009019	ZP:0102294	PATO:0001507
GO:0007416	ZFA:0009238	ZP:0102295	PATO:0002052
GO:0006915	ZFA:0001345	ZP:0102305	PATO:0002051
GO:0008283	ZFA:0001345	ZP:0102306	PATO:0002051
GO:0042552	ZFA:0000075	ZP:0102359	PATO:0001507
GO:0060038	ZFA:0001374	ZP:0102364	PATO:0002051
GO:0060038	ZFA:0005061	ZP:0102365	PATO:0002051
GO:0006915	ZFA:0001157	ZP:0102373	PATO:0001236
GO:0008283	ZFA:0001157	ZP:0102374	PATO:0001507
GO:0031099	ZFA:0000075	ZP:0102380	PATO:0001236
GO:1905517	ZFA:0005028	ZP:0102403	PATO:0002052
GO:0001568	ZFA:0005025	ZP:0102405	PATO:0001236
GO:0031099	ZFA:0001285	ZP:0102409	PATO:0002052
GO:0048703	ZFA:0001306	ZP:0102438	PATO:0002302
GO:0002062	ZFA:0001460	ZP:0102439	PATO:0002052
GO:0051216	ZFA:0001161	ZP:0102440	PATO:0002302
GO:0014036	ZFA:0001306	ZP:0102441	PATO:0001236
GO:0000423	ZFA:0005237	ZP:0102446	PATO:0002052
GO:0016055	ZFA:0000123	ZP:0102455	PATO:0002051
GO:0016055	ZFA:0009397	ZP:0102456	PATO:0002051
GO:0008283	ZFA:0009111	ZP:0102457	PATO:0002052
GO:0002040	ZFA:0001061	ZP:0102482	PATO:0002302
GO:0008015	ZFA:0001315	ZP:0102492	PATO:0001236
GO:0044458	ZFA:0000150	ZP:0102493	PATO:0001236
GO:0044458	ZFA:0000938	ZP:0102494	PATO:0001236
GO:0051726	ZFA:0000008	ZP:0102496	PATO:0001236
GO:0051726	ZFA:0000152	ZP:0102497	PATO:0001236
GO:0051726	ZFA:0000008	ZP:0102499	PATO:0002302
GO:0051726	ZFA:0000152	ZP:0102500	PATO:0002302
GO:1904124	ZFA:0000445	ZP:0102504	PATO:0001236
GO:0003341	ZFA:0000075	ZP:0102520	PATO:0001236
GO:0000278	ZFA:0000029	ZP:0102521	PATO:0000297
GO:0006915	ZFA:0000151	ZP:0102534	PATO:0000057
GO:0072015	ZFA:0001673	ZP:0102535	PATO:0002302
GO:0097205	ZFA:0000151	ZP:0102536	PATO:0002052
GO:0060231	ZFA:0001462	ZP:0102542	PATO:0002052
GO:0060038	ZFA:0000009	ZP:0102546	PATO:0002302
GO:0060038	ZFA:0000009	ZP:0102547	PATO:0001236
GO:0006915	ZFA:0000151	ZP:0102548	PATO:0002051
GO:0008219	ZFA:0001117	ZP:0102554	PATO:0002304
GO:0031103	ZFA:0000075	ZP:0102573	PATO:0015004
GO:0003310	ZFA:0000140	ZP:0102574	PATO:0002052
GO:0030154	ZFA:0005755	ZP:0102576	PATO:0002302
GO:0006915	ZFA:0009221	ZP:0102580	PATO:0002051
GO:0006915	ZFA:0009222	ZP:0102582	PATO:0002051
GO:0008283	ZFA:0000051	ZP:0102588	PATO:0002052
GO:0006915	ZFA:0001114	ZP:0102596	PATO:0000057
GO:0006915	ZFA:0000114	ZP:0102597	PATO:0002051
GO:0060536	ZFA:0001400	ZP:0102603	PATO:0001236
GO:0016055	ZFA:0001273	ZP:0102604	PATO:0002052
GO:0002383	ZFA:0000008	ZP:0102609	PATO:0015003
GO:0002548	ZFA:0000110	ZP:0102612	PATO:0002052
GO:0008283	ZFA:0000422	ZP:0102614	PATO:0002052
GO:0001508	ZFA:0000009	ZP:0102623	PATO:0001236
GO:0046903	ZFA:0009084	ZP:0102627	PATO:0002052
GO:0006914	ZFA:0001630	ZP:0102628	PATO:0000057
GO:0006915	ZFA:0001400	ZP:0102640	PATO:0002051
GO:0006915	ZFA:0009084	ZP:0102641	PATO:0002051
GO:0030282	ZFA:0001591	ZP:0102642	PATO:0002052
GO:0030282	ZFA:0001630	ZP:0102643	PATO:0002052
GO:0016476	ZFA:0000086	ZP:0102646	PATO:0002052
GO:0060536	ZFA:0001205	ZP:0102654	PATO:0001236
GO:0006915	ZFA:0009084	ZP:0102663	PATO:0001236
GO:0000278	ZFA:0000105	ZP:0102665	PATO:0000911
GO:0002064	ZFA:0000554	ZP:0102669	PATO:0001236
GO:0060384	ZFA:0009121	ZP:0102671	PATO:0001236
GO:0035914	ZFA:0001086	ZP:0102676	PATO:0001236
GO:0048741	ZFA:0009117	ZP:0102678	PATO:0002302
GO:0048846	ZFA:0005179	ZP:0102679	PATO:0002302
GO:0048846	ZFA:0005180	ZP:0102680	PATO:0002302
GO:0035148	ZFA:0000001	ZP:0102683	PATO:0002052
GO:0019226	ZFA:0001329	ZP:0102721	PATO:0001236
GO:0006914	ZFA:0001056	ZP:0102736	PATO:0000380
GO:0006914	ZFA:0000035	ZP:0102737	PATO:0000381
GO:0006914	ZFA:0000075	ZP:0102738	PATO:0000381
GO:0006914	ZFA:0001056	ZP:0102739	PATO:0000381
GO:0006914	ZFA:0001202	ZP:0102740	PATO:0000381
GO:0014033	ZFA:0001194	ZP:0102742	PATO:0001236
GO:0071425	ZFA:0005898	ZP:0102745	PATO:0002052
GO:0071425	ZFA:0000094	ZP:0102751	PATO:0000911
GO:0071425	ZFA:0000669	ZP:0102752	PATO:0000912
GO:1902489	ZFA:0000094	ZP:0102754	PATO:0002051
GO:0003260	ZFA:0001320	ZP:0102766	PATO:0001236
GO:0060975	ZFA:0005489	ZP:0102767	PATO:0002052
GO:0060975	ZFA:0005490	ZP:0102768	PATO:0002052
GO:1905590	ZFA:0005489	ZP:0102778	PATO:0002052
GO:0016477	ZFA:0000017	ZP:0102779	PATO:0002052
GO:0008219	ZFA:0009003	ZP:0102782	PATO:0002051
GO:0019228	ZFA:0001429	ZP:0102784	PATO:0001236
GO:0008306	ZFA:0001094	ZP:0102785	PATO:0015003
GO:0001755	ZFA:0001106	ZP:0102788	PATO:0001236
GO:0001755	ZFA:0001106	ZP:0102789	PATO:0002052
GO:0030593	ZFA:0001058	ZP:0102817	PATO:0001236
GO:0001935	ZFA:0001269	ZP:0102825	PATO:0002051
GO:0022008	ZFA:0000152	ZP:0102837	PATO:0001236
GO:0008283	ZFA:0009014	ZP:0102838	PATO:0002051
GO:0072554	ZFA:0000014	ZP:0102844	PATO:0001507
GO:0048846	ZFA:0005176	ZP:0102869	PATO:0001236
GO:0071222	ZFA:0009111	ZP:0102877	PATO:0001507
GO:0030851	ZFA:0000669	ZP:0102882	PATO:0001236
GO:0006915	ZFA:0000295	ZP:0102901	PATO:0001236
GO:1990266	ZFA:0001094	ZP:0102920	PATO:0001507
GO:0030263	ZFA:0001289	ZP:0102931	PATO:0002051
GO:0000082	ZFA:0000339	ZP:0102935	PATO:0000502
GO:0006915	ZFA:0000339	ZP:0102936	PATO:0000161
GO:0008283	ZFA:0000339	ZP:0102937	PATO:0001507
GO:0036268	ZFA:0001094	ZP:0102938	PATO:0000499
GO:0001503	ZFA:0000075	ZP:0102939	PATO:0001236
GO:0008219	ZFA:0000035	ZP:0102948	PATO:0002051
GO:0072012	ZFA:0001288	ZP:0102994	PATO:0001507
GO:0006914	ZFA:0009367	ZP:0103005	PATO:0001507
GO:0006914	ZFA:0005277	ZP:0103013	PATO:0001507
GO:0045214	ZFA:0009115	ZP:0103016	PATO:0001236
GO:0001556	ZFA:0001568	ZP:0103030	PATO:0001507
GO:0030728	ZFA:0000303	ZP:0103036	PATO:0000911
GO:0051080	ZFA:0001568	ZP:0103037	PATO:0001507
GO:0003272	ZFA:0001315	ZP:0103049	PATO:0000297
GO:0030593	ZFA:0001117	ZP:0103063	PATO:0001507
GO:0061314	ZFA:0001616	ZP:0103064	PATO:0002051
GO:0008283	ZFA:0000008	ZP:0103067	PATO:0001236
GO:0006915	ZFA:0000598	ZP:0103072	PATO:0002051
GO:0060271	ZFA:0009367	ZP:0103087	PATO:0001236
GO:0030282	ZFA:0000184	ZP:0103089	PATO:0002302
GO:0016477	ZFA:0005509	ZP:0103096	PATO:0001236
GO:0008283	ZFA:0001262	ZP:0103122	PATO:0002302
GO:0035845	ZFA:0009262	ZP:0103143	PATO:0001236
GO:0035845	ZFA:0009275	ZP:0103144	PATO:0002302
GO:0046549	ZFA:0009262	ZP:0103153	PATO:0002302
GO:0009790	ZFA:0001114	ZP:0103170	PATO:0000502
GO:0048514	ZFA:0005025	ZP:0103177	PATO:0002052
GO:0002042	ZFA:0009303	ZP:0103184	PATO:0000911
GO:0051301	ZFA:0009303	ZP:0103185	PATO:0002052
GO:0031099	ZFA:0001617	ZP:0103188	PATO:0015003
GO:0031099	ZFA:0009366	ZP:0103189	PATO:0015003
GO:0000278	ZFA:0000075	ZP:0103190	PATO:0000911
GO:0070444	ZFA:0000075	ZP:0103191	PATO:0000911
GO:0060384	ZFA:0000940	ZP:0103196	PATO:0002052
GO:0003007	ZFA:0000114	ZP:0103201	PATO:0002302
GO:0048840	ZFA:0000051	ZP:0103202	PATO:0002302
GO:0044458	ZFA:0000001	ZP:0103203	PATO:0002052
GO:0003351	ZFA:0000151	ZP:0103204	PATO:0002302
GO:0001774	ZFA:0000079	ZP:0103206	PATO:0002051
GO:0001774	ZFA:0000079	ZP:0103207	PATO:0001236
GO:0006915	ZFA:0000079	ZP:0103208	PATO:0001236
GO:0008283	ZFA:0009292	ZP:0103209	PATO:0001236
GO:0006915	ZFA:0001056	ZP:0103223	PATO:0002051
GO:0071482	ZFA:0000445	ZP:0103244	PATO:0000057
GO:0071482	ZFA:0000445	ZP:0103245	PATO:0002052
GO:0060343	ZFA:0000009	ZP:0103246	PATO:0002302
GO:0060070	ZFA:0000123	ZP:0103265	PATO:0002052
GO:0060070	ZFA:0001249	ZP:0103266	PATO:0002052
GO:0060070	ZFA:0000123	ZP:0103270	PATO:0000057
GO:0060070	ZFA:0001249	ZP:0103271	PATO:0000057
GO:0006915	ZFA:0000123	ZP:0103276	PATO:0045086
GO:0006915	ZFA:0000140	ZP:0103277	PATO:0045086
GO:0001525	ZFA:0005021	ZP:0103282	PATO:0001236
GO:0001525	ZFA:0005078	ZP:0103283	PATO:0001236
GO:0008015	ZFA:0001285	ZP:0103284	PATO:0001507
GO:0002040	ZFA:0000477	ZP:0103297	PATO:0001236
GO:0019226	ZFA:0009262	ZP:0103324	PATO:0001236
GO:0008089	ZFA:0009150	ZP:0103331	PATO:0000912
GO:0014036	ZFA:0000402	ZP:0103332	PATO:0001507
GO:0060271	ZFA:0000150	ZP:0103333	PATO:0001507
GO:0051216	ZFA:0001114	ZP:0103335	PATO:0001507
GO:0060271	ZFA:0000150	ZP:0103339	PATO:0001236
GO:0007411	ZFA:0000543	ZP:0103340	PATO:0001236
GO:0048846	ZFA:0000435	ZP:0103341	PATO:0000502
GO:0010842	ZFA:0000152	ZP:0103342	PATO:0001236
GO:0000070	ZFA:0000075	ZP:0103349	PATO:0001507
GO:0006915	ZFA:0001557	ZP:0103367	PATO:0002051
GO:0036268	ZFA:0001094	ZP:0103378	PATO:0001236
GO:0060385	ZFA:0000009	ZP:0103381	PATO:0001236
GO:0060385	ZFA:0000471	ZP:0103382	PATO:0001507
GO:0032292	ZFA:0000200	ZP:0103388	PATO:0002052
GO:0051216	ZFA:0001227	ZP:0103411	PATO:0002052
GO:0008283	ZFA:0001319	ZP:0103422	PATO:0002302
GO:0008283	ZFA:0001320	ZP:0103423	PATO:0002302
GO:0006915	ZFA:0009154	ZP:0103425	PATO:0002051
GO:0003009	ZFA:0001056	ZP:0103468	PATO:0002018
GO:0031175	ZFA:0000445	ZP:0103472	PATO:0000057
GO:0031175	ZFA:0000445	ZP:0103475	PATO:0002052
GO:0045214	ZFA:0009115	ZP:0103476	PATO:0002302
GO:0030010	ZFA:0001567	ZP:0103478	PATO:0002052
GO:0030010	ZFA:0001567	ZP:0103483	PATO:0000057
GO:1903008	ZFA:0001567	ZP:0103484	PATO:0000057
GO:0014866	ZFA:0005277	ZP:0103489	PATO:0000057
GO:0000165	ZFA:0001269	ZP:0103497	PATO:0002052
GO:0031103	ZFA:0000219	ZP:0103525	PATO:0002052
GO:0031103	ZFA:0005871	ZP:0103526	PATO:0002052
GO:0031103	ZFA:0000219	ZP:0103527	PATO:0000057
GO:0031103	ZFA:0005871	ZP:0103528	PATO:0000057
GO:0048645	ZFA:0001359	ZP:0103532	PATO:0002302
GO:0021982	ZFA:0009284	ZP:0103535	PATO:0002302
GO:0030154	ZFA:0001359	ZP:0103536	PATO:0002052
GO:0030154	ZFA:0009284	ZP:0103537	PATO:0002052
GO:0046530	ZFA:0000019	ZP:0103538	PATO:0001236
GO:0048645	ZFA:0001360	ZP:0103539	PATO:0002302
GO:0031175	ZFA:0000019	ZP:0103550	PATO:0002051
GO:0060271	ZFA:0000075	ZP:0103560	PATO:0001236
GO:1903047	ZFA:0000152	ZP:0103568	PATO:0000911
GO:0048667	ZFA:0009310	ZP:0103573	PATO:0002052
GO:0006936	ZFA:0001058	ZP:0103575	PATO:0002051
GO:0006936	ZFA:0001058	ZP:0103576	PATO:0002304
GO:0019226	ZFA:0000008	ZP:0103577	PATO:0002302
GO:0019226	ZFA:0000008	ZP:0103578	PATO:0002304
GO:0019226	ZFA:0000079	ZP:0103579	PATO:0002304
GO:0019226	ZFA:0000100	ZP:0103580	PATO:0002304
GO:0019226	ZFA:0000445	ZP:0103581	PATO:0002304
GO:0019226	ZFA:0000545	ZP:0103582	PATO:0002304
GO:0019722	ZFA:0000008	ZP:0103583	PATO:0002302
GO:0019722	ZFA:0000008	ZP:0103584	PATO:0002304
GO:0043129	ZFA:0000076	ZP:0103595	PATO:0000297
GO:0043129	ZFA:0000076	ZP:0103596	PATO:0002052
GO:0032438	ZFA:0000144	ZP:0103599	PATO:0002302
GO:0033059	ZFA:0009091	ZP:0103600	PATO:0002052
GO:0050935	ZFA:0000107	ZP:0103601	PATO:0002052
GO:0032418	ZFA:0000445	ZP:0103604	PATO:0002302
GO:0048753	ZFA:0009199	ZP:0103605	PATO:0002302
GO:0030318	ZFA:0000368	ZP:0103608	PATO:0002052
GO:0050935	ZFA:0000368	ZP:0103609	PATO:0002052
GO:0008283	ZFA:0005165	ZP:0103621	PATO:0002051
GO:0032418	ZFA:0000445	ZP:0103629	PATO:0001236
GO:0030241	ZFA:0009116	ZP:0103655	PATO:0002302
GO:0035914	ZFA:0009116	ZP:0103656	PATO:0002302
GO:0002040	ZFA:0001057	ZP:0103664	PATO:0001236
GO:0097722	ZFA:0000242	ZP:0103667	PATO:0001236
GO:0019228	ZFA:0005874	ZP:0103679	PATO:0002051
GO:0019722	ZFA:0005874	ZP:0103680	PATO:0002051
GO:0051899	ZFA:0005874	ZP:0103683	PATO:0002051
GO:0086010	ZFA:0005874	ZP:0103684	PATO:0002051
GO:0008283	ZFA:0000598	ZP:0103685	PATO:0002051
GO:0048094	ZFA:0001058	ZP:0103686	PATO:0002302
GO:0008283	ZFA:0001202	ZP:0103711	PATO:0000911
GO:0008283	ZFA:0000008	ZP:0103715	PATO:0002302
GO:0042246	ZFA:0000383	ZP:0103749	PATO:0000502
GO:0042246	ZFA:0000383	ZP:0103750	PATO:0015003
GO:0040007	ZFA:0000277	ZP:0103758	PATO:0001507
GO:0010506	ZFA:0000150	ZP:0103763	PATO:0001236
GO:0055088	ZFA:0001338	ZP:0103770	PATO:0001507
GO:0019226	ZFA:0000152	ZP:0103771	PATO:0002302
GO:0019226	ZFA:0009318	ZP:0103772	PATO:0002302
GO:0008219	ZFA:0009052	ZP:0103781	PATO:0002051
GO:0008015	ZFA:0001058	ZP:0103830	PATO:0002052
GO:0019228	ZFA:0000445	ZP:0103838	PATO:0001236
GO:0042074	ZFA:0000017	ZP:0103839	PATO:0001236
GO:0061371	ZFA:0000471	ZP:0103841	PATO:0001236
GO:0008283	ZFA:0001374	ZP:0103843	PATO:0002051
GO:0061337	ZFA:0000471	ZP:0103844	PATO:0002302
GO:0030239	ZFA:0000471	ZP:0103846	PATO:0001236
GO:0060415	ZFA:0007048	ZP:0103853	PATO:0002302
GO:0060415	ZFA:0007051	ZP:0103854	PATO:0002302
GO:0035992	ZFA:0000236	ZP:0103855	PATO:0002302
GO:0035992	ZFA:0000521	ZP:0103856	PATO:0002302
GO:0016204	ZFA:0007048	ZP:0103858	PATO:0002302
GO:0016204	ZFA:0007051	ZP:0103859	PATO:0002302
GO:0035989	ZFA:0000236	ZP:0103869	PATO:0002302
GO:0035989	ZFA:0000521	ZP:0103870	PATO:0002302
GO:0019722	ZFA:0000008	ZP:0103877	PATO:0002051
GO:0006915	ZFA:0000014	ZP:0103910	PATO:0001236
GO:0060031	ZFA:0001204	ZP:0103913	PATO:0002302
GO:0008283	ZFA:0001094	ZP:0103915	PATO:0002052
GO:0098609	ZFA:0000135	ZP:0103916	PATO:0001236
GO:0008283	ZFA:0005509	ZP:0103919	PATO:0001507
GO:0008283	ZFA:0009003	ZP:0103920	PATO:0001507
GO:0007519	ZFA:0001216	ZP:0103921	PATO:0001236
GO:0009416	ZFA:0000445	ZP:0103939	PATO:0001236
GO:0009416	ZFA:0000505	ZP:0103940	PATO:0001236
GO:0023041	ZFA:0000445	ZP:0103941	PATO:0001236
GO:0023041	ZFA:0000445	ZP:0103942	PATO:0002302
GO:0023041	ZFA:0000445	ZP:0103943	PATO:0002304
GO:0023041	ZFA:0000505	ZP:0103944	PATO:0001236
GO:0023041	ZFA:0000505	ZP:0103945	PATO:0002304
GO:0006914	ZFA:0009111	ZP:0103950	PATO:0002051
GO:0031101	ZFA:0001550	ZP:0103968	PATO:0015003
GO:0002040	ZFA:0000477	ZP:0103985	PATO:0001507
GO:0016477	ZFA:0009288	ZP:0103991	PATO:0002052
GO:0051301	ZFA:0000152	ZP:0103999	PATO:0002052
GO:0008283	ZFA:0009234	ZP:0104004	PATO:0001507
GO:0045494	ZFA:0009262	ZP:0104011	PATO:0015003
GO:0045494	ZFA:0009275	ZP:0104012	PATO:0002304
GO:0001556	ZFA:0000303	ZP:0104036	PATO:0001236
GO:0007283	ZFA:0000242	ZP:0104037	PATO:0000057
GO:0042713	ZFA:0000242	ZP:0104038	PATO:0000297
GO:0046543	ZFA:0000242	ZP:0104039	PATO:0002051
GO:0046543	ZFA:0000303	ZP:0104040	PATO:0000057
GO:0046544	ZFA:0000242	ZP:0104041	PATO:0002052
GO:0001556	ZFA:0000403	ZP:0104057	PATO:0000502
GO:0007286	ZFA:0000598	ZP:0104058	PATO:0000502
GO:0035262	ZFA:0005272	ZP:0104059	PATO:0001236
GO:0050908	ZFA:0000152	ZP:0104063	PATO:0002302
GO:0006915	ZFA:0009046	ZP:0104085	PATO:0002051
GO:0048469	ZFA:0009046	ZP:0104086	PATO:0002052
GO:0048730	ZFA:0001069	ZP:0104102	PATO:0001236
GO:0016477	ZFA:0000023	ZP:0104117	PATO:0001236
GO:0008283	ZFA:0000114	ZP:0104126	PATO:0002052
GO:0060038	ZFA:0005060	ZP:0104148	PATO:0002051
GO:0060038	ZFA:0005062	ZP:0104149	PATO:0002051
GO:0021707	ZFA:0000188	ZP:0104151	PATO:0002052
GO:0021707	ZFA:0000212	ZP:0104152	PATO:0002052
GO:0021707	ZFA:0000388	ZP:0104153	PATO:0002052
GO:0030282	ZFA:0001227	ZP:0104166	PATO:0001507
GO:0034505	ZFA:0000694	ZP:0104170	PATO:0001507
GO:0001503	ZFA:0001189	ZP:0104196	PATO:0002052
GO:0008015	ZFA:0001117	ZP:0104202	PATO:0001507
GO:0008152	ZFA:0000084	ZP:0104203	PATO:0001507
GO:0022011	ZFA:0000944	ZP:0104208	PATO:0000502
GO:0048932	ZFA:0000944	ZP:0104209	PATO:0000502
GO:0036135	ZFA:0000944	ZP:0104214	PATO:0000057
GO:0007249	ZFA:0001058	ZP:0104215	PATO:0002304
GO:0001525	ZFA:0005147	ZP:0104226	PATO:0002304
GO:0002040	ZFA:0001286	ZP:0104237	PATO:0002052
GO:0001764	ZFA:0005731	ZP:0104239	PATO:0000057
GO:0006915	ZFA:0000105	ZP:0104240	PATO:0002051
GO:0001964	ZFA:0001114	ZP:0104242	PATO:0000057
GO:0001964	ZFA:0001115	ZP:0104243	PATO:0002052
GO:0001966	ZFA:0001114	ZP:0104244	PATO:0000057
GO:0001966	ZFA:0001115	ZP:0104245	PATO:0002052
GO:0008015	ZFA:0001269	ZP:0104256	PATO:0001236
GO:0008015	ZFA:0001057	ZP:0104267	PATO:0002302
GO:0016264	ZFA:0000778	ZP:0104279	PATO:0002052
GO:0016264	ZFA:0009149	ZP:0104280	PATO:0002052
GO:1990349	ZFA:0000778	ZP:0104281	PATO:0000297
GO:1990349	ZFA:0009149	ZP:0104282	PATO:0000297
GO:0019226	ZFA:0000152	ZP:0104318	PATO:0001236
GO:0003351	ZFA:0000075	ZP:0104328	PATO:0001236
GO:0050982	ZFA:0000938	ZP:0104329	PATO:0002052
GO:0007411	ZFA:0009125	ZP:0104331	PATO:0001236
GO:0003351	ZFA:0000075	ZP:0104337	PATO:0002052
GO:0090660	ZFA:0000075	ZP:0104338	PATO:0002052
GO:0001501	ZFA:0001559	ZP:0104341	PATO:0002302
GO:0006302	ZFA:0001094	ZP:0104348	PATO:0002052
GO:0006915	ZFA:0001557	ZP:0104349	PATO:0000057
GO:0039015	ZFA:0001557	ZP:0104350	PATO:0000057
GO:0008219	ZFA:0000045	ZP:0104357	PATO:0002051
GO:0008360	ZFA:0000001	ZP:0104364	PATO:0001236
GO:0008361	ZFA:0000001	ZP:0104365	PATO:0001236
GO:0008015	ZFA:0000014	ZP:0104382	PATO:0015003
GO:0008015	ZFA:0000180	ZP:0104383	PATO:0015003
GO:0008015	ZFA:0001285	ZP:0104384	PATO:0015003
GO:0001525	ZFA:0005147	ZP:0104394	PATO:0002302
GO:0001525	ZFA:0005147	ZP:0104410	PATO:0001236
GO:0031099	ZFA:0009102	ZP:0104413	PATO:0015004
GO:0061564	ZFA:0000008	ZP:0104423	PATO:0000057
GO:0140060	ZFA:0009276	ZP:0104424	PATO:0002052
GO:0019228	ZFA:0000445	ZP:0104425	PATO:0002051
GO:1904456	ZFA:0000445	ZP:0104426	PATO:0002052
GO:0000278	ZFA:0000008	ZP:0104430	PATO:0000057
GO:0006915	ZFA:0000823	ZP:0104447	PATO:0002304
GO:0006915	ZFA:0000948	ZP:0104448	PATO:0002304
GO:0043697	ZFA:0009280	ZP:0104449	PATO:0002051
GO:0051301	ZFA:0009244	ZP:0104465	PATO:0002051
GO:0072089	ZFA:0009292	ZP:0104478	PATO:0002051
GO:0007042	ZFA:0001269	ZP:0104483	PATO:0002052
GO:0030282	ZFA:0000135	ZP:0104493	PATO:0001507
GO:0001568	ZFA:0001094	ZP:0104526	PATO:0002051
GO:0060287	ZFA:0000001	ZP:0104529	PATO:0001236
GO:0007411	ZFA:0005875	ZP:0104531	PATO:0001236
GO:0051301	ZFA:0000778	ZP:0104534	PATO:0000057
GO:0044838	ZFA:0009292	ZP:0104546	PATO:0001236
GO:0086010	ZFA:0000445	ZP:0104550	PATO:0000057
GO:0007416	ZFA:0000940	ZP:0104551	PATO:0002052
GO:1905072	ZFA:0000471	ZP:0104579	PATO:0001236
GO:1905072	ZFA:0000009	ZP:0104582	PATO:0001236
GO:0032475	ZFA:0000051	ZP:0104588	PATO:0002051
GO:0003351	ZFA:0000051	ZP:0104591	PATO:0000381
GO:0032475	ZFA:0000051	ZP:0104592	PATO:0001236
GO:0002040	ZFA:0000014	ZP:0104596	PATO:0002052
GO:0051301	ZFA:0000778	ZP:0104598	PATO:0002051
GO:0008015	ZFA:0005830	ZP:0104613	PATO:0002052
GO:0022008	ZFA:0000152	ZP:0104621	PATO:0000297
GO:0022008	ZFA:0000445	ZP:0104622	PATO:0000297
GO:0022008	ZFA:0000327	ZP:0104629	PATO:0000297
GO:0051209	ZFA:0009243	ZP:0104635	PATO:0000057
GO:0051209	ZFA:0009243	ZP:0104636	PATO:0000688
GO:0014866	ZFA:0005277	ZP:0104641	PATO:0002302
GO:0045214	ZFA:0005277	ZP:0104643	PATO:0002302
GO:0061564	ZFA:0000075	ZP:0104644	PATO:0001236
GO:0060384	ZFA:0009238	ZP:0104648	PATO:0001236
GO:0060384	ZFA:0009238	ZP:0104649	PATO:0002051
GO:0060287	ZFA:0000001	ZP:0104651	PATO:0002062
GO:0071907	ZFA:0000112	ZP:0104653	PATO:0002052
GO:0007034	ZFA:0000001	ZP:0104656	PATO:0000911
GO:0003382	ZFA:0000001	ZP:0104659	PATO:0001236
GO:0071482	ZFA:0000445	ZP:0104675	PATO:0002051
GO:0086010	ZFA:0000445	ZP:0104676	PATO:0002051
GO:1904862	ZFA:0009276	ZP:0104692	PATO:0002052
GO:0043588	ZFA:0000622	ZP:0104710	PATO:0002302
GO:0000278	ZFA:0000035	ZP:0104715	PATO:0000057
GO:0045022	ZFA:0001326	ZP:0104723	PATO:0002052
GO:0061502	ZFA:0001326	ZP:0104724	PATO:0002052
GO:0035148	ZFA:0000114	ZP:0104725	PATO:0002052
GO:0060975	ZFA:0001720	ZP:0104731	PATO:0000502
GO:0071907	ZFA:0000112	ZP:0104736	PATO:0001236
GO:0007263	ZFA:0000008	ZP:0104774	PATO:0002052
GO:0030182	ZFA:0009292	ZP:0104777	PATO:0002051
GO:0048675	ZFA:0009243	ZP:0104789	PATO:0000057
GO:1904861	ZFA:0005175	ZP:0104790	PATO:0000057
GO:1904861	ZFA:0009243	ZP:0104791	PATO:0002052
GO:1904862	ZFA:0009243	ZP:0104792	PATO:0000057
GO:1904861	ZFA:0009243	ZP:0104799	PATO:0000057
GO:0004197	ZFA:0009310	ZP:0105639	PATO:0000057
GO:0004601	ZFA:0009327	ZP:0105640	PATO:0002302
GO:0010092	ZFA:0001200	ZP:0105641	PATO:0002051
GO:0010092	ZFA:0001200	ZP:0105642	PATO:0002052
GO:0048568	ZFA:0001200	ZP:0105644	PATO:0002302
GO:0003351	ZFA:0009033	ZP:0105647	PATO:0002052
GO:0090660	ZFA:0000938	ZP:0105649	PATO:0002052
GO:0004197	ZFA:0009310	ZP:0105657	PATO:0002052
GO:0004097	ZFA:0000107	ZP:0105658	PATO:0001236
GO:0004097	ZFA:0009091	ZP:0105659	PATO:0002302
GO:0009799	ZFA:0001135	ZP:0105664	PATO:0002052
GO:0004984	ZFA:0000402	ZP:0105673	PATO:0002302
GO:0035149	ZFA:0000008	ZP:0105693	PATO:0002052
GO:0035149	ZFA:0001135	ZP:0105694	PATO:0002052
GO:0014009	ZFA:0000008	ZP:0105696	PATO:0002052
GO:0014009	ZFA:0000075	ZP:0105697	PATO:0002052
GO:0048568	ZFA:0001200	ZP:0105698	PATO:0000297
GO:0048589	ZFA:0001704	ZP:0105704	PATO:0000297
GO:0048856	ZFA:0000277	ZP:0105705	PATO:0001236
GO:0003990	ZFA:0000008	ZP:0105709	PATO:0002304
GO:0048916	ZFA:0001157	ZP:0105714	PATO:0002302
GO:0048920	ZFA:0001157	ZP:0105716	PATO:0000911
GO:0031099	ZFA:0000151	ZP:0105718	PATO:0015002
GO:0016477	ZFA:0000151	ZP:0105719	PATO:0001236
GO:0016477	ZFA:0000228	ZP:0105720	PATO:0000911
GO:0006897	ZFA:0009041	ZP:0105721	PATO:0002052
GO:0008283	ZFA:0000105	ZP:0105722	PATO:0002052
GO:0008283	ZFA:0009041	ZP:0105723	PATO:0002052
GO:0031099	ZFA:0001069	ZP:0105725	PATO:0001507
GO:0031099	ZFA:0009367	ZP:0105726	PATO:0001507
GO:0050910	ZFA:0009367	ZP:0105728	PATO:0002052
GO:0001503	ZFA:0000250	ZP:0105730	PATO:0002051
GO:0001503	ZFA:0000672	ZP:0105731	PATO:0002051
GO:0001503	ZFA:0000694	ZP:0105732	PATO:0002051
GO:0007219	ZFA:0009379	ZP:0105734	PATO:0002302
GO:0000278	ZFA:0009363	ZP:0105736	PATO:0000057
GO:0000278	ZFA:0009363	ZP:0105737	PATO:0002051
GO:0004035	ZFA:0000014	ZP:0105739	PATO:0002052
GO:0004097	ZFA:0009091	ZP:0105741	PATO:0001236
GO:0070509	ZFA:0000940	ZP:0105743	PATO:0001236
GO:0030282	ZFA:0000126	ZP:0105747	PATO:0002302
GO:0030282	ZFA:0000519	ZP:0105748	PATO:0002302
GO:0030282	ZFA:0001066	ZP:0105749	PATO:0002302
GO:1902600	ZFA:0005327	ZP:0105755	PATO:0000161
GO:1902600	ZFA:0005327	ZP:0105756	PATO:0000911
GO:0050910	ZFA:0000940	ZP:0105758	PATO:0002302
GO:0044458	ZFA:0000075	ZP:0105761	PATO:0002052
GO:1903409	ZFA:0009141	ZP:0105763	PATO:0002051
GO:0016477	ZFA:0000050	ZP:0105767	PATO:0001236
GO:0016477	ZFA:0000137	ZP:0105768	PATO:0001236
GO:0016477	ZFA:0001202	ZP:0105769	PATO:0001236
GO:0016477	ZFA:0001284	ZP:0105770	PATO:0001236
GO:0031099	ZFA:0000151	ZP:0105774	PATO:0001236
GO:0031099	ZFA:0000151	ZP:0105775	PATO:0015003
GO:0004971	ZFA:0009149	ZP:0105780	PATO:0001236
GO:0004972	ZFA:0009149	ZP:0105781	PATO:0000499
GO:0004972	ZFA:0009149	ZP:0105782	PATO:0002302
GO:0004528	ZFA:0001094	ZP:0105783	PATO:0002052
GO:0004465	ZFA:0000303	ZP:0105784	PATO:0002302
GO:0048561	ZFA:0009316	ZP:0105785	PATO:0001236
GO:0005096	ZFA:0000368	ZP:0105787	PATO:0002304
GO:0090594	ZFA:0009327	ZP:0105788	PATO:0000498
GO:0090594	ZFA:0009327	ZP:0105789	PATO:0000499
GO:0043236	ZFA:0001094	ZP:0105794	PATO:0002052
GO:0004100	ZFA:0005807	ZP:0105796	PATO:0002052
GO:0055010	ZFA:0005061	ZP:0105807	PATO:0002302
GO:0072554	ZFA:0005020	ZP:0105812	PATO:0002302
GO:0004035	ZFA:0009031	ZP:0105815	PATO:0002304
GO:0042246	ZFA:0000152	ZP:0105816	PATO:0002304
GO:0004672	ZFA:0000009	ZP:0105818	PATO:0002051
GO:0004679	ZFA:0005145	ZP:0105819	PATO:0002051
GO:0051209	ZFA:0000093	ZP:0105823	PATO:0002051
GO:0070509	ZFA:0000940	ZP:0105824	PATO:0002302
GO:0031103	ZFA:0000277	ZP:0105825	PATO:0000057
GO:0050910	ZFA:0009367	ZP:0105829	PATO:0000057
GO:0004721	ZFA:0000109	ZP:0105833	PATO:0000057
GO:0004721	ZFA:0000109	ZP:0105834	PATO:0002052
GO:0006915	ZFA:0005016	ZP:0105841	PATO:0000057
GO:0035779	ZFA:0005007	ZP:0105842	PATO:0000057
GO:0035779	ZFA:0005008	ZP:0105843	PATO:0000057
GO:0035779	ZFA:0005009	ZP:0105844	PATO:0000057
GO:0004035	ZFA:0005123	ZP:0105845	PATO:0001507
GO:0031101	ZFA:0001058	ZP:0105846	PATO:0000911
GO:1902600	ZFA:0005327	ZP:0105847	PATO:0000912
GO:0016298	ZFA:0001338	ZP:0105848	PATO:0002302
GO:0003990	ZFA:0000112	ZP:0105849	PATO:0002302
GO:0004000	ZFA:0000008	ZP:0105850	PATO:0002052
GO:0004096	ZFA:0000008	ZP:0105851	PATO:0002304
GO:0004364	ZFA:0000008	ZP:0105852	PATO:0002304
GO:0004602	ZFA:0000008	ZP:0105853	PATO:0002304
GO:0016209	ZFA:0000008	ZP:0105854	PATO:0002304
GO:0072089	ZFA:0000445	ZP:0105859	PATO:0002052
GO:0004096	ZFA:0000008	ZP:0105860	PATO:0002302
GO:0004364	ZFA:0000008	ZP:0105861	PATO:0002302
GO:0004601	ZFA:0000008	ZP:0105862	PATO:0002051
GO:0004784	ZFA:0000008	ZP:0105863	PATO:0002302
GO:0001508	ZFA:0000445	ZP:0105876	PATO:0001236
GO:0004396	ZFA:0005145	ZP:0105877	PATO:0001236
GO:0004611	ZFA:0000123	ZP:0105878	PATO:0001236
GO:0004743	ZFA:0005145	ZP:0105879	PATO:0001236
GO:0097621	ZFA:0000008	ZP:0105880	PATO:0002052
GO:0003990	ZFA:0000008	ZP:0105882	PATO:0001236
GO:0003990	ZFA:0000008	ZP:0105883	PATO:0002051
GO:0003263	ZFA:0005147	ZP:0105893	PATO:0002052
GO:0030282	ZFA:0001596	ZP:0105897	PATO:0002051
GO:0006954	ZFA:0000152	ZP:0105910	PATO:0002051
GO:0046844	ZFA:0001266	ZP:0105916	PATO:0001236
GO:0003140	ZFA:0000121	ZP:0105917	PATO:0000057
GO:0060047	ZFA:0000009	ZP:0105926	PATO:0002051
GO:0098816	ZFA:0009117	ZP:0105929	PATO:0000044
GO:0004674	ZFA:0000008	ZP:0105934	PATO:0002051
GO:0004674	ZFA:0000075	ZP:0105935	PATO:0002051
GO:0004674	ZFA:0000107	ZP:0105936	PATO:0002051
GO:0004674	ZFA:0000123	ZP:0105937	PATO:0002051
GO:0004674	ZFA:0000529	ZP:0105938	PATO:0002051
GO:0004674	ZFA:0001338	ZP:0105939	PATO:0002051
GO:0008137	ZFA:0001094	ZP:0105940	PATO:0002052
GO:0001944	ZFA:0005147	ZP:0105949	PATO:0002052
GO:0042060	ZFA:0005145	ZP:0105956	PATO:0001236
GO:0001503	ZFA:0000250	ZP:0105982	PATO:0002052
GO:0001503	ZFA:0000672	ZP:0105983	PATO:0002052
GO:0001503	ZFA:0000694	ZP:0105984	PATO:0002052
GO:0004984	ZFA:0009359	ZP:0105988	PATO:0002302
GO:0004097	ZFA:0000107	ZP:0105989	PATO:0001507
GO:0004097	ZFA:0009091	ZP:0105990	PATO:0001507
GO:0004691	ZFA:0001094	ZP:0105991	PATO:0002051
GO:0004517	ZFA:0009309	ZP:0105995	PATO:0002304
GO:0001525	ZFA:0005020	ZP:0105996	PATO:0002052
GO:0048514	ZFA:0000029	ZP:0105997	PATO:0002052
GO:0048514	ZFA:0000128	ZP:0105998	PATO:0000057
GO:0048514	ZFA:0005020	ZP:0105999	PATO:0000057
GO:0048514	ZFA:0005020	ZP:0106000	PATO:0002052
GO:0008015	ZFA:0005092	ZP:0106012	PATO:0000911
GO:0022010	ZFA:0000012	ZP:0106013	PATO:0002302
GO:0022011	ZFA:0000142	ZP:0106014	PATO:0002302
GO:0005248	ZFA:0009150	ZP:0106024	PATO:0002302
GO:0004129	ZFA:0000008	ZP:0106025	PATO:0002302
GO:0004568	ZFA:0000008	ZP:0106026	PATO:0002304
GO:0008121	ZFA:0000008	ZP:0106027	PATO:0002302
GO:0015929	ZFA:0000008	ZP:0106028	PATO:0002304
GO:0005262	ZFA:0009367	ZP:0106035	PATO:0002051
GO:0004392	ZFA:0001094	ZP:0106036	PATO:0002302
GO:0004356	ZFA:0000123	ZP:0106037	PATO:0002051
GO:0006909	ZFA:0009141	ZP:0106038	PATO:0002051
GO:0001569	ZFA:0000099	ZP:0106044	PATO:0001236
GO:0120077	ZFA:0000099	ZP:0106045	PATO:0001236
GO:0016298	ZFA:0000208	ZP:0106048	PATO:0000462
GO:0016298	ZFA:0001338	ZP:0106049	PATO:0002052
GO:0031099	ZFA:0009052	ZP:0106050	PATO:0001236
GO:0004565	ZFA:0000075	ZP:0106051	PATO:0002304
GO:0007528	ZFA:0001056	ZP:0106052	PATO:0002052
GO:0008283	ZFA:0009398	ZP:0106053	PATO:0002052
GO:0070365	ZFA:0005147	ZP:0106054	PATO:0000502
GO:0008137	ZFA:0001094	ZP:0106068	PATO:0000057
GO:0005262	ZFA:0009367	ZP:0106069	PATO:0002304
GO:0004601	ZFA:0001094	ZP:0106072	PATO:0002051
GO:0016422	ZFA:0000008	ZP:0106073	PATO:0002052
GO:0016422	ZFA:0000123	ZP:0106074	PATO:0002052
GO:0016422	ZFA:0000403	ZP:0106075	PATO:0002052
GO:0016422	ZFA:0000598	ZP:0106076	PATO:0002052
GO:0016422	ZFA:0005145	ZP:0106077	PATO:0002052
GO:0004465	ZFA:0000303	ZP:0106081	PATO:0002304
GO:0004465	ZFA:0005654	ZP:0106082	PATO:0002304
GO:0004364	ZFA:0001094	ZP:0106090	PATO:0002302
GO:0004364	ZFA:0001094	ZP:0106091	PATO:0001236
GO:0060038	ZFA:0005059	ZP:0106093	PATO:0002051
GO:0006487	ZFA:0001094	ZP:0106094	PATO:0002302
GO:0060384	ZFA:0000619	ZP:0106096	PATO:0001236
GO:0060384	ZFA:0001025	ZP:0106097	PATO:0001236
GO:0033142	ZFA:0000403	ZP:0106103	PATO:0001236
GO:0022011	ZFA:0000142	ZP:0106109	PATO:0001236
GO:0007343	ZFA:0001569	ZP:0106127	PATO:0000057
GO:0006012	ZFA:0001094	ZP:0106142	PATO:0002302
GO:0008108	ZFA:0000008	ZP:0106143	PATO:0000297
GO:0008108	ZFA:0000403	ZP:0106144	PATO:0000297
GO:0008108	ZFA:0005277	ZP:0106145	PATO:0000297
GO:0044458	ZFA:0000075	ZP:0106195	PATO:0000057
GO:0090660	ZFA:0000938	ZP:0106200	PATO:0045000
GO:0003351	ZFA:0009033	ZP:0106205	PATO:0045000
GO:0003341	ZFA:0000151	ZP:0106214	PATO:0000911
GO:0003341	ZFA:0000151	ZP:0106215	PATO:0002052
GO:0016081	ZFA:0009127	ZP:0106222	PATO:0002052
GO:0099536	ZFA:0009320	ZP:0106224	PATO:0001236
GO:0042742	ZFA:0000008	ZP:0106227	PATO:0002302
GO:0031099	ZFA:0009052	ZP:0106235	PATO:0015003
GO:0048677	ZFA:0009052	ZP:0106236	PATO:0001236
GO:0008283	ZFA:0007116	ZP:0106237	PATO:0002304
GO:0000165	ZFA:0000008	ZP:0106257	PATO:0002052
GO:0000165	ZFA:0001094	ZP:0106258	PATO:0002052
GO:0000165	ZFA:0005020	ZP:0106259	PATO:0002052
GO:0043491	ZFA:0001094	ZP:0106260	PATO:0002052
GO:0001944	ZFA:0005020	ZP:0106264	PATO:0002052
GO:0008283	ZFA:0001115	ZP:0106266	PATO:0000057
GO:0021534	ZFA:0000029	ZP:0106267	PATO:0000057
GO:0021846	ZFA:0000109	ZP:0106268	PATO:0000057
GO:0033278	ZFA:0000128	ZP:0106269	PATO:0000057
GO:0043534	ZFA:0005020	ZP:0106270	PATO:0000911
GO:0101023	ZFA:0001052	ZP:0106271	PATO:0000057
GO:0101023	ZFA:0005020	ZP:0106272	PATO:0002052
GO:0042074	ZFA:0000060	ZP:0106273	PATO:0001236
GO:0000278	ZFA:0000008	ZP:0106285	PATO:0002051
GO:0046844	ZFA:0001565	ZP:0106300	PATO:0000297
GO:0046844	ZFA:0001566	ZP:0106301	PATO:0000297
GO:0060832	ZFA:0001565	ZP:0106302	PATO:0000057
GO:0060832	ZFA:0001567	ZP:0106303	PATO:0000057
GO:0046844	ZFA:0001570	ZP:0106307	PATO:0000297
GO:0007411	ZFA:0009243	ZP:0106330	PATO:0001236
GO:0035779	ZFA:0005007	ZP:0106347	PATO:0002052
GO:0035779	ZFA:0005008	ZP:0106348	PATO:0002052
GO:0035779	ZFA:0005009	ZP:0106349	PATO:0002052
GO:0035779	ZFA:0005016	ZP:0106350	PATO:0002052
GO:0001570	ZFA:0005007	ZP:0106355	PATO:0002052
GO:0001570	ZFA:0005008	ZP:0106356	PATO:0002052
GO:0001570	ZFA:0005009	ZP:0106357	PATO:0002052
GO:0001570	ZFA:0005016	ZP:0106358	PATO:0002052
GO:0008015	ZFA:0005007	ZP:0106362	PATO:0000297
GO:0008015	ZFA:0005008	ZP:0106363	PATO:0000297
GO:0008015	ZFA:0005009	ZP:0106364	PATO:0000297
GO:0008015	ZFA:0005016	ZP:0106365	PATO:0000297
GO:0006915	ZFA:0005007	ZP:0106373	PATO:0000057
GO:0006915	ZFA:0005008	ZP:0106374	PATO:0000057
GO:0006915	ZFA:0005009	ZP:0106375	PATO:0000057
GO:0008283	ZFA:0005007	ZP:0106376	PATO:0002052
GO:0008283	ZFA:0005008	ZP:0106377	PATO:0002052
GO:0008283	ZFA:0005009	ZP:0106378	PATO:0002052
GO:0008283	ZFA:0005016	ZP:0106379	PATO:0002052
GO:0007411	ZFA:0009149	ZP:0106389	PATO:0001236
GO:0061564	ZFA:0009052	ZP:0106399	PATO:0000057
GO:0061564	ZFA:0009150	ZP:0106400	PATO:0000057
GO:0030239	ZFA:0001056	ZP:0106401	PATO:0000057
GO:0045214	ZFA:0001056	ZP:0106402	PATO:0000057
GO:0006909	ZFA:0009327	ZP:0106408	PATO:0002052
GO:0008283	ZFA:0009077	ZP:0106417	PATO:0000502
GO:0060038	ZFA:0005059	ZP:0106421	PATO:0002052
GO:0030029	ZFA:0000093	ZP:0106425	PATO:0001236
GO:0051209	ZFA:0000093	ZP:0106426	PATO:0000380
GO:0051209	ZFA:0000093	ZP:0106427	PATO:0001236
GO:0030588	ZFA:0001570	ZP:0106435	PATO:0002052
GO:0000226	ZFA:0000093	ZP:0106436	PATO:0001236
GO:0001945	ZFA:0005034	ZP:0106443	PATO:0002052
GO:0001946	ZFA:0005603	ZP:0106444	PATO:0001236
GO:0007411	ZFA:0000713	ZP:0106458	PATO:0001236
GO:0048675	ZFA:0000713	ZP:0106459	PATO:0002052
GO:0031023	ZFA:0009288	ZP:0106465	PATO:0002302
GO:0051301	ZFA:0009288	ZP:0106467	PATO:0000911
GO:0051216	ZFA:0001611	ZP:0106468	PATO:0002052
GO:0051216	ZFA:0001612	ZP:0106469	PATO:0002052
GO:0051216	ZFA:0001580	ZP:0106470	PATO:0002052
GO:0008283	ZFA:0009065	ZP:0106476	PATO:0002051
GO:0008283	ZFA:0009065	ZP:0106478	PATO:0002052
GO:0042775	ZFA:0009065	ZP:0106480	PATO:0002304
GO:0016477	ZFA:0001326	ZP:0106493	PATO:0001236
GO:0007288	ZFA:0009006	ZP:0106500	PATO:0002302
GO:1901993	ZFA:0009005	ZP:0106504	PATO:0002052
GO:0001736	ZFA:0009367	ZP:0106509	PATO:0001236
GO:0048561	ZFA:0009367	ZP:0106510	PATO:0001236
GO:0006954	ZFA:0000112	ZP:0106512	PATO:0002304
GO:0061371	ZFA:0000114	ZP:0106525	PATO:0001236
GO:0002042	ZFA:0001285	ZP:0106526	PATO:0015003
GO:0001568	ZFA:0001285	ZP:0106527	PATO:0001236
GO:0008015	ZFA:0005024	ZP:0106528	PATO:0002302
GO:0001947	ZFA:0000114	ZP:0106532	PATO:0000297
GO:0048920	ZFA:0001157	ZP:0106537	PATO:0000297
GO:0048922	ZFA:0001157	ZP:0106543	PATO:0000502
GO:0048920	ZFA:0001157	ZP:0106544	PATO:0000161
GO:0008584	ZFA:0000598	ZP:0106547	PATO:0000057
GO:0008585	ZFA:0000403	ZP:0106548	PATO:0000057
GO:0031103	ZFA:0000277	ZP:0106563	PATO:0002052
GO:0031103	ZFA:0005147	ZP:0106564	PATO:0002052
GO:0060384	ZFA:0000368	ZP:0106566	PATO:0001236
GO:0060384	ZFA:0000277	ZP:0106571	PATO:0002052
GO:0003351	ZFA:0000150	ZP:0106575	PATO:0000057
GO:0003351	ZFA:0009033	ZP:0106576	PATO:0000057
GO:0031101	ZFA:0001161	ZP:0106577	PATO:0015004
GO:0040007	ZFA:0001269	ZP:0106578	PATO:0000912
GO:0040007	ZFA:0001161	ZP:0106580	PATO:0000912
GO:0050910	ZFA:0000125	ZP:0106581	PATO:0002052
GO:0050910	ZFA:0000136	ZP:0106582	PATO:0002052
GO:0050910	ZFA:0000813	ZP:0106583	PATO:0000057
GO:0050910	ZFA:0000814	ZP:0106584	PATO:0002052
GO:0050910	ZFA:0000939	ZP:0106585	PATO:0002052
GO:0050910	ZFA:0000940	ZP:0106586	PATO:0002052
GO:0031032	ZFA:0000309	ZP:0106590	PATO:0002052
GO:0050910	ZFA:0000813	ZP:0106594	PATO:0002052
GO:0050910	ZFA:0000940	ZP:0106595	PATO:0000057
GO:0050910	ZFA:0000125	ZP:0106596	PATO:0000057
GO:0050910	ZFA:0000136	ZP:0106597	PATO:0000057
GO:0050910	ZFA:0000814	ZP:0106598	PATO:0000057
GO:0050910	ZFA:0000939	ZP:0106599	PATO:0000057
GO:0050910	ZFA:0000940	ZP:0106600	PATO:0001236
GO:0031099	ZFA:0000135	ZP:0106602	PATO:0001236
GO:0008219	ZFA:0001374	ZP:0106620	PATO:0000057
GO:0008219	ZFA:0005061	ZP:0106621	PATO:0000057
GO:0060048	ZFA:0000009	ZP:0106624	PATO:0000297
GO:0060048	ZFA:0000471	ZP:0106625	PATO:0000297
GO:0098868	ZFA:0000486	ZP:0106638	PATO:0002051
GO:0098868	ZFA:0000514	ZP:0106639	PATO:0002051
GO:0098868	ZFA:0000486	ZP:0106641	PATO:0002052
GO:0098868	ZFA:0000514	ZP:0106642	PATO:0002052
GO:0033687	ZFA:0000486	ZP:0106645	PATO:0002051
GO:0033687	ZFA:0000514	ZP:0106646	PATO:0002051
GO:0006915	ZFA:0001367	ZP:0106655	PATO:0002051
GO:1903047	ZFA:0000008	ZP:0106656	PATO:0001507
GO:0008283	ZFA:0001374	ZP:0106657	PATO:0000057
GO:0008283	ZFA:0005061	ZP:0106658	PATO:0002052
GO:0055010	ZFA:0005061	ZP:0106659	PATO:0000057
GO:0055010	ZFA:0005061	ZP:0106660	PATO:0001236
GO:0000165	ZFA:0001615	ZP:0106664	PATO:0002052
GO:0042074	ZFA:0000017	ZP:0106668	PATO:0015003
GO:0060027	ZFA:0000017	ZP:0106669	PATO:0001236
GO:0060027	ZFA:0000017	ZP:0106670	PATO:0015003
GO:0098816	ZFA:0009117	ZP:0106675	PATO:0000381
GO:0003140	ZFA:0000121	ZP:0106676	PATO:0002052
GO:0035469	ZFA:0001260	ZP:0106677	PATO:0002052
GO:0007224	ZFA:0001094	ZP:0106678	PATO:0002052
GO:0045214	ZFA:0001319	ZP:0106693	PATO:0002302
GO:0060047	ZFA:0000471	ZP:0106694	PATO:0001236
GO:0045214	ZFA:0000009	ZP:0106695	PATO:0000057
GO:0045214	ZFA:0000471	ZP:0106696	PATO:0000057
GO:0060047	ZFA:0000009	ZP:0106697	PATO:0002052
GO:0060047	ZFA:0000242	ZP:0106698	PATO:0002302
GO:0060047	ZFA:0000303	ZP:0106699	PATO:0002302
GO:0036368	ZFA:0009262	ZP:0106712	PATO:0000502
GO:0036368	ZFA:0009262	ZP:0106713	PATO:0002052
GO:0050908	ZFA:0000046	ZP:0106714	PATO:0000057
GO:0050908	ZFA:0009262	ZP:0106715	PATO:0045086
GO:0006508	ZFA:0001569	ZP:0106735	PATO:0002052
GO:0035176	ZFA:0001094	ZP:0106756	PATO:0001236
GO:0016477	ZFA:0009003	ZP:0106757	PATO:0000502
GO:0016477	ZFA:0009003	ZP:0106758	PATO:0002302
GO:0071482	ZFA:0009262	ZP:0106770	PATO:0001236
GO:1903169	ZFA:0009262	ZP:0106771	PATO:0002302
GO:0060070	ZFA:0005064	ZP:0106781	PATO:0002302
GO:0007405	ZFA:0005147	ZP:0106789	PATO:0002052
GO:0031099	ZFA:0000075	ZP:0106794	PATO:0015003
GO:0031099	ZFA:0000114	ZP:0106795	PATO:0015003
GO:0031099	ZFA:0000152	ZP:0106796	PATO:0015003
GO:0031103	ZFA:0000075	ZP:0106797	PATO:0001236
GO:0061351	ZFA:0005147	ZP:0106814	PATO:0002052
GO:0006897	ZFA:0009041	ZP:0106820	PATO:0002051
GO:0008283	ZFA:0000105	ZP:0106821	PATO:0002051
GO:0008283	ZFA:0009041	ZP:0106822	PATO:0002051
GO:0004601	ZFA:0009327	ZP:0106829	PATO:0000297
GO:0070509	ZFA:0000114	ZP:0106836	PATO:0000380
GO:0070509	ZFA:0000114	ZP:0106837	PATO:0000381
GO:0070509	ZFA:0000114	ZP:0106838	PATO:0001236
GO:0060326	ZFA:0009324	ZP:0106841	PATO:0002052
GO:0002088	ZFA:0000035	ZP:0106846	PATO:0002302
GO:0002089	ZFA:0000035	ZP:0106848	PATO:0002302
GO:0070309	ZFA:0009401	ZP:0106849	PATO:0002302
GO:0002089	ZFA:0000035	ZP:0106852	PATO:0001236
GO:0070309	ZFA:0009401	ZP:0106853	PATO:0001236
GO:1990266	ZFA:0001269	ZP:0106860	PATO:0001236
GO:0008283	ZFA:0009199	ZP:0106883	PATO:0002052
GO:0031099	ZFA:0000277	ZP:0106886	PATO:0002052
GO:0040007	ZFA:0005147	ZP:0106887	PATO:0000911
GO:0048856	ZFA:0000277	ZP:0106889	PATO:0002302
GO:1905146	ZFA:0001558	ZP:0106891	PATO:0002052
GO:0032502	ZFA:0001704	ZP:0106893	PATO:0001236
GO:0048730	ZFA:0005147	ZP:0106894	PATO:0002052
GO:0048730	ZFA:0001704	ZP:0106895	PATO:0002052
GO:0090130	ZFA:0000105	ZP:0106896	PATO:0002051
GO:0006914	ZFA:0001287	ZP:0106899	PATO:0000057
GO:0031099	ZFA:0001069	ZP:0106904	PATO:0001236
GO:0031099	ZFA:0000123	ZP:0106906	PATO:0001507
GO:0050910	ZFA:0000217	ZP:0106909	PATO:0000297
GO:0050910	ZFA:0000217	ZP:0106910	PATO:0000057
GO:0048469	ZFA:0009327	ZP:0106912	PATO:0002052
GO:0006915	ZFA:0000035	ZP:0106921	PATO:0000057
GO:0051235	ZFA:0009014	ZP:0106922	PATO:0002052
GO:0060030	ZFA:0009139	ZP:0106929	PATO:0002052
GO:0034599	ZFA:0000107	ZP:0106930	PATO:0000057
GO:0030182	ZFA:0009310	ZP:0106931	PATO:0002052
GO:0006915	ZFA:0000093	ZP:0106957	PATO:0002051
GO:0008283	ZFA:0000093	ZP:0106958	PATO:0000297
GO:0007413	ZFA:0000109	ZP:0106977	PATO:0002052
GO:0007413	ZFA:0000128	ZP:0106978	PATO:0002052
GO:0006915	ZFA:0009142	ZP:0107036	PATO:0002051
GO:0021529	ZFA:0000075	ZP:0107039	PATO:0002051
GO:0021529	ZFA:0000075	ZP:0107040	PATO:0002052
GO:0048675	ZFA:0005865	ZP:0107043	PATO:0002052
GO:0007409	ZFA:0000029	ZP:0107084	PATO:0002018
GO:0048675	ZFA:0000697	ZP:0107085	PATO:0001236
GO:0140060	ZFA:0000453	ZP:0107086	PATO:0002052
GO:0140060	ZFA:0000668	ZP:0107087	PATO:0002052
GO:0022010	ZFA:0009150	ZP:0107094	PATO:0000297
GO:0007219	ZFA:0000014	ZP:0107114	PATO:0002052
GO:0008015	ZFA:0005017	ZP:0107126	PATO:0001236
GO:0002040	ZFA:0005025	ZP:0107130	PATO:0002052
GO:0022008	ZFA:0000050	ZP:0107138	PATO:0002051
GO:0022008	ZFA:0000050	ZP:0107162	PATO:0000502
GO:0002042	ZFA:0001285	ZP:0107166	PATO:0002052
GO:0016477	ZFA:0009198	ZP:0107169	PATO:0001507
GO:1905517	ZFA:0001114	ZP:0107170	PATO:0002052
GO:1905517	ZFA:0001114	ZP:0107171	PATO:0000499
GO:0007416	ZFA:0000610	ZP:0107176	PATO:0001507
GO:0006915	ZFA:0000152	ZP:0107181	PATO:0002052
GO:0006915	ZFA:0000445	ZP:0107182	PATO:0002052
GO:0036269	ZFA:0000242	ZP:0107186	PATO:0001236
GO:0016477	ZFA:0009324	ZP:0107190	PATO:0002302
GO:0003245	ZFA:0000114	ZP:0107209	PATO:0002302
GO:0007015	ZFA:0009316	ZP:0107213	PATO:0002302
GO:0032456	ZFA:0009316	ZP:0107215	PATO:0002052
GO:0003245	ZFA:0000114	ZP:0107217	PATO:0001236
GO:0003242	ZFA:0000009	ZP:0107218	PATO:0002052
GO:0003242	ZFA:0000471	ZP:0107219	PATO:0002052
GO:0016476	ZFA:0009316	ZP:0107220	PATO:0001236
GO:0035123	ZFA:0000102	ZP:0107221	PATO:0002302
GO:0035125	ZFA:0001069	ZP:0107222	PATO:0002302
GO:0001503	ZFA:0001400	ZP:0107233	PATO:0000694
GO:0001503	ZFA:0000300	ZP:0107237	PATO:0000694
GO:0001503	ZFA:0000467	ZP:0107238	PATO:0000694
GO:0001503	ZFA:0000621	ZP:0107239	PATO:0000694
GO:0001503	ZFA:0000692	ZP:0107240	PATO:0000694
GO:0001503	ZFA:0001517	ZP:0107241	PATO:0000694
GO:0001503	ZFA:0001520	ZP:0107242	PATO:0000694
GO:0019722	ZFA:0009303	ZP:0107253	PATO:0002052
GO:0051480	ZFA:0009303	ZP:0107254	PATO:0002052
GO:1901339	ZFA:0009303	ZP:0107255	PATO:0002052
GO:0007219	ZFA:0001285	ZP:0107257	PATO:0002052
GO:0120084	ZFA:0001285	ZP:0107258	PATO:0002052
GO:0000165	ZFA:0001285	ZP:0107259	PATO:0002052
GO:0007219	ZFA:0000014	ZP:0107264	PATO:0045086
GO:0006915	ZFA:0009046	ZP:0107267	PATO:0002304
GO:0008283	ZFA:0009046	ZP:0107268	PATO:0002302
GO:0035265	ZFA:0000107	ZP:0107269	PATO:0001433
GO:0008283	ZFA:0001289	ZP:0107271	PATO:0002052
GO:0035778	ZFA:0001621	ZP:0107286	PATO:0002051
GO:0035778	ZFA:0001624	ZP:0107287	PATO:0002052
GO:1903251	ZFA:0001558	ZP:0107288	PATO:0002052
GO:0034671	ZFA:0001558	ZP:0110335	PATO:0001236
GO:0051881	ZFA:0009367	ZP:0110338	PATO:0001236
GO:1903251	ZFA:0001558	ZP:0110342	PATO:0045086
GO:0097711	ZFA:0001558	ZP:0110352	PATO:0002052
GO:0006909	ZFA:0009256	ZP:0130681	PATO:0002051
GO:0007411	ZFA:0001322	ZP:0130683	PATO:0001236
GO:0007411	ZFA:0009150	ZP:0130684	PATO:0001236
GO:0048729	ZFA:0001616	ZP:0130688	PATO:0001236
GO:0048729	ZFA:0005064	ZP:0130689	PATO:0001236
GO:0008283	ZFA:0000243	ZP:0130709	PATO:0002051
GO:0031099	ZFA:0009367	ZP:0130710	PATO:0015004
GO:0019228	ZFA:0000445	ZP:0130721	PATO:0000057
GO:0098609	ZFA:0001176	ZP:0130738	PATO:0002052
GO:0019226	ZFA:0000109	ZP:0130750	PATO:0002051
GO:0008283	ZFA:0000009	ZP:0130752	PATO:0002051
GO:0075183	ZFA:0000008	ZP:0130764	PATO:0002051
GO:0075183	ZFA:0000114	ZP:0130765	PATO:0002051
GO:0008283	ZFA:0000079	ZP:0130774	PATO:0002304
GO:0090594	ZFA:0000079	ZP:0130775	PATO:0002304
GO:1904124	ZFA:0000079	ZP:0130776	PATO:0002304
GO:0006302	ZFA:0009248	ZP:0130777	PATO:0002051
GO:0051276	ZFA:0009248	ZP:0130778	PATO:0002051
GO:0004021	ZFA:0000007	ZP:0130781	PATO:0002304
GO:0006915	ZFA:0001338	ZP:0130783	PATO:0002051
GO:0008283	ZFA:0001338	ZP:0130784	PATO:0002051
GO:0050673	ZFA:0001338	ZP:0130785	PATO:0002051
GO:0050673	ZFA:0001338	ZP:0130786	PATO:0002052
GO:0030432	ZFA:0001338	ZP:0130789	PATO:0001236
GO:0031099	ZFA:0005024	ZP:0130791	PATO:0001236
GO:0031099	ZFA:0005024	ZP:0130792	PATO:0002052
GO:0006909	ZFA:0000008	ZP:0130795	PATO:0002052
GO:0006915	ZFA:0000008	ZP:0130796	PATO:0045000
GO:0008015	ZFA:0005037	ZP:0130846	PATO:0002052
GO:0007219	ZFA:0005147	ZP:0130855	PATO:0002302
GO:0055013	ZFA:0001315	ZP:0130877	PATO:0002302
GO:0006915	ZFA:0001094	ZP:0130886	PATO:0001236
GO:0060271	ZFA:0000048	ZP:0130890	PATO:0001236
GO:0034505	ZFA:0000694	ZP:0130892	PATO:0015003
GO:0019226	ZFA:0000445	ZP:0130909	PATO:0002051
GO:0120045	ZFA:0009367	ZP:0130958	PATO:0002302
GO:0120045	ZFA:0009367	ZP:0130963	PATO:0001236
GO:0008283	ZFA:0000152	ZP:0130966	PATO:0045086
GO:0050910	ZFA:0009367	ZP:0130969	PATO:0001236
GO:0007036	ZFA:0009077	ZP:0130985	PATO:0002302
GO:0008219	ZFA:0009141	ZP:0130992	PATO:0002051
GO:0072593	ZFA:0009141	ZP:0130993	PATO:0001236
GO:0031100	ZFA:0000114	ZP:0130995	PATO:0015003
GO:0051276	ZFA:0009248	ZP:0130996	PATO:0002052
GO:0019226	ZFA:0009248	ZP:0130997	PATO:0002052
GO:0051276	ZFA:0009248	ZP:0130998	PATO:0000057
GO:0008283	ZFA:0001286	ZP:0131001	PATO:0002052
GO:0048589	ZFA:0001286	ZP:0131002	PATO:0015003
GO:0006915	ZFA:0000054	ZP:0131016	PATO:0002051
GO:0006911	ZFA:0009077	ZP:0131019	PATO:0000498
GO:1904124	ZFA:0009077	ZP:0131020	PATO:0002052
GO:0008283	ZFA:0009165	ZP:0131034	PATO:0002051
GO:0042168	ZFA:0000529	ZP:0131036	PATO:0002052
GO:0001935	ZFA:0001057	ZP:0131044	PATO:0002051
GO:0008283	ZFA:0001057	ZP:0131045	PATO:0002051
GO:0048675	ZFA:0009310	ZP:0131052	PATO:0001236
GO:0006915	ZFA:0000339	ZP:0131053	PATO:0045086
GO:0008283	ZFA:0000339	ZP:0131054	PATO:0002302
GO:0008283	ZFA:0000339	ZP:0131055	PATO:0001236
GO:0006954	ZFA:0000330	ZP:0131063	PATO:0002051
GO:0006915	ZFA:0009014	ZP:0131069	PATO:0002051
GO:0008283	ZFA:0009014	ZP:0131070	PATO:0002052
GO:0048870	ZFA:0001180	ZP:0131076	PATO:0002051
GO:0098609	ZFA:0001180	ZP:0131077	PATO:0002302
GO:0098609	ZFA:0001180	ZP:0131078	PATO:0001236
GO:0008283	ZFA:0001179	ZP:0131079	PATO:0002051
GO:0016477	ZFA:0001616	ZP:0131089	PATO:0002052
GO:0006915	ZFA:0000008	ZP:0131091	PATO:0000911
GO:0006915	ZFA:0000008	ZP:0131092	PATO:0000912
GO:0006911	ZFA:0009077	ZP:0131096	PATO:0002052
GO:0006915	ZFA:0001115	ZP:0131097	PATO:0000912
GO:0090382	ZFA:0009077	ZP:0131100	PATO:0002052
GO:0004346	ZFA:0000123	ZP:0131107	PATO:0002051
GO:0004346	ZFA:0000123	ZP:0131108	PATO:0002052
GO:0004611	ZFA:0000123	ZP:0131109	PATO:0002051
GO:0004743	ZFA:0000123	ZP:0131110	PATO:0002051
GO:0004743	ZFA:0000123	ZP:0131111	PATO:0002052
GO:0004743	ZFA:0005145	ZP:0131112	PATO:0002052
GO:0004611	ZFA:0000123	ZP:0131115	PATO:0002052
GO:0006906	ZFA:0009077	ZP:0131116	PATO:0002052
GO:0008283	ZFA:0000140	ZP:0131126	PATO:0002051
GO:0006915	ZFA:0009165	ZP:0131130	PATO:0001236
GO:0030010	ZFA:0007087	ZP:0131131	PATO:0001507
GO:1990138	ZFA:0009243	ZP:0131140	PATO:0000057
GO:1990138	ZFA:0009243	ZP:0131141	PATO:0000297
GO:0060038	ZFA:0000009	ZP:0131162	PATO:0002051
GO:0008283	ZFA:0001115	ZP:0131163	PATO:0002051
GO:0008283	ZFA:0009327	ZP:0131168	PATO:0002051
GO:0006915	ZFA:0001114	ZP:0131169	PATO:0000380
GO:0036268	ZFA:0000242	ZP:0131175	PATO:0000498
GO:0007411	ZFA:0000668	ZP:0131177	PATO:0001507
GO:0030182	ZFA:0000024	ZP:0131181	PATO:0001236
GO:0032502	ZFA:0001094	ZP:0131193	PATO:0002052
GO:0060271	ZFA:0001135	ZP:0131194	PATO:0002052
GO:0008283	ZFA:0009292	ZP:0131217	PATO:0002052
GO:0009611	ZFA:0009077	ZP:0131218	PATO:0001236
GO:0009611	ZFA:0009292	ZP:0131219	PATO:0001236
GO:0090594	ZFA:0000079	ZP:0131220	PATO:0002052
GO:0000423	ZFA:0001114	ZP:0131225	PATO:0002052
GO:0042552	ZFA:0009052	ZP:0131231	PATO:0002052
GO:0006915	ZFA:0009165	ZP:0131232	PATO:0002051
GO:0003009	ZFA:0001056	ZP:0131235	PATO:0045073
GO:0007528	ZFA:0001056	ZP:0131237	PATO:0045073
GO:0045214	ZFA:0001056	ZP:0131238	PATO:0045073
GO:0007296	ZFA:0001110	ZP:0131252	PATO:0002052
GO:0035176	ZFA:0000242	ZP:0131258	PATO:0000057
GO:0044419	ZFA:0000242	ZP:0131259	PATO:0001507
GO:0008283	ZFA:0000109	ZP:0131265	PATO:0002052
GO:0031032	ZFA:0001064	ZP:0131281	PATO:0002052
GO:0008090	ZFA:0009243	ZP:0137216	PATO:0001236
GO:0098957	ZFA:0009243	ZP:0137220	PATO:0001236
GO:0098958	ZFA:0009243	ZP:0137221	PATO:0001236
GO:0007274	ZFA:0009243	ZP:0137225	PATO:0000080
GO:0046785	ZFA:0009243	ZP:0137230	PATO:0001236
GO:0006605	ZFA:0009084	ZP:0137238	PATO:0001236
GO:0007163	ZFA:0000022	ZP:0137241	PATO:0002052
GO:0002040	ZFA:0005024	ZP:0137242	PATO:0002051
GO:0030154	ZFA:0009310	ZP:0137251	PATO:0002052
GO:0031100	ZFA:0001287	ZP:0137253	PATO:0002052
GO:0030282	ZFA:0001227	ZP:0137266	PATO:0002052
GO:0004035	ZFA:0000277	ZP:0137282	PATO:0002051
GO:0030282	ZFA:0001559	ZP:0137287	PATO:0002304
GO:0007413	ZFA:0000534	ZP:0137289	PATO:0002302
GO:0007413	ZFA:0000543	ZP:0137290	PATO:0002302
GO:0060030	ZFA:0000132	ZP:0137293	PATO:0001236
GO:0060030	ZFA:0000132	ZP:0137294	PATO:0002052
GO:0008283	ZFA:0000150	ZP:0137307	PATO:0002051
GO:0003382	ZFA:0007125	ZP:0137316	PATO:0001236
GO:0021555	ZFA:0007125	ZP:0137317	PATO:0001236
GO:0035778	ZFA:0001622	ZP:0137318	PATO:0000057
GO:0031100	ZFA:0000529	ZP:0137328	PATO:0000057
GO:0031100	ZFA:0000529	ZP:0137329	PATO:0002052
GO:0060038	ZFA:0000471	ZP:0137334	PATO:0002051
GO:0008283	ZFA:0009367	ZP:0137345	PATO:0002051
GO:0043697	ZFA:0000150	ZP:0137346	PATO:0002051
GO:0043697	ZFA:0005147	ZP:0137347	PATO:0002051
GO:0006915	ZFA:0001287	ZP:0137357	PATO:0002051
GO:0030421	ZFA:0001094	ZP:0137379	PATO:0002051
GO:0008283	ZFA:0000029	ZP:0137412	PATO:0002052
GO:0007049	ZFA:0000152	ZP:0137413	PATO:0000498
GO:0008283	ZFA:0001289	ZP:0137414	PATO:0002051
GO:0002040	ZFA:0005024	ZP:0137444	PATO:0002052
GO:0042060	ZFA:0000075	ZP:0137449	PATO:0015004
GO:0031099	ZFA:0009052	ZP:0137450	PATO:0015004
GO:0031103	ZFA:0000219	ZP:0137451	PATO:0015004
GO:0031103	ZFA:0000543	ZP:0137452	PATO:0015002
GO:0045216	ZFA:0005025	ZP:0137453	PATO:0001236
GO:0045216	ZFA:0009036	ZP:0137454	PATO:0001236
GO:0048675	ZFA:0000435	ZP:0137465	PATO:0002052
GO:0140060	ZFA:0000435	ZP:0137466	PATO:0002052
GO:0007520	ZFA:0009117	ZP:0137467	PATO:0045086
GO:0008347	ZFA:0009076	ZP:0137468	PATO:0001236
GO:0060070	ZFA:0001161	ZP:0137471	PATO:0000057
GO:0061316	ZFA:0005064	ZP:0137472	PATO:0000057
GO:0060070	ZFA:0001460	ZP:0137475	PATO:0000057
GO:0061316	ZFA:0005064	ZP:0137476	PATO:0002052
GO:0008283	ZFA:0009102	ZP:0137479	PATO:0000057
GO:0008015	ZFA:0000114	ZP:0137485	PATO:0002302
GO:0008015	ZFA:0001114	ZP:0137486	PATO:0000297
GO:0008015	ZFA:0001117	ZP:0137487	PATO:0000297
GO:0071678	ZFA:0009125	ZP:0137493	PATO:0001236
GO:0009056	ZFA:0000084	ZP:0137501	PATO:0001507
GO:0007411	ZFA:0009247	ZP:0137506	PATO:0001236
GO:0000278	ZFA:0009015	ZP:0137509	PATO:0000297
GO:0031099	ZFA:0000944	ZP:0137516	PATO:0000912
GO:0031099	ZFA:0000944	ZP:0137517	PATO:0000911
GO:0006915	ZFA:0009324	ZP:0137531	PATO:0002051
GO:0006915	ZFA:0009111	ZP:0137533	PATO:0002051
GO:0071393	ZFA:0001264	ZP:0137540	PATO:0001236
GO:0014004	ZFA:0000008	ZP:0137542	PATO:0001507
GO:0015272	ZFA:0005061	ZP:0137547	PATO:0002052
GO:0015272	ZFA:0009316	ZP:0137548	PATO:0002052
GO:0006915	ZFA:0000009	ZP:0137549	PATO:0002051
GO:0006915	ZFA:0000471	ZP:0137550	PATO:0002051
GO:0007520	ZFA:0009117	ZP:0137570	PATO:0002052
GO:0008283	ZFA:0000141	ZP:0137600	PATO:0002302
GO:0043542	ZFA:0009036	ZP:0137632	PATO:0001507
GO:0006915	ZFA:0001622	ZP:0137647	PATO:0000057
GO:0008283	ZFA:0001622	ZP:0137648	PATO:0000057
GO:0035778	ZFA:0001622	ZP:0137649	PATO:0002052
GO:0072067	ZFA:0001622	ZP:0137651	PATO:0002052
GO:0006915	ZFA:0000135	ZP:0137653	PATO:0002051
GO:0035089	ZFA:0001622	ZP:0137654	PATO:0000057
GO:0060271	ZFA:0001622	ZP:0137655	PATO:0000057
GO:0042060	ZFA:0000075	ZP:0137663	PATO:0015002
GO:0031099	ZFA:0009052	ZP:0137665	PATO:0015002
GO:0031103	ZFA:0000219	ZP:0137666	PATO:0015002
GO:0035778	ZFA:0001622	ZP:0137668	PATO:0045086
GO:0035778	ZFA:0001624	ZP:0137669	PATO:0045086
GO:0097475	ZFA:0005731	ZP:0137678	PATO:0001236
GO:0035778	ZFA:0001621	ZP:0137693	PATO:0000057
GO:0035778	ZFA:0001624	ZP:0137694	PATO:0000057
GO:0008283	ZFA:0009363	ZP:0137696	PATO:0002051
GO:0072089	ZFA:0000016	ZP:0137708	PATO:0002052
GO:0021952	ZFA:0000008	ZP:0137720	PATO:0045086
GO:0071542	ZFA:0000008	ZP:0137721	PATO:0045086
GO:0061351	ZFA:0000008	ZP:0137735	PATO:0045086
GO:0001541	ZFA:0001263	ZP:0137748	PATO:0001507
GO:0048675	ZFA:0009243	ZP:0137757	PATO:0000297
GO:0060384	ZFA:0009150	ZP:0137758	PATO:0002052
GO:0048675	ZFA:0009247	ZP:0137760	PATO:0000297
GO:1905962	ZFA:0000008	ZP:0137762	PATO:0045086
GO:0097154	ZFA:0000008	ZP:0137775	PATO:0045086
GO:0007155	ZFA:0001056	ZP:0137781	PATO:0002052
GO:0006635	ZFA:0000123	ZP:0137796	PATO:0002052
GO:0006635	ZFA:0005145	ZP:0137797	PATO:0002052
GO:0001525	ZFA:0001285	ZP:0137799	PATO:0002052
GO:0001944	ZFA:0005024	ZP:0137800	PATO:0001236
GO:0008283	ZFA:0000173	ZP:0137806	PATO:0002051
GO:0008283	ZFA:0000471	ZP:0137807	PATO:0002051
GO:0030432	ZFA:0001338	ZP:0137812	PATO:0000381
GO:0003351	ZFA:0000151	ZP:0137814	PATO:0000688
GO:0060287	ZFA:0000001	ZP:0137815	PATO:0000688
GO:0003351	ZFA:0000075	ZP:0137816	PATO:0000688
GO:0014827	ZFA:0001076	ZP:0137818	PATO:0001507
GO:0008283	ZFA:0001135	ZP:0137834	PATO:0002051
GO:0006915	ZFA:0000150	ZP:0137835	PATO:0002051
GO:0006915	ZFA:0005781	ZP:0137836	PATO:0002051
GO:0060070	ZFA:0001460	ZP:0137843	PATO:0002052
GO:0061316	ZFA:0000173	ZP:0137844	PATO:0002052
GO:0061316	ZFA:0005064	ZP:0137845	PATO:0001236
GO:0000902	ZFA:0007120	ZP:0137857	PATO:0001236
GO:0071260	ZFA:0007120	ZP:0137859	PATO:0001236
GO:0006915	ZFA:0000114	ZP:0137866	PATO:0045086
GO:0090398	ZFA:0000123	ZP:0137919	PATO:0002051
GO:0034976	ZFA:0000123	ZP:0137920	PATO:0002051
GO:0003351	ZFA:0000001	ZP:0137922	PATO:0001236
GO:0044843	ZFA:0000023	ZP:0137923	PATO:0000297
GO:0007519	ZFA:0001216	ZP:0137937	PATO:0002302
GO:0035989	ZFA:0001216	ZP:0137938	PATO:0002302
GO:0030282	ZFA:0000126	ZP:0137944	PATO:0045073
GO:0030282	ZFA:0000538	ZP:0137945	PATO:0002302
GO:0030282	ZFA:0005606	ZP:0137946	PATO:0045073
GO:0060349	ZFA:0000538	ZP:0137947	PATO:0002302
GO:0048689	ZFA:0009149	ZP:0137966	PATO:0001236
GO:0031103	ZFA:0009149	ZP:0137967	PATO:0001236
GO:0031103	ZFA:0009149	ZP:0137968	PATO:0015003
GO:0048677	ZFA:0009149	ZP:0137969	PATO:0001236
GO:0048677	ZFA:0009149	ZP:0137970	PATO:0015003
GO:0019722	ZFA:0009116	ZP:0137988	PATO:0000381
GO:0019722	ZFA:0009116	ZP:0137989	PATO:0002302
GO:0097498	ZFA:0000014	ZP:0137991	PATO:0002052
GO:0097498	ZFA:0000477	ZP:0137992	PATO:0002052
GO:0034644	ZFA:0000019	ZP:0137998	PATO:0001507
GO:0071483	ZFA:0000019	ZP:0137999	PATO:0001507
GO:0071491	ZFA:0000019	ZP:0138000	PATO:0001507
GO:0009416	ZFA:0000019	ZP:0138001	PATO:0045086
GO:0007219	ZFA:0005077	ZP:0138005	PATO:0002052
GO:0035441	ZFA:0005042	ZP:0138006	PATO:0001236
GO:0008219	ZFA:0000032	ZP:0138044	PATO:0002051
GO:0061371	ZFA:0001065	ZP:0138045	PATO:0001507
GO:0060287	ZFA:0000001	ZP:0138047	PATO:0045086
GO:0030199	ZFA:0005647	ZP:0138065	PATO:0002302
GO:0048675	ZFA:0009310	ZP:0138071	PATO:0000502
GO:1905517	ZFA:0000123	ZP:0138072	PATO:0002051
GO:0048675	ZFA:0009310	ZP:0138073	PATO:0000057
GO:0071679	ZFA:0005185	ZP:0138075	PATO:0002052
GO:0071679	ZFA:0005195	ZP:0138076	PATO:0002052
GO:0071679	ZFA:0005196	ZP:0138077	PATO:0002052
GO:0071679	ZFA:0005198	ZP:0138078	PATO:0002052
GO:0071679	ZFA:0005209	ZP:0138079	PATO:0002052
GO:0002062	ZFA:0001205	ZP:0138087	PATO:0002302
GO:0007519	ZFA:0001216	ZP:0138090	PATO:0045073
GO:0035989	ZFA:0001216	ZP:0138091	PATO:0045073
GO:0007135	ZFA:0009005	ZP:0138094	PATO:0002052
GO:0031099	ZFA:0000114	ZP:0138101	PATO:0000502
GO:0030282	ZFA:0001189	ZP:0138102	PATO:0002304
GO:0060036	ZFA:0005746	ZP:0138104	PATO:0002302
GO:0051469	ZFA:0005746	ZP:0138108	PATO:0002052
GO:0030282	ZFA:0000135	ZP:0138114	PATO:0002304
GO:0031100	ZFA:0000009	ZP:0138118	PATO:0000502
GO:0031100	ZFA:0000009	ZP:0138119	PATO:0015003
GO:0060055	ZFA:0000009	ZP:0138122	PATO:0002052
GO:0060055	ZFA:0005147	ZP:0138123	PATO:0002052
GO:0003161	ZFA:0000471	ZP:0138130	PATO:0001236
GO:0016236	ZFA:0005280	ZP:0138131	PATO:0001236
GO:0031929	ZFA:0005277	ZP:0138132	PATO:0002304
GO:0031929	ZFA:0005280	ZP:0138133	PATO:0001236
GO:0086003	ZFA:0000009	ZP:0138134	PATO:0002304
GO:0004462	ZFA:0001094	ZP:0138149	PATO:0000297
GO:0004033	ZFA:0001094	ZP:0138154	PATO:0001236
GO:0048846	ZFA:0007001	ZP:0138159	PATO:0002302
GO:0035845	ZFA:0009154	ZP:0138168	PATO:0002302
GO:0006915	ZFA:0001464	ZP:0138178	PATO:0045086
GO:0070444	ZFA:0000075	ZP:0138181	PATO:0002051
GO:0005244	ZFA:0009327	ZP:0138186	PATO:0001507
GO:0019722	ZFA:0009327	ZP:0138188	PATO:0001507
GO:0008283	ZFA:0001064	ZP:0138211	PATO:0002052
GO:0006874	ZFA:0005146	ZP:0138232	PATO:0002302
GO:0016477	ZFA:0001157	ZP:0138233	PATO:0000911
GO:0016477	ZFA:0001157	ZP:0138236	PATO:0045000
GO:0045216	ZFA:0001285	ZP:0138241	PATO:0001236
GO:0048514	ZFA:0001285	ZP:0138242	PATO:0001236
GO:0008219	ZFA:0000084	ZP:0138243	PATO:0002051
GO:0045453	ZFA:0000277	ZP:0138267	PATO:0002052
GO:0042476	ZFA:0001239	ZP:0138272	PATO:0002051
GO:0008219	ZFA:0005898	ZP:0138288	PATO:0002051
GO:0008015	ZFA:0000014	ZP:0138290	PATO:0040033
GO:0008283	ZFA:0009236	ZP:0138295	PATO:0002052
GO:0006364	ZFA:0009236	ZP:0138300	PATO:0002052
GO:0009303	ZFA:0009236	ZP:0138301	PATO:0002052
GO:0042254	ZFA:0009236	ZP:0138303	PATO:0002052
GO:0042552	ZFA:0009063	ZP:0138333	PATO:0002051
GO:0007015	ZFA:0000088	ZP:0138338	PATO:0002052
GO:0008219	ZFA:0000137	ZP:0138342	PATO:0002051
GO:0008283	ZFA:0000035	ZP:0138343	PATO:0002052
GO:0022008	ZFA:0000197	ZP:0138359	PATO:0002302
GO:0010092	ZFA:0001360	ZP:0138360	PATO:0001236
GO:0016477	ZFA:0001360	ZP:0138361	PATO:0001236
GO:0031175	ZFA:0009052	ZP:0138366	PATO:0001236
GO:0008283	ZFA:0000050	ZP:0138370	PATO:0002052
GO:0006897	ZFA:0001558	ZP:0138375	PATO:0002052
GO:0031099	ZFA:0009327	ZP:0138377	PATO:0002052
GO:0015929	ZFA:0001114	ZP:0138385	PATO:0002302
GO:0015929	ZFA:0000008	ZP:0138393	PATO:0002302
GO:0015929	ZFA:0000123	ZP:0138394	PATO:0002302
GO:0015929	ZFA:0000140	ZP:0138395	PATO:0002302
GO:0015929	ZFA:0000413	ZP:0138396	PATO:0002302
GO:0015929	ZFA:0000436	ZP:0138397	PATO:0002302
GO:0015929	ZFA:0001338	ZP:0138398	PATO:0002302
GO:0006909	ZFA:0009141	ZP:0138401	PATO:0002052
GO:0001503	ZFA:0000561	ZP:0138404	PATO:0002052
GO:0001503	ZFA:0001216	ZP:0138405	PATO:0001507
GO:0001503	ZFA:0001279	ZP:0138406	PATO:0002052
GO:0001503	ZFA:0001281	ZP:0138407	PATO:0002052
GO:0048771	ZFA:0000277	ZP:0138415	PATO:0002051
GO:0046849	ZFA:0000277	ZP:0138416	PATO:0002051
GO:0060348	ZFA:0000277	ZP:0138417	PATO:0002051
GO:0060348	ZFA:0000376	ZP:0138418	PATO:0002051
GO:0007411	ZFA:0000435	ZP:0138434	PATO:0001507
GO:0007413	ZFA:0000435	ZP:0138435	PATO:0001507
GO:0001503	ZFA:0001189	ZP:0138450	PATO:0001236
GO:0046931	ZFA:0005790	ZP:0138457	PATO:0001236
GO:0046931	ZFA:0005790	ZP:0138458	PATO:0002302
GO:0043114	ZFA:0005790	ZP:0138460	PATO:0002302
GO:0019722	ZFA:0009243	ZP:0138462	PATO:0000044
GO:0007411	ZFA:0009243	ZP:0138468	PATO:0002052
GO:0048846	ZFA:0009243	ZP:0138469	PATO:0000297
GO:0034332	ZFA:0001486	ZP:0138475	PATO:0001507
GO:0035089	ZFA:0000050	ZP:0138476	PATO:0001507
GO:0032502	ZFA:0001114	ZP:0138481	PATO:0000502
GO:1905517	ZFA:0005755	ZP:0138492	PATO:0002051
GO:0006915	ZFA:0000012	ZP:0138495	PATO:0002304
GO:0006915	ZFA:0001202	ZP:0138496	PATO:0002304
GO:0006911	ZFA:0009111	ZP:0138497	PATO:0002051
GO:0072175	ZFA:0000110	ZP:0138506	PATO:0002052
GO:0072175	ZFA:0000159	ZP:0138507	PATO:0002052
GO:0072179	ZFA:0000150	ZP:0138508	PATO:0002052
GO:0072175	ZFA:0001372	ZP:0138513	PATO:0002052
GO:0072175	ZFA:0000112	ZP:0138514	PATO:0002052
GO:0000104	ZFA:0000008	ZP:0138530	PATO:0045086
GO:0000104	ZFA:0000107	ZP:0138531	PATO:0045086
GO:0000104	ZFA:0000558	ZP:0138532	PATO:0002052
GO:0000104	ZFA:0005277	ZP:0138533	PATO:0045086
GO:0004129	ZFA:0000008	ZP:0138534	PATO:0045086
GO:0004129	ZFA:0000107	ZP:0138535	PATO:0045086
GO:0004129	ZFA:0000558	ZP:0138536	PATO:0002052
GO:0004129	ZFA:0005277	ZP:0138537	PATO:0045086
GO:0042552	ZFA:0005663	ZP:0138547	PATO:0002052
GO:0042552	ZFA:0005665	ZP:0138548	PATO:0002052
GO:0048745	ZFA:0000173	ZP:0138565	PATO:0002302
GO:0061314	ZFA:0001375	ZP:0138568	PATO:0002302
GO:0001525	ZFA:0001285	ZP:0138570	PATO:0015003
GO:0006974	ZFA:0000123	ZP:0138571	PATO:0002051
GO:0008283	ZFA:0009111	ZP:0138572	PATO:0002302
GO:0007368	ZFA:0001558	ZP:0138573	PATO:0002052
GO:0010644	ZFA:0000008	ZP:0138575	PATO:0001507
GO:0006941	ZFA:0001058	ZP:0138579	PATO:0000380
GO:0001508	ZFA:0005177	ZP:0138580	PATO:0002302
GO:0031099	ZFA:0009091	ZP:0138585	PATO:0000057
GO:0031099	ZFA:0009091	ZP:0138587	PATO:0002052
GO:0032289	ZFA:0000075	ZP:0138592	PATO:0001236
GO:0032289	ZFA:0000075	ZP:0138599	PATO:0000911
GO:0006915	ZFA:0001566	ZP:0138602	PATO:0002051
GO:0006915	ZFA:0001568	ZP:0138603	PATO:0002051
GO:0006915	ZFA:0009227	ZP:0138604	PATO:0002051
GO:0006915	ZFA:0009229	ZP:0138605	PATO:0002051
GO:0008283	ZFA:0005147	ZP:0138610	PATO:0000502
GO:0016477	ZFA:0005921	ZP:0138615	PATO:0000502
GO:0045165	ZFA:0005921	ZP:0138635	PATO:0001507
GO:0007409	ZFA:0001094	ZP:0138649	PATO:0000161
GO:0007268	ZFA:0009262	ZP:0138657	PATO:0002302
GO:0008283	ZFA:0000107	ZP:0138663	PATO:0002304
GO:0031100	ZFA:0000114	ZP:0138679	PATO:0000297
GO:0031100	ZFA:0000114	ZP:0138680	PATO:0001236
GO:0044458	ZFA:0009033	ZP:0139731	PATO:0045086
GO:0042246	ZFA:0000277	ZP:0139733	PATO:0002302
GO:0060841	ZFA:0000477	ZP:0139747	PATO:0001236
GO:0055001	ZFA:0009117	ZP:0139749	PATO:0002302
GO:0006810	ZFA:0005942	ZP:0139763	PATO:0000057
GO:0017038	ZFA:0005942	ZP:0139764	PATO:0000057
GO:1990266	ZFA:0001338	ZP:0139767	PATO:0002051
GO:0090660	ZFA:0001261	ZP:0139772	PATO:0000297
GO:0008015	ZFA:0000477	ZP:0139775	PATO:0001507
GO:0090660	ZFA:0000938	ZP:0139776	PATO:0000911
GO:0003720	ZFA:0000079	ZP:0139798	PATO:0002018
GO:0002432	ZFA:0001094	ZP:0139799	PATO:0002051
GO:0006508	ZFA:0005943	ZP:0139819	PATO:0002304
GO:0030198	ZFA:0009084	ZP:0139830	PATO:0001507
GO:0030264	ZFA:0001094	ZP:0139840	PATO:0002051
GO:0055001	ZFA:0009116	ZP:0139843	PATO:0002302
GO:0008283	ZFA:0009367	ZP:0139844	PATO:0002302
GO:0001525	ZFA:0001052	ZP:0139852	PATO:0002302
GO:0060836	ZFA:0001115	ZP:0139855	PATO:0002052
GO:0090660	ZFA:0001261	ZP:0139858	PATO:0002302
GO:0004096	ZFA:0000123	ZP:0139861	PATO:0015003
GO:0004096	ZFA:0000529	ZP:0139862	PATO:0015003
GO:0004565	ZFA:0000368	ZP:0139863	PATO:0002051
GO:0006915	ZFA:0000529	ZP:0139864	PATO:0002051
GO:0044242	ZFA:0000123	ZP:0139865	PATO:0002051
GO:0044843	ZFA:0000529	ZP:0139866	PATO:0000502
GO:0001708	ZFA:0009076	ZP:0139891	PATO:0002052
GO:0030182	ZFA:0000197	ZP:0139907	PATO:0000502
GO:0030182	ZFA:0000213	ZP:0139909	PATO:0000502
GO:0032456	ZFA:0009150	ZP:0139915	PATO:0002052
GO:0090660	ZFA:0000161	ZP:0139929	PATO:0000297
GO:0050673	ZFA:0005124	ZP:0139958	PATO:0001236
GO:0048705	ZFA:0001189	ZP:0139994	PATO:0002302
GO:0030010	ZFA:0005919	ZP:0139997	PATO:0001507
GO:0019226	ZFA:0000445	ZP:0140004	PATO:0000057
GO:0002040	ZFA:0000029	ZP:0140006	PATO:0002052
GO:0001781	ZFA:0001269	ZP:0140010	PATO:0002051
GO:0001781	ZFA:0005898	ZP:0140011	PATO:0000057
GO:0001781	ZFA:0005898	ZP:0140012	PATO:0002051
GO:1990266	ZFA:0001069	ZP:0140013	PATO:0002051
GO:0060562	ZFA:0005165	ZP:0140040	PATO:0001507
GO:0009949	ZFA:0000243	ZP:0140046	PATO:0001236
GO:0048882	ZFA:0001115	ZP:0140050	PATO:0000502
GO:0008283	ZFA:0009036	ZP:0140051	PATO:0002051
GO:0023041	ZFA:0000505	ZP:0140055	PATO:0002051
GO:0030282	ZFA:0001189	ZP:0140085	PATO:0001507
GO:0008283	ZFA:0000119	ZP:0140093	PATO:0002052
GO:0030448	ZFA:0005145	ZP:0140097	PATO:0002051
GO:0004364	ZFA:0001094	ZP:0140113	PATO:0002052
GO:0004784	ZFA:0001094	ZP:0140114	PATO:0002052
GO:0016042	ZFA:0001094	ZP:0140117	PATO:0001236
GO:0016042	ZFA:0001094	ZP:0140118	PATO:0002302
GO:0016042	ZFA:0001094	ZP:0140119	PATO:0002304
GO:0000084	ZFA:0000445	ZP:0140130	PATO:0002051
GO:0070269	ZFA:0000368	ZP:0140133	PATO:0002051
GO:0070269	ZFA:0001287	ZP:0140134	PATO:0002051
GO:0006915	ZFA:0000529	ZP:0140139	PATO:0001236
GO:0008283	ZFA:0000152	ZP:0140145	PATO:0000057
GO:0032053	ZFA:0009033	ZP:0140146	PATO:0045086
GO:0002432	ZFA:0000123	ZP:0140152	PATO:0002051
GO:0002432	ZFA:0001338	ZP:0140153	PATO:0002051
GO:0061564	ZFA:0001713	ZP:0140160	PATO:0045073
GO:0007049	ZFA:0009111	ZP:0140179	PATO:0001236
GO:0004151	ZFA:0000123	ZP:0140188	PATO:0015003
GO:0004096	ZFA:0000123	ZP:0140203	PATO:0015002
GO:0004784	ZFA:0000123	ZP:0140204	PATO:0015003
GO:0034440	ZFA:0000123	ZP:0140205	PATO:0002051
GO:0006915	ZFA:0000428	ZP:0140209	PATO:0002051
GO:0006915	ZFA:0000700	ZP:0140210	PATO:0002051
GO:0001503	ZFA:0001554	ZP:0140226	PATO:0002052
GO:0030574	ZFA:0000114	ZP:0140232	PATO:0002304
GO:0042246	ZFA:0000114	ZP:0140233	PATO:0002304
GO:0072537	ZFA:0000114	ZP:0140234	PATO:0002304
GO:0098818	ZFA:0000539	ZP:0140248	PATO:0001236
GO:0006099	ZFA:0001094	ZP:0140264	PATO:0001507
GO:0035476	ZFA:0009065	ZP:0140272	PATO:0040033
GO:0035476	ZFA:0009303	ZP:0140273	PATO:0040033
GO:0019228	ZFA:0000505	ZP:0140274	PATO:0000381
GO:0019228	ZFA:0000505	ZP:0140275	PATO:0000695
GO:0019228	ZFA:0000505	ZP:0140276	PATO:0002017
GO:0004565	ZFA:0000368	ZP:0140280	PATO:0045086
GO:0008483	ZFA:0005654	ZP:0140293	PATO:0002051
GO:0008483	ZFA:0005654	ZP:0140294	PATO:0002052
GO:0004102	ZFA:0000008	ZP:0140309	PATO:0002302
GO:0060047	ZFA:0000471	ZP:0140310	PATO:0000504
GO:0030316	ZFA:0000277	ZP:0140314	PATO:0001236
GO:0030316	ZFA:0001189	ZP:0140315	PATO:0001236
GO:0008283	ZFA:0009262	ZP:0140333	PATO:0002051
GO:0008283	ZFA:0009262	ZP:0140334	PATO:0002052
GO:0008283	ZFA:0009275	ZP:0140335	PATO:0002052
GO:0006915	ZFA:0009316	ZP:0140336	PATO:0002051
GO:0030432	ZFA:0000112	ZP:0140341	PATO:0001236
GO:0009566	ZFA:0009006	ZP:0140357	PATO:0000911
GO:0006915	ZFA:0005256	ZP:0140382	PATO:0002051
GO:0008283	ZFA:0005124	ZP:0140383	PATO:0002051
GO:0046512	ZFA:0001094	ZP:0140385	PATO:0000911
GO:1904222	ZFA:0001094	ZP:0140386	PATO:0002052
GO:0048675	ZFA:0000445	ZP:0140393	PATO:0002052
GO:0003990	ZFA:0000008	ZP:0140394	PATO:0002302
GO:0004784	ZFA:0000008	ZP:0140398	PATO:0002304
GO:0051453	ZFA:0005327	ZP:0140410	PATO:0001236
GO:0061564	ZFA:0000445	ZP:0140418	PATO:0045073
GO:0061564	ZFA:0001713	ZP:0140419	PATO:0002302
GO:0033687	ZFA:0001269	ZP:0140421	PATO:0002052
GO:1990523	ZFA:0000514	ZP:0140422	PATO:0000911
GO:0006915	ZFA:0009114	ZP:0140435	PATO:0000057
GO:0001974	ZFA:0001269	ZP:0140444	PATO:0001507
GO:0001525	ZFA:0001285	ZP:0140456	PATO:0001507
GO:0001525	ZFA:0005035	ZP:0140457	PATO:0001507
GO:0001525	ZFA:0001052	ZP:0140460	PATO:0045073
GO:0006915	ZFA:0001314	ZP:0140478	PATO:0002051
GO:0030010	ZFA:0005920	ZP:0140479	PATO:0001507
GO:0000132	ZFA:0000018	ZP:0140485	PATO:0001507
GO:0046511	ZFA:0001094	ZP:0140486	PATO:0000911
GO:0016038	ZFA:0009262	ZP:0140489	PATO:0001236
GO:0001525	ZFA:0005046	ZP:0140511	PATO:0001236
GO:0009642	ZFA:0001094	ZP:0140512	PATO:0002052
GO:0061304	ZFA:0005046	ZP:0140526	PATO:0001236
GO:0006954	ZFA:0000008	ZP:0140528	PATO:0002051
GO:0007596	ZFA:0000008	ZP:0140529	PATO:0002051
GO:0030593	ZFA:0000008	ZP:0140530	PATO:0002051
GO:0008219	ZFA:0000445	ZP:0140545	PATO:0000057
GO:0006915	ZFA:0009141	ZP:0140556	PATO:0002051
GO:0055001	ZFA:0001652	ZP:0140564	PATO:0000502
GO:0007519	ZFA:0009117	ZP:0140587	PATO:0000502
GO:0000723	ZFA:0000079	ZP:0140593	PATO:0001507
GO:0050905	ZFA:0000713	ZP:0140605	PATO:0001005
GO:0007605	ZFA:0000217	ZP:0140614	PATO:0000297
GO:0050910	ZFA:0000166	ZP:0140615	PATO:0000297
GO:0007605	ZFA:0000217	ZP:0140625	PATO:0000057
GO:0050910	ZFA:0000166	ZP:0140626	PATO:0000057
GO:0090601	ZFA:0000035	ZP:0140631	PATO:0002302
GO:0042060	ZFA:0000099	ZP:0140632	PATO:0002052
GO:0048246	ZFA:0009141	ZP:0140633	PATO:0002052
GO:0061756	ZFA:0009141	ZP:0140634	PATO:0002052
GO:0007249	ZFA:0000368	ZP:0140635	PATO:0002304
GO:0060384	ZFA:0001607	ZP:0140640	PATO:0002052
GO:0060384	ZFA:0001608	ZP:0140641	PATO:0002051
GO:0060385	ZFA:0000453	ZP:0140646	PATO:0000502
GO:0060385	ZFA:0001306	ZP:0140647	PATO:0000502
GO:0051726	ZFA:0000152	ZP:0140650	PATO:0000502
GO:0060047	ZFA:0000009	ZP:0140656	PATO:0055001
GO:0031099	ZFA:0009367	ZP:0140668	PATO:0002302
GO:0060271	ZFA:0000001	ZP:0140673	PATO:0002302
GO:0008283	ZFA:0009036	ZP:0140674	PATO:0002052
GO:0003249	ZFA:0001315	ZP:0140682	PATO:0002052
GO:0038202	ZFA:0009111	ZP:0140701	PATO:0002051
GO:1905603	ZFA:0000029	ZP:0140719	PATO:0000057
GO:1905603	ZFA:0000128	ZP:0140720	PATO:0001507
GO:1905603	ZFA:0000029	ZP:0140726	PATO:0001507
GO:0021782	ZFA:0009292	ZP:0140736	PATO:0001236
GO:0061564	ZFA:0000032	ZP:0140739	PATO:0001236
GO:0061564	ZFA:0005778	ZP:0140740	PATO:0001236
GO:0007519	ZFA:0009117	ZP:0140760	PATO:0002052
GO:0014812	ZFA:0009116	ZP:0140761	PATO:0002052
GO:0000902	ZFA:0009117	ZP:0140763	PATO:0000502
GO:0014812	ZFA:0009116	ZP:0140764	PATO:0000297
GO:0097374	ZFA:0000200	ZP:0140769	PATO:0001236
GO:0002040	ZFA:0001267	ZP:0140774	PATO:0001236
GO:0002040	ZFA:0005024	ZP:0140775	PATO:0001236
GO:0099642	ZFA:0001314	ZP:0140788	PATO:0002052
GO:0006814	ZFA:0000354	ZP:0140793	PATO:0001236
GO:0035282	ZFA:0000155	ZP:0140799	PATO:0001507
GO:0030010	ZFA:0000029	ZP:0140800	PATO:0001236
GO:0000902	ZFA:0007029	ZP:0140801	PATO:0001236
GO:0000902	ZFA:0009306	ZP:0140802	PATO:0001236
GO:0051301	ZFA:0007036	ZP:0140808	PATO:0001236
GO:0051301	ZFA:0005326	ZP:0140812	PATO:0002051
GO:0008283	ZFA:0001094	ZP:0140819	PATO:0000057
GO:0035476	ZFA:0009065	ZP:0140820	PATO:0040032
GO:0051301	ZFA:0009065	ZP:0140821	PATO:0001236
GO:0035476	ZFA:0009065	ZP:0140823	PATO:0001236
GO:0035476	ZFA:0009303	ZP:0140824	PATO:0001236
GO:0051301	ZFA:0009036	ZP:0140828	PATO:0000498
GO:0030263	ZFA:0000598	ZP:0140837	PATO:0002051
GO:0030263	ZFA:0005272	ZP:0140844	PATO:0002051
GO:0019918	ZFA:0000598	ZP:0140846	PATO:0001507
GO:0016477	ZFA:0000093	ZP:0140878	PATO:0002302
GO:0006915	ZFA:0009036	ZP:0140900	PATO:0002051
GO:0008283	ZFA:0009154	ZP:0140910	PATO:0002052
GO:0008283	ZFA:0009255	ZP:0140911	PATO:0002052
GO:0007596	ZFA:0000005	ZP:0140919	PATO:0000502
GO:0007596	ZFA:0000082	ZP:0140920	PATO:0000502
GO:0021785	ZFA:0000697	ZP:0140937	PATO:0001236
GO:0097374	ZFA:0001301	ZP:0140938	PATO:0002052
GO:0097374	ZFA:0007067	ZP:0140939	PATO:0002052
GO:0097374	ZFA:0001291	ZP:0140945	PATO:0001236
GO:0097374	ZFA:0001301	ZP:0140946	PATO:0001236
GO:0097374	ZFA:0007067	ZP:0140947	PATO:0001236
GO:0007519	ZFA:0009116	ZP:0140948	PATO:0045073
GO:0002042	ZFA:0001285	ZP:0140950	PATO:0001236
GO:0001944	ZFA:0005025	ZP:0140952	PATO:0002052
GO:0001944	ZFA:0005110	ZP:0140953	PATO:0002052
GO:0030704	ZFA:0001569	ZP:0140965	PATO:0002302
GO:0048477	ZFA:0001569	ZP:0140967	PATO:0002302
GO:0060717	ZFA:0001569	ZP:0140969	PATO:0002302
GO:0001508	ZFA:0005277	ZP:0140978	PATO:0001236
GO:0009566	ZFA:0000303	ZP:0141016	PATO:0000911
GO:0048675	ZFA:0000684	ZP:0141019	PATO:0002052
GO:0140060	ZFA:0000445	ZP:0141020	PATO:0002052
GO:0098657	ZFA:0005091	ZP:0141024	PATO:0002052
GO:0048840	ZFA:0000530	ZP:0141033	PATO:0045073
GO:0048840	ZFA:0000676	ZP:0141034	PATO:0002302
GO:0060038	ZFA:0001712	ZP:0141070	PATO:0002052
GO:0007631	ZFA:0001094	ZP:0141085	PATO:0001236
GO:0036269	ZFA:0001094	ZP:0141086	PATO:0001236
GO:0042254	ZFA:0007084	ZP:0141092	PATO:0001507
GO:0006915	ZFA:0009306	ZP:0141094	PATO:0002051
GO:0048741	ZFA:0001056	ZP:0141095	PATO:0002302
GO:0007416	ZFA:0009243	ZP:0141097	PATO:0001507
GO:0050808	ZFA:0001086	ZP:0141100	PATO:0001507
GO:0051301	ZFA:0000711	ZP:0141105	PATO:0000911
GO:0006954	ZFA:0000140	ZP:0141106	PATO:0002051
GO:0006954	ZFA:0000436	ZP:0141107	PATO:0002051
GO:0000085	ZFA:0001094	ZP:0141110	PATO:0000498
GO:0000087	ZFA:0001094	ZP:0141111	PATO:0000498
GO:0051301	ZFA:0000086	ZP:0141112	PATO:0000911
GO:0051325	ZFA:0001094	ZP:0141113	PATO:0002052
GO:0006915	ZFA:0009091	ZP:0141114	PATO:0001507
GO:0042953	ZFA:0009111	ZP:0141129	PATO:0001507
GO:0042953	ZFA:0009399	ZP:0141130	PATO:0001507
GO:0006914	ZFA:0000075	ZP:0141133	PATO:0001236
GO:0006914	ZFA:0000128	ZP:0141134	PATO:0001236
GO:0006914	ZFA:0005277	ZP:0141135	PATO:0001236
GO:0006909	ZFA:0009077	ZP:0141138	PATO:0002051
GO:0043277	ZFA:0000445	ZP:0141139	PATO:0015003
GO:0006915	ZFA:0007122	ZP:0141155	PATO:0002051
GO:0008283	ZFA:0007122	ZP:0141156	PATO:0002051
GO:0008283	ZFA:0007122	ZP:0141157	PATO:0002052
GO:0007413	ZFA:0000445	ZP:0141161	PATO:0001507
GO:0007528	ZFA:0000236	ZP:0141173	PATO:0015002
GO:0060070	ZFA:0000114	ZP:0141182	PATO:0002051
GO:0009949	ZFA:0009367	ZP:0141183	PATO:0001236
GO:0006915	ZFA:0000940	ZP:0141184	PATO:0002051
GO:0035545	ZFA:0000079	ZP:0141195	PATO:0002302
GO:0006915	ZFA:0000023	ZP:0141199	PATO:0002051
GO:0003341	ZFA:0000150	ZP:0141209	PATO:0000044
GO:0008219	ZFA:0000001	ZP:0141211	PATO:0002051
GO:0050905	ZFA:0000107	ZP:0141217	PATO:0001507
GO:0060004	ZFA:0000107	ZP:0141218	PATO:0001507
GO:0140060	ZFA:0009052	ZP:0141258	PATO:0001236
GO:0048311	ZFA:0009115	ZP:0141263	PATO:0000502
GO:0006936	ZFA:0000114	ZP:0141269	PATO:0000297
GO:0019722	ZFA:0000114	ZP:0141270	PATO:0000057
GO:0036465	ZFA:0009367	ZP:0141281	PATO:0002302
GO:0097009	ZFA:0000242	ZP:0141285	PATO:0015002
GO:0008283	ZFA:0001058	ZP:0141294	PATO:0002051
GO:0008283	ZFA:0001058	ZP:0141295	PATO:0000057
GO:0008283	ZFA:0009158	ZP:0141296	PATO:0002051
GO:0090660	ZFA:0000938	ZP:0141304	PATO:0002302
GO:0003341	ZFA:0009033	ZP:0141305	PATO:0002052
GO:0006915	ZFA:0001314	ZP:0141320	PATO:0000057
GO:0070509	ZFA:0001479	ZP:0141321	PATO:0002052
GO:0002252	ZFA:0009141	ZP:0141325	PATO:0001236
GO:0019722	ZFA:0009033	ZP:0141332	PATO:0002052
GO:0001503	ZFA:0000737	ZP:0141338	PATO:0001507
GO:0006954	ZFA:0009141	ZP:0141350	PATO:0002304
GO:0001508	ZFA:0000109	ZP:0141357	PATO:0001236
GO:0048675	ZFA:0000012	ZP:0141358	PATO:0001507
GO:0008015	ZFA:0000114	ZP:0141362	PATO:0000911
GO:0060347	ZFA:0000009	ZP:0141365	PATO:0002051
GO:0003341	ZFA:0000938	ZP:0141368	PATO:0001236
GO:0008283	ZFA:0001464	ZP:0141372	PATO:0002052
GO:0007413	ZFA:0001108	ZP:0141375	PATO:0001507
GO:0016199	ZFA:0001108	ZP:0141376	PATO:0001507
GO:0050964	ZFA:0000152	ZP:0141389	PATO:0001507
GO:0008283	ZFA:0000012	ZP:0141400	PATO:0002051
GO:0007626	ZFA:0001094	ZP:0141409	PATO:0002302
GO:0000423	ZFA:0000114	ZP:0141411	PATO:0002051
GO:0150103	ZFA:0009280	ZP:0141415	PATO:0002304
GO:0007413	ZFA:0000238	ZP:0141416	PATO:0001507
GO:0016199	ZFA:0000238	ZP:0141417	PATO:0001507
GO:0032287	ZFA:0000944	ZP:0141420	PATO:0002302
GO:0022011	ZFA:0000944	ZP:0141423	PATO:0002302
GO:0022010	ZFA:0000075	ZP:0141424	PATO:0002302
GO:0021854	ZFA:0000032	ZP:0141445	PATO:0002052
GO:0021984	ZFA:0001282	ZP:0141446	PATO:0002052
GO:0006814	ZFA:0000354	ZP:0141447	PATO:0002302
GO:0060126	ZFA:0001282	ZP:0141448	PATO:0002052
GO:0060127	ZFA:0001282	ZP:0141449	PATO:0002052
GO:0006915	ZFA:0000107	ZP:0141454	PATO:0045086
GO:0006915	ZFA:0001114	ZP:0141455	PATO:0045086
GO:0008283	ZFA:0000107	ZP:0141460	PATO:0045086
GO:0008283	ZFA:0001114	ZP:0141461	PATO:0045086
GO:0006915	ZFA:0009310	ZP:0141475	PATO:0002051
GO:0007049	ZFA:0001289	ZP:0141483	PATO:0000297
GO:0008219	ZFA:0001289	ZP:0141484	PATO:0002304
GO:0051225	ZFA:0001289	ZP:0141485	PATO:0001507
GO:0000082	ZFA:0009280	ZP:0141489	PATO:0000297
GO:0031099	ZFA:0009275	ZP:0141490	PATO:0000057
GO:0006915	ZFA:0000123	ZP:0141508	PATO:0002052
GO:0030263	ZFA:0009111	ZP:0141509	PATO:0002051
GO:0072574	ZFA:0000242	ZP:0141510	PATO:0002051
GO:0003341	ZFA:0005781	ZP:0141542	PATO:0001236
GO:0001935	ZFA:0001285	ZP:0141545	PATO:0001507
GO:0043542	ZFA:0001285	ZP:0141546	PATO:0001507
GO:0072378	ZFA:0000014	ZP:0141560	PATO:0000502
GO:0006915	ZFA:0001083	ZP:0141568	PATO:0002051
GO:0006915	ZFA:0001270	ZP:0141574	PATO:0002051
GO:0008237	ZFA:0001270	ZP:0141575	PATO:0002052
GO:0021953	ZFA:0000029	ZP:0141588	PATO:0002052
GO:0060234	ZFA:0000029	ZP:0141589	PATO:0002052
GO:0061008	ZFA:0005162	ZP:0141590	PATO:0002052
GO:0061008	ZFA:0005162	ZP:0141592	PATO:0001236
GO:0007368	ZFA:0001510	ZP:0141594	PATO:0001507
GO:0090171	ZFA:0001205	ZP:0141595	PATO:0001507
GO:0032289	ZFA:0000075	ZP:0141602	PATO:0002302
GO:0032289	ZFA:0000075	ZP:0141603	PATO:0045073
GO:0046717	ZFA:0000006	ZP:0141605	PATO:0002052
GO:0046717	ZFA:0000368	ZP:0141606	PATO:0002052
GO:0046717	ZFA:0005327	ZP:0141607	PATO:0002052
GO:0031101	ZFA:0001058	ZP:0141617	PATO:0000912
GO:0031103	ZFA:0009052	ZP:0141627	PATO:0001236
GO:0048677	ZFA:0009052	ZP:0141628	PATO:0002052
GO:0031103	ZFA:0009052	ZP:0141629	PATO:0015003
GO:0031103	ZFA:0009052	ZP:0141630	PATO:0002302
GO:0048678	ZFA:0009135	ZP:0141631	PATO:0002052
GO:0060070	ZFA:0009014	ZP:0141632	PATO:0002051
GO:0060070	ZFA:0005898	ZP:0141633	PATO:0002051
GO:0007626	ZFA:0001094	ZP:0141638	PATO:0001236
GO:0002040	ZFA:0005934	ZP:0141641	PATO:0002052
GO:0061026	ZFA:0000114	ZP:0141643	PATO:0001507
GO:0048870	ZFA:0000144	ZP:0141647	PATO:0001236
GO:0048870	ZFA:0001202	ZP:0141648	PATO:0001236
GO:0043487	ZFA:0000093	ZP:0141671	PATO:0001507
GO:0000226	ZFA:0000093	ZP:0141673	PATO:0001529
GO:0060471	ZFA:0005772	ZP:0141682	PATO:0001507
GO:0031099	ZFA:0000250	ZP:0141688	PATO:0000297
GO:0031099	ZFA:0009031	ZP:0141689	PATO:0000297
GO:0016477	ZFA:0000086	ZP:0141692	PATO:0000688
GO:0016477	ZFA:0000060	ZP:0141694	PATO:0001236
GO:0016477	ZFA:0000060	ZP:0141695	PATO:0001507
GO:0016477	ZFA:0000060	ZP:0141696	PATO:0040033
GO:0016477	ZFA:0000117	ZP:0141697	PATO:0000911
GO:0016477	ZFA:0000117	ZP:0141698	PATO:0001236
GO:0016477	ZFA:0000117	ZP:0141699	PATO:0001507
GO:0016477	ZFA:0000117	ZP:0141700	PATO:0040033
GO:0006915	ZFA:0001369	ZP:0141705	PATO:0002051
GO:0008283	ZFA:0001369	ZP:0141706	PATO:0002052
GO:0051216	ZFA:0001559	ZP:0141711	PATO:0001236
GO:0060348	ZFA:0001559	ZP:0141712	PATO:0001236
GO:0009612	ZFA:0007120	ZP:0141725	PATO:0001236
GO:0009612	ZFA:0007120	ZP:0141726	PATO:0002052
GO:0030282	ZFA:0001189	ZP:0141727	PATO:0015003
GO:0030154	ZFA:0000152	ZP:0141728	PATO:0001236
GO:0042060	ZFA:0000099	ZP:0141734	PATO:0000498
GO:0042060	ZFA:0000099	ZP:0141735	PATO:0015003
GO:0002040	ZFA:0000152	ZP:0141744	PATO:0002051
GO:0016055	ZFA:0000008	ZP:0141771	PATO:0002051
GO:0016055	ZFA:0000101	ZP:0141772	PATO:0002051
GO:0007224	ZFA:0000008	ZP:0141774	PATO:0002052
GO:0007224	ZFA:0000032	ZP:0141775	PATO:0002052
GO:0007224	ZFA:0001343	ZP:0141776	PATO:0002052
GO:0007224	ZFA:0001367	ZP:0141777	PATO:0002052
GO:0007224	ZFA:0000101	ZP:0141778	PATO:0002052
GO:0017038	ZFA:0005942	ZP:0141805	PATO:0002052
GO:0006810	ZFA:0005942	ZP:0141806	PATO:0002052
GO:0001946	ZFA:0005110	ZP:0141817	PATO:0045073
GO:0060836	ZFA:0001115	ZP:0141819	PATO:0045086
GO:0006915	ZFA:0009290	ZP:0141832	PATO:0002051
GO:0007128	ZFA:0009005	ZP:0141842	PATO:0000297
GO:0007131	ZFA:0009005	ZP:0141843	PATO:0000297
GO:2000793	ZFA:0009403	ZP:0141878	PATO:0002052
GO:0003249	ZFA:0001315	ZP:0141884	PATO:0002051
GO:0008015	ZFA:0000114	ZP:0141886	PATO:0000057
GO:0048246	ZFA:0000114	ZP:0141888	PATO:0002051
GO:0007411	ZFA:0009243	ZP:0141902	PATO:0045086
GO:0048668	ZFA:0009243	ZP:0141903	PATO:0045086
GO:0051259	ZFA:0009052	ZP:0141905	PATO:0002051
GO:0022008	ZFA:0000079	ZP:0141920	PATO:0002052
GO:0048709	ZFA:0000079	ZP:0141921	PATO:0002052
GO:0006909	ZFA:0009141	ZP:0141932	PATO:0015002
GO:0006909	ZFA:0009141	ZP:0141933	PATO:0055004
GO:0006909	ZFA:0009141	ZP:0141934	PATO:0045087
GO:0000226	ZFA:0009052	ZP:0141936	PATO:0001236
GO:0000226	ZFA:0009052	ZP:0141937	PATO:0002052
GO:0006897	ZFA:0001558	ZP:0141938	PATO:0002018
GO:1905146	ZFA:0001287	ZP:0141941	PATO:0002052
GO:0070269	ZFA:0009141	ZP:0141946	PATO:0002051
GO:0006915	ZFA:0000012	ZP:0141949	PATO:0002052
GO:0002076	ZFA:0000126	ZP:0141955	PATO:0002302
GO:0019226	ZFA:0000008	ZP:0141983	PATO:0000428
GO:0019226	ZFA:0000008	ZP:0141984	PATO:0002630
GO:0019226	ZFA:0000100	ZP:0141985	PATO:0002051
GO:0019226	ZFA:0000100	ZP:0141986	PATO:0002630
GO:0019722	ZFA:0000008	ZP:0141987	PATO:0000428
GO:0019722	ZFA:0000008	ZP:0141988	PATO:0002630
GO:0019722	ZFA:0000029	ZP:0141989	PATO:0002051
GO:0019722	ZFA:0000128	ZP:0141990	PATO:0002051
GO:0019722	ZFA:0000327	ZP:0141991	PATO:0002630
GO:0042552	ZFA:0009052	ZP:0141992	PATO:0001236
GO:0006915	ZFA:0005898	ZP:0141995	PATO:0002051
GO:0008283	ZFA:0005898	ZP:0141996	PATO:0000057
GO:0030509	ZFA:0001161	ZP:0141997	PATO:0002018
GO:0006007	ZFA:0005145	ZP:0142016	PATO:0055004
GO:0006635	ZFA:0005145	ZP:0142017	PATO:0002051
GO:0009063	ZFA:0005145	ZP:0142018	PATO:0055004
GO:0031099	ZFA:0009367	ZP:0142020	PATO:0001236
GO:0043652	ZFA:0000008	ZP:0142023	PATO:0002051
GO:0031099	ZFA:0000123	ZP:0142031	PATO:0002302
GO:0030282	ZFA:0001239	ZP:0142034	PATO:0002052
GO:0030282	ZFA:0000561	ZP:0142039	PATO:0002052
GO:0019395	ZFA:0000123	ZP:0142055	PATO:0001236
GO:0019395	ZFA:0005145	ZP:0142056	PATO:0001236
GO:0008283	ZFA:0009362	ZP:0142059	PATO:0002051
GO:0006915	ZFA:0001260	ZP:0142071	PATO:0002051
GO:0048143	ZFA:0000008	ZP:0142076	PATO:0002051
GO:0008283	ZFA:0009401	ZP:0142081	PATO:0002052
GO:0060271	ZFA:0000166	ZP:0142110	PATO:0002302
GO:0097205	ZFA:0000151	ZP:0142112	PATO:0002302
GO:0097411	ZFA:0001094	ZP:0142117	PATO:0015003
GO:0097411	ZFA:0001094	ZP:0142119	PATO:0015004
GO:0001503	ZFA:0000578	ZP:0142130	PATO:0002302
GO:0003401	ZFA:0009084	ZP:0142131	PATO:0001507
GO:0140253	ZFA:0009117	ZP:0142138	PATO:0002052
GO:0001556	ZFA:0001566	ZP:0142151	PATO:0001236
GO:0001556	ZFA:0001568	ZP:0142152	PATO:0000502
GO:0001556	ZFA:0001568	ZP:0142153	PATO:0002051
GO:0001556	ZFA:0001568	ZP:0142154	PATO:0002052
GO:0001556	ZFA:0001568	ZP:0142155	PATO:0055004
GO:0001556	ZFA:0001566	ZP:0142163	PATO:0000694
GO:0001556	ZFA:0001566	ZP:0142164	PATO:0002051
GO:0001556	ZFA:0001566	ZP:0142165	PATO:0002052
GO:0001556	ZFA:0001566	ZP:0142166	PATO:0000502
GO:0001556	ZFA:0001566	ZP:0142167	PATO:0055004
GO:0000132	ZFA:0000018	ZP:0142175	PATO:0045086
GO:0098819	ZFA:0009117	ZP:0142178	PATO:0000381
GO:0098819	ZFA:0009117	ZP:0142179	PATO:0002018
GO:0098819	ZFA:0009117	ZP:0142180	PATO:0002052
GO:0099566	ZFA:0009117	ZP:0142182	PATO:0001507
GO:0060384	ZFA:0009116	ZP:0142183	PATO:0001507
GO:0008283	ZFA:0000339	ZP:0142187	PATO:0002051
GO:0008283	ZFA:0005748	ZP:0142188	PATO:0002051
GO:0008283	ZFA:0009379	ZP:0142189	PATO:0002051
GO:1901224	ZFA:0009140	ZP:0142194	PATO:0002017
GO:0032286	ZFA:0000075	ZP:0142195	PATO:0000502
GO:0090594	ZFA:0000075	ZP:0142196	PATO:0001333
GO:0006915	ZFA:0005249	ZP:0142207	PATO:0002051
GO:0033002	ZFA:0000383	ZP:0142215	PATO:0002052
GO:0006915	ZFA:0009019	ZP:0142224	PATO:0002051
GO:0061351	ZFA:0000029	ZP:0142225	PATO:0002051
GO:0061351	ZFA:0000128	ZP:0142226	PATO:0002051
GO:0021534	ZFA:0000029	ZP:0142233	PATO:0002051
GO:0021846	ZFA:0000109	ZP:0142234	PATO:0002051
GO:0033278	ZFA:0000128	ZP:0142235	PATO:0002051
GO:0061351	ZFA:0000109	ZP:0142236	PATO:0002051
GO:0008283	ZFA:0001078	ZP:0142281	PATO:0001236
GO:1902656	ZFA:0009033	ZP:0142287	PATO:0000502
GO:0072574	ZFA:0000123	ZP:0142288	PATO:0002051
GO:0072574	ZFA:0000123	ZP:0142289	PATO:0045086
GO:0007155	ZFA:0000029	ZP:0142346	PATO:0015003
GO:0007155	ZFA:0000128	ZP:0142347	PATO:0015003
GO:0042552	ZFA:0000142	ZP:0142365	PATO:0001507
GO:0008219	ZFA:0001114	ZP:0142375	PATO:0000057
GO:0008219	ZFA:0001115	ZP:0142376	PATO:0000057
GO:0001935	ZFA:0009303	ZP:0142380	PATO:0002052
GO:0045747	ZFA:0001285	ZP:0142383	PATO:0002017
GO:0051079	ZFA:0001568	ZP:0142387	PATO:0001507
GO:0051452	ZFA:0009399	ZP:0142406	PATO:0002018
GO:0006919	ZFA:0000123	ZP:0142423	PATO:0002017
GO:0001525	ZFA:0000008	ZP:0142424	PATO:0002052
GO:0008283	ZFA:0001319	ZP:0142426	PATO:0002052
GO:0008283	ZFA:0001320	ZP:0142427	PATO:0002052
GO:0016477	ZFA:0009350	ZP:0142432	PATO:0001507
GO:0019722	ZFA:0000516	ZP:0142448	PATO:0000080
GO:0019722	ZFA:0000516	ZP:0142449	PATO:0001236
GO:0015078	ZFA:0005327	ZP:0142450	PATO:0015003
GO:0008015	ZFA:0000114	ZP:0142463	PATO:0015003
GO:0001935	ZFA:0001286	ZP:0142464	PATO:0001507
GO:0006915	ZFA:0001286	ZP:0142465	PATO:0001236
GO:0002040	ZFA:0005934	ZP:0142473	PATO:0001507
GO:0043542	ZFA:0001286	ZP:0142474	PATO:0001507
GO:0030282	ZFA:0000374	ZP:0142484	PATO:0001236
GO:0030500	ZFA:0001617	ZP:0142485	PATO:0001507
GO:0010463	ZFA:0001270	ZP:0142494	PATO:0001236
GO:0061026	ZFA:0000114	ZP:0142496	PATO:0001236
GO:0030593	ZFA:0000029	ZP:0142497	PATO:0002051
GO:0007049	ZFA:0000445	ZP:0142511	PATO:0000911
GO:0042246	ZFA:0001058	ZP:0142512	PATO:0000911
GO:0048069	ZFA:0000144	ZP:0142525	PATO:0002016
GO:0048069	ZFA:0000144	ZP:0142526	PATO:0002018
GO:0032502	ZFA:0001227	ZP:0142540	PATO:0000502
GO:0001503	ZFA:0001189	ZP:0142542	PATO:0000502
GO:0051216	ZFA:0005424	ZP:0142543	PATO:0000502
GO:0043277	ZFA:0000445	ZP:0142548	PATO:0002302
GO:0043277	ZFA:0009077	ZP:0142549	PATO:0002302
GO:0035640	ZFA:0001094	ZP:0142550	PATO:0001236
GO:0008283	ZFA:0009141	ZP:0142578	PATO:0045086
GO:0030282	ZFA:0000184	ZP:0142589	PATO:0001507
GO:0030282	ZFA:0000250	ZP:0142590	PATO:0001507
GO:0031214	ZFA:0000694	ZP:0142591	PATO:0001507
GO:0001974	ZFA:0005046	ZP:0142593	PATO:0002052
GO:0140058	ZFA:0000128	ZP:0142600	PATO:0002052
GO:0001708	ZFA:0000778	ZP:0142622	PATO:0002051
GO:0007224	ZFA:0000075	ZP:0142623	PATO:0002051
GO:0006915	ZFA:0005272	ZP:0142668	PATO:0002051
GO:0006508	ZFA:0005654	ZP:0142671	PATO:0002052
GO:0043403	ZFA:0000974	ZP:0142685	PATO:0045073
GO:0031101	ZFA:0001058	ZP:0142686	PATO:0002052
GO:0071425	ZFA:0000604	ZP:0142687	PATO:0000380
GO:1905517	ZFA:0000051	ZP:0142692	PATO:0002051
GO:0008219	ZFA:0009052	ZP:0142697	PATO:0000057
GO:0009566	ZFA:0001109	ZP:0142700	PATO:0045000
GO:0006915	ZFA:0001284	ZP:0142706	PATO:0045086
GO:0008283	ZFA:0001284	ZP:0142707	PATO:0045086
GO:0030182	ZFA:0009310	ZP:0142708	PATO:0002302
GO:0034769	ZFA:0001284	ZP:0142709	PATO:0002302
GO:0061386	ZFA:0000107	ZP:0142710	PATO:0002302
GO:0030282	ZFA:0000135	ZP:0142712	PATO:0002052
GO:0030282	ZFA:0000184	ZP:0142713	PATO:0002052
GO:0030282	ZFA:0000657	ZP:0142714	PATO:0002052
GO:0030282	ZFA:0000694	ZP:0142715	PATO:0002052
GO:0030282	ZFA:0001279	ZP:0142716	PATO:0002052
GO:0030282	ZFA:0001617	ZP:0142717	PATO:0002052
GO:0007129	ZFA:0009005	ZP:0142724	PATO:0001507
GO:0016055	ZFA:0001289	ZP:0142725	PATO:0002052
GO:0008347	ZFA:0000075	ZP:0142729	PATO:0002302
GO:0008283	ZFA:0009169	ZP:0142731	PATO:0045086
GO:0001964	ZFA:0001094	ZP:0142732	PATO:0002051
GO:0046959	ZFA:0001094	ZP:0142733	PATO:0055004
GO:0051481	ZFA:0009149	ZP:0142734	PATO:0001507
GO:0030154	ZFA:0000152	ZP:0142739	PATO:0000502
GO:0006915	ZFA:0000243	ZP:0142752	PATO:0045086
GO:0051900	ZFA:0009367	ZP:0142753	PATO:0002302
GO:0008283	ZFA:0000243	ZP:0142760	PATO:0045086
GO:0008219	ZFA:0000243	ZP:0142761	PATO:0045086
GO:0031099	ZFA:0000009	ZP:0142765	PATO:0000502
GO:0070527	ZFA:0001063	ZP:0142768	PATO:0045073
GO:0072378	ZFA:0001063	ZP:0142769	PATO:0045073
GO:0007596	ZFA:0005898	ZP:0142772	PATO:0045073
GO:0007596	ZFA:0000354	ZP:0142773	PATO:0045073
GO:0007596	ZFA:0001058	ZP:0142774	PATO:0045073
GO:0006915	ZFA:0005898	ZP:0142783	PATO:0045073
GO:0008283	ZFA:0005898	ZP:0142784	PATO:0045073
GO:0008283	ZFA:0009323	ZP:0142785	PATO:0045073
GO:0008283	ZFA:0009351	ZP:0142786	PATO:0045073
GO:0008283	ZFA:0005124	ZP:0142791	PATO:0002302
GO:0007219	ZFA:0000152	ZP:0142802	PATO:0002018
GO:0006915	ZFA:0000029	ZP:0142803	PATO:0045087
GO:0006915	ZFA:0000079	ZP:0142804	PATO:0045087
GO:0006915	ZFA:0000101	ZP:0142805	PATO:0045087
GO:0006915	ZFA:0000128	ZP:0142806	PATO:0045087
GO:0019228	ZFA:0000029	ZP:0142807	PATO:0055004
GO:0019228	ZFA:0000032	ZP:0142808	PATO:0055003
GO:0019228	ZFA:0000079	ZP:0142809	PATO:0055004
GO:0019228	ZFA:0000100	ZP:0142810	PATO:0055003
GO:0019228	ZFA:0000160	ZP:0142811	PATO:0055003
GO:0019228	ZFA:0000304	ZP:0142812	PATO:0055003
GO:0019228	ZFA:0000304	ZP:0142813	PATO:0055004
GO:0019228	ZFA:0000402	ZP:0142814	PATO:0055004
GO:0019228	ZFA:0000418	ZP:0142815	PATO:0055003
GO:0019228	ZFA:0000445	ZP:0142816	PATO:0055003
GO:0019228	ZFA:0000470	ZP:0142817	PATO:0055003
GO:0019228	ZFA:0000505	ZP:0142818	PATO:0055003
GO:0002118	ZFA:0000242	ZP:0142826	PATO:0000498
GO:0002118	ZFA:0000303	ZP:0142827	PATO:0000498
GO:0001525	ZFA:0005035	ZP:0142838	PATO:0002051
GO:0036269	ZFA:0001094	ZP:0142843	PATO:0002302
GO:0006897	ZFA:0001620	ZP:0142847	PATO:0002302
GO:0001755	ZFA:0001458	ZP:0142858	PATO:0001507
GO:0035630	ZFA:0000737	ZP:0142859	PATO:0045073
GO:0060575	ZFA:0009094	ZP:0142860	PATO:0001236
GO:0060575	ZFA:0009094	ZP:0142861	PATO:0002302
GO:0006915	ZFA:0000445	ZP:0142874	PATO:0002304
GO:0007155	ZFA:0001094	ZP:0142885	PATO:0002302
GO:0036269	ZFA:0001094	ZP:0142898	PATO:0045073
GO:0002718	ZFA:0001094	ZP:0142899	PATO:0045073
GO:0032496	ZFA:0001094	ZP:0142900	PATO:0045073
GO:0036269	ZFA:0001094	ZP:0142905	PATO:0000912
GO:0003990	ZFA:0001094	ZP:0142909	PATO:0002304
GO:0004102	ZFA:0001094	ZP:0142910	PATO:0002302
GO:0001508	ZFA:0000008	ZP:0142918	PATO:0002052
GO:0019228	ZFA:0000075	ZP:0142923	PATO:0002051
GO:0019228	ZFA:0000304	ZP:0142924	PATO:0002051
GO:0019228	ZFA:0000470	ZP:0142925	PATO:0002051
GO:0019228	ZFA:0009052	ZP:0142926	PATO:0000502
GO:0021846	ZFA:0000100	ZP:0142934	PATO:0002052
GO:0051320	ZFA:0000100	ZP:0142935	PATO:0002052
GO:0006915	ZFA:0000009	ZP:0142936	PATO:0045086
GO:0042060	ZFA:0000009	ZP:0142937	PATO:0000502
GO:0035498	ZFA:0001094	ZP:0142959	PATO:0002051
GO:0097284	ZFA:0009111	ZP:0142963	PATO:0002051
GO:0008283	ZFA:0009362	ZP:0142968	PATO:0045086
GO:0008283	ZFA:0009366	ZP:0142969	PATO:0045086
GO:0015671	ZFA:0001094	ZP:0142974	PATO:0000912
GO:0031101	ZFA:0001058	ZP:0142992	PATO:0045086
GO:0001508	ZFA:0000008	ZP:0142996	PATO:0002051
GO:0051301	ZFA:0000123	ZP:0143002	PATO:0045086
GO:0008137	ZFA:0005277	ZP:0143004	PATO:0002016
GO:0090580	ZFA:0000008	ZP:0143005	PATO:0045073
GO:0090580	ZFA:0000112	ZP:0143006	PATO:0045073
GO:0090580	ZFA:0000114	ZP:0143007	PATO:0045073
GO:0090580	ZFA:0001094	ZP:0143008	PATO:0002302
GO:1990523	ZFA:0001585	ZP:0143015	PATO:0045073
GO:0003232	ZFA:0000173	ZP:0143021	PATO:0002302
GO:0030282	ZFA:0001189	ZP:0143024	PATO:0002325
GO:0061744	ZFA:0001094	ZP:0143029	PATO:0002302
GO:0031101	ZFA:0001058	ZP:0143048	PATO:0045073
GO:0032774	ZFA:0001270	ZP:0143049	PATO:0002302
GO:0032774	ZFA:0001270	ZP:0143050	PATO:0045073
GO:0002040	ZFA:0007057	ZP:0143057	PATO:0002051
GO:0003094	ZFA:0001288	ZP:0143058	PATO:0000911
GO:0003094	ZFA:0001288	ZP:0143059	PATO:0045000
GO:0001525	ZFA:0007057	ZP:0143065	PATO:0002051
GO:0006915	ZFA:0009047	ZP:0143073	PATO:0045086
GO:0006915	ZFA:0009047	ZP:0143074	PATO:0002051
GO:0006915	ZFA:0009047	ZP:0143075	PATO:0002052
GO:0004784	ZFA:0001094	ZP:0143076	PATO:0002302
GO:1990266	ZFA:0001585	ZP:0143077	PATO:0045073
GO:0007412	ZFA:0000445	ZP:0143082	PATO:0045086
GO:0008283	ZFA:0005004	ZP:0143087	PATO:0002052
GO:0008015	ZFA:0001285	ZP:0143090	PATO:0002302
GO:0072554	ZFA:0001285	ZP:0143091	PATO:0002302
GO:0035751	ZFA:0001115	ZP:0143093	PATO:0002302
GO:0035751	ZFA:0001117	ZP:0143094	PATO:0002302
GO:0090559	ZFA:0009115	ZP:0143096	PATO:0002302
GO:0050881	ZFA:0001115	ZP:0143101	PATO:0002017
GO:0050881	ZFA:0001117	ZP:0143102	PATO:0002017
GO:0090398	ZFA:0000242	ZP:0143111	PATO:0055003
GO:0002040	ZFA:0001115	ZP:0143114	PATO:0002052
GO:0002040	ZFA:0001115	ZP:0143116	PATO:0001507
GO:0080111	ZFA:0000114	ZP:0143118	PATO:0002052
GO:1905517	ZFA:0001585	ZP:0143122	PATO:0045073
GO:0007368	ZFA:0000107	ZP:0143128	PATO:0002302
GO:0007405	ZFA:0001345	ZP:0143130	PATO:0002051
GO:0004096	ZFA:0000107	ZP:0143153	PATO:0002052
GO:0004784	ZFA:0000107	ZP:0143154	PATO:0002052
GO:0000278	ZFA:0000029	ZP:0143169	PATO:0002052
GO:0045214	ZFA:0000511	ZP:0143201	PATO:0002302
GO:0045214	ZFA:0001652	ZP:0143202	PATO:0002302
GO:0048741	ZFA:0001652	ZP:0143203	PATO:0001507
GO:0045214	ZFA:0005280	ZP:0143208	PATO:0002302
GO:0045214	ZFA:0000511	ZP:0143231	PATO:0045073
GO:0045214	ZFA:0001652	ZP:0143232	PATO:0045073
GO:0048741	ZFA:0001652	ZP:0143233	PATO:0045073
GO:0045214	ZFA:0005280	ZP:0143237	PATO:0045073
GO:0007219	ZFA:0000114	ZP:0143238	PATO:0002051
GO:0021953	ZFA:0000032	ZP:0143239	PATO:0001507
GO:0048675	ZFA:0009052	ZP:0143242	PATO:0002052
GO:0006915	ZFA:0000121	ZP:0143248	PATO:0002051
GO:0002040	ZFA:0005934	ZP:0143251	PATO:0002051
GO:0140794	ZFA:0001269	ZP:0143253	PATO:0000297
GO:0006915	ZFA:0000051	ZP:0143260	PATO:0001236
GO:0008283	ZFA:0000051	ZP:0143261	PATO:0001236
GO:0008283	ZFA:0009280	ZP:0143266	PATO:0045073
GO:0030282	ZFA:0001458	ZP:0143277	PATO:0045073
GO:0030282	ZFA:0001189	ZP:0143278	PATO:0000694
GO:0008283	ZFA:0000208	ZP:0143310	PATO:0002051
GO:0007411	ZFA:0009243	ZP:0143330	PATO:0002302
GO:0001662	ZFA:0001094	ZP:0143331	PATO:0002051
GO:0048846	ZFA:0009243	ZP:0143332	PATO:0000502
GO:0007528	ZFA:0009243	ZP:0143333	PATO:0001236
GO:0001508	ZFA:0000114	ZP:0143337	PATO:0000498
GO:0001935	ZFA:0000152	ZP:0143341	PATO:0002051
GO:0001944	ZFA:0000152	ZP:0143342	PATO:0002051
GO:0008283	ZFA:0009279	ZP:0143362	PATO:0002051
GO:0001525	ZFA:0001285	ZP:0143374	PATO:0002051
GO:0042552	ZFA:0009076	ZP:0143377	PATO:0001507
GO:0070306	ZFA:0001326	ZP:0143380	PATO:0000057
GO:0007179	ZFA:0001326	ZP:0143382	PATO:0002051
GO:0008219	ZFA:0001326	ZP:0143384	PATO:0002051
GO:0097166	ZFA:0001326	ZP:0143386	PATO:0002051
GO:0009416	ZFA:0009262	ZP:0143405	PATO:0002017
GO:0009584	ZFA:0000152	ZP:0143412	PATO:0015003
GO:0042670	ZFA:0009262	ZP:0143417	PATO:0001507
GO:1904977	ZFA:0000671	ZP:0143431	PATO:0000911
GO:0030282	ZFA:0000135	ZP:0143439	PATO:0000502
GO:0030282	ZFA:0000578	ZP:0143440	PATO:0000502
GO:0030282	ZFA:0000672	ZP:0143441	PATO:0000502
GO:0015671	ZFA:0001094	ZP:0143454	PATO:0045000
GO:0061026	ZFA:0000114	ZP:0143461	PATO:0002052
GO:0001964	ZFA:0001094	ZP:0143462	PATO:0045086
GO:0046959	ZFA:0001094	ZP:0143463	PATO:0045086
GO:0045116	ZFA:0000598	ZP:0143501	PATO:0002052
GO:0001755	ZFA:0001580	ZP:0143529	PATO:0045073
GO:0006915	ZFA:0005746	ZP:0143536	PATO:0002304
GO:0045324	ZFA:0000135	ZP:0143551	PATO:0002302
GO:0060402	ZFA:0009067	ZP:0143571	PATO:0045086
GO:0050910	ZFA:0000079	ZP:0143572	PATO:0015003
GO:0060402	ZFA:0000291	ZP:0143573	PATO:0002051
GO:0060402	ZFA:0000599	ZP:0143574	PATO:0002051
GO:0060402	ZFA:0001215	ZP:0143575	PATO:0002051
GO:0016055	ZFA:0000012	ZP:0143576	PATO:0002302
GO:0007049	ZFA:0000152	ZP:0143592	PATO:0000297
GO:1903008	ZFA:0009401	ZP:0143598	PATO:0002302
GO:1905692	ZFA:0009401	ZP:0143599	PATO:0002302
GO:0006364	ZFA:0001094	ZP:0143613	PATO:0002302
GO:0007276	ZFA:0000403	ZP:0143619	PATO:0045073
GO:0007276	ZFA:0000598	ZP:0143620	PATO:0045073
GO:0008283	ZFA:0000403	ZP:0143621	PATO:0045073
GO:0008283	ZFA:0000598	ZP:0143622	PATO:0045073
GO:0009994	ZFA:0000403	ZP:0143623	PATO:0045073
GO:0048515	ZFA:0000598	ZP:0143624	PATO:0045073
GO:0007127	ZFA:0000598	ZP:0143626	PATO:0045073
GO:0007283	ZFA:0000598	ZP:0143627	PATO:0045073
GO:0007127	ZFA:0000598	ZP:0143628	PATO:0002302
GO:0007283	ZFA:0000598	ZP:0143629	PATO:0001507
GO:0007127	ZFA:0000598	ZP:0143630	PATO:0001507
GO:0048588	ZFA:0001263	ZP:0143632	PATO:0000297
GO:0007276	ZFA:0000403	ZP:0143643	PATO:0001507
GO:0007276	ZFA:0000598	ZP:0143644	PATO:0001507
GO:0008283	ZFA:0000403	ZP:0143645	PATO:0002304
GO:0008283	ZFA:0000598	ZP:0143646	PATO:0002304
GO:0009994	ZFA:0000403	ZP:0143647	PATO:0002302
GO:0048515	ZFA:0000598	ZP:0143648	PATO:0002302
GO:0009566	ZFA:0001094	ZP:0143652	PATO:0000911
GO:0009566	ZFA:0001094	ZP:0143656	PATO:0045000
GO:0032456	ZFA:0000086	ZP:0143663	PATO:0002302
GO:0000910	ZFA:0000086	ZP:0143668	PATO:0001507
GO:0036213	ZFA:0000086	ZP:0143669	PATO:0001507
GO:0009838	ZFA:0000086	ZP:0143672	PATO:0000502
GO:0043063	ZFA:0000086	ZP:0143673	PATO:0000498
GO:0006954	ZFA:0001094	ZP:0143689	PATO:0002051
GO:0030239	ZFA:0009316	ZP:0143705	PATO:0001507
GO:0000423	ZFA:0009158	ZP:0143711	PATO:0002304
GO:0001525	ZFA:0001115	ZP:0143725	PATO:0002302
GO:0006915	ZFA:0009165	ZP:0143740	PATO:0045073
GO:0016049	ZFA:0009165	ZP:0143741	PATO:0000911
GO:0021700	ZFA:0009256	ZP:0143759	PATO:0001542
GO:0071577	ZFA:0001570	ZP:0143765	PATO:0002052
GO:0032502	ZFA:0001094	ZP:0143766	PATO:0000502
GO:0001966	ZFA:0001094	ZP:0143770	PATO:0002304
GO:0042552	ZFA:0001094	ZP:0143771	PATO:0002302
GO:0006954	ZFA:0000008	ZP:0143773	PATO:0002304
GO:0006954	ZFA:0000123	ZP:0143774	PATO:0002304
GO:0042552	ZFA:0000008	ZP:0143776	PATO:0002302
GO:0042552	ZFA:0000128	ZP:0143777	PATO:0002302
GO:0042552	ZFA:0000359	ZP:0143778	PATO:0002302
GO:0055074	ZFA:0000008	ZP:0143780	PATO:0001236
GO:0055074	ZFA:0000123	ZP:0143781	PATO:0001236
GO:0048798	ZFA:0000076	ZP:0143808	PATO:0000502
GO:0007638	ZFA:0000217	ZP:0143812	PATO:0002302
GO:0001503	ZFA:0000317	ZP:0143840	PATO:0002304
GO:0001503	ZFA:0000737	ZP:0143841	PATO:0002304
GO:0001503	ZFA:0001272	ZP:0143842	PATO:0002304
GO:0001503	ZFA:0001591	ZP:0143843	PATO:0002304
GO:0001503	ZFA:0000737	ZP:0143853	PATO:0045073
GO:0002062	ZFA:0000576	ZP:0143854	PATO:0002302
GO:0003422	ZFA:0000576	ZP:0143855	PATO:0002302
GO:0007224	ZFA:0000576	ZP:0143856	PATO:0045073
GO:0009790	ZFA:0001094	ZP:0143862	PATO:0000502
GO:0090504	ZFA:0001094	ZP:0143881	PATO:0000502
GO:0022402	ZFA:0001185	ZP:0143883	PATO:0045073
GO:0007626	ZFA:0001094	ZP:0143887	PATO:0045073
GO:0007405	ZFA:0001345	ZP:0143899	PATO:0045086
GO:0044656	ZFA:0000123	ZP:0143901	PATO:0002304
GO:0040011	ZFA:0001094	ZP:0143913	PATO:0002302
GO:0030282	ZFA:0000578	ZP:0143920	PATO:0002304
GO:0009566	ZFA:0000303	ZP:0143922	PATO:0045000
GO:0001525	ZFA:0001267	ZP:0143931	PATO:0001507
GO:0097350	ZFA:0001058	ZP:0143934	PATO:0000912
GO:0009566	ZFA:0001094	ZP:0143938	PATO:0045073
GO:0006629	ZFA:0001094	ZP:0143966	PATO:0002304
GO:0008283	ZFA:0000140	ZP:0143969	PATO:0002302
GO:0008283	ZFA:0000529	ZP:0143970	PATO:0045073
GO:0120303	ZFA:0001094	ZP:0143990	PATO:0002302
GO:0046543	ZFA:0000242	ZP:0143994	PATO:0002304
GO:0004033	ZFA:0001094	ZP:0144002	PATO:0002302
GO:0017014	ZFA:0000529	ZP:0144004	PATO:0002304
GO:0001947	ZFA:0000360	ZP:0144007	PATO:0001507
GO:0035469	ZFA:0001390	ZP:0144008	PATO:0001507
GO:0060971	ZFA:0000360	ZP:0144009	PATO:0001507
GO:0071910	ZFA:0000123	ZP:0144010	PATO:0001507
GO:0008283	ZFA:0000243	ZP:0144022	PATO:0002302
GO:0006915	ZFA:0000413	ZP:0144037	PATO:0002304
GO:0006915	ZFA:0000035	ZP:0144043	PATO:0045073
GO:0006915	ZFA:0005563	ZP:0144044	PATO:0045073
GO:0042953	ZFA:0001285	ZP:0144045	PATO:0002302
GO:0006915	ZFA:0005563	ZP:0144049	PATO:0002304
GO:0003351	ZFA:0000001	ZP:0144060	PATO:0045073
GO:0008283	ZFA:0005898	ZP:0144062	PATO:0002302
GO:0036444	ZFA:0009262	ZP:0144072	PATO:0015003
GO:0051480	ZFA:0009262	ZP:0144073	PATO:0001507
GO:0008381	ZFA:0009065	ZP:0144074	PATO:0002302
GO:0071464	ZFA:0009065	ZP:0144075	PATO:0002302
GO:0060047	ZFA:0000114	ZP:0144091	PATO:0000911
GO:0047391	ZFA:0005654	ZP:0144093	PATO:0001236
GO:0042761	ZFA:0000107	ZP:0144115	PATO:0002052
GO:0042761	ZFA:0001094	ZP:0144117	PATO:0002052
GO:0035498	ZFA:0000008	ZP:0144124	PATO:0002052
GO:0060038	ZFA:0009316	ZP:0144130	PATO:0002051
GO:0060038	ZFA:0009316	ZP:0144131	PATO:0002052
GO:0006915	ZFA:0001319	ZP:0144140	PATO:0045086
GO:0001525	ZFA:0005004	ZP:0144147	PATO:0000502
GO:0001935	ZFA:0001639	ZP:0144149	PATO:0002052
GO:0001935	ZFA:0001639	ZP:0144166	PATO:0000057
GO:0051301	ZFA:0001615	ZP:0144167	PATO:0002052
GO:0002040	ZFA:0007057	ZP:0144171	PATO:0002304
GO:0035188	ZFA:0005772	ZP:0144186	PATO:0055004
GO:0009566	ZFA:0001109	ZP:0144192	PATO:0000911
GO:2000047	ZFA:0009316	ZP:0144207	PATO:0002302
GO:1905517	ZFA:0000029	ZP:0144210	PATO:0002302
GO:0042742	ZFA:0001115	ZP:0144211	PATO:0002302
GO:1905517	ZFA:0001058	ZP:0144212	PATO:0002302
GO:0035090	ZFA:0001319	ZP:0144213	PATO:0045073
GO:0061337	ZFA:0000009	ZP:0144221	PATO:0002302
GO:0061337	ZFA:0001315	ZP:0144222	PATO:0002302
GO:0035640	ZFA:0001094	ZP:0144245	PATO:0002052
GO:0036268	ZFA:0001094	ZP:0144246	PATO:0000912
GO:0036268	ZFA:0001094	ZP:0144247	PATO:0040032
GO:0036268	ZFA:0001094	ZP:0144248	PATO:0045000
GO:0036268	ZFA:0001094	ZP:0144249	PATO:0045086
GO:0009566	ZFA:0000242	ZP:0144256	PATO:0000911
GO:0009855	ZFA:0005730	ZP:0144258	PATO:0001507
GO:0031103	ZFA:0009053	ZP:0144259	PATO:0000912
GO:0008283	ZFA:0000818	ZP:0144260	PATO:0002052
GO:0030182	ZFA:0001338	ZP:0144262	PATO:0002302
GO:1903924	ZFA:0000403	ZP:0144268	PATO:0002302
GO:0006915	ZFA:0005164	ZP:0144271	PATO:0045073
GO:0008283	ZFA:0005164	ZP:0144272	PATO:0045073
GO:0032502	ZFA:0005164	ZP:0144273	PATO:0001507
GO:0006915	ZFA:0005126	ZP:0144277	PATO:0002304
GO:0030432	ZFA:0001076	ZP:0144278	PATO:0001236
GO:0006915	ZFA:0005126	ZP:0144285	PATO:0045073
GO:0030432	ZFA:0001076	ZP:0144286	PATO:0045073
GO:0052794	ZFA:0001094	ZP:0144290	PATO:0001236
GO:0052795	ZFA:0001094	ZP:0144291	PATO:0001236
GO:0004565	ZFA:0000008	ZP:0144293	PATO:0045073
GO:0016997	ZFA:0000008	ZP:0144294	PATO:0045073
GO:0016997	ZFA:0000123	ZP:0144295	PATO:0002302
GO:0016997	ZFA:0005145	ZP:0144296	PATO:0045073
GO:0016997	ZFA:0001094	ZP:0144299	PATO:0002302
GO:0003411	ZFA:0001202	ZP:0144323	PATO:0040033
GO:1902656	ZFA:0005277	ZP:0144324	PATO:0001236
GO:1902656	ZFA:0005277	ZP:0144331	PATO:0045073
GO:0035036	ZFA:0009006	ZP:0144332	PATO:0001507
GO:0072554	ZFA:0001285	ZP:0144339	PATO:0045086
GO:0072554	ZFA:0001285	ZP:0144340	PATO:0000502
GO:0008283	ZFA:0000107	ZP:0144364	PATO:0000057
GO:0022008	ZFA:0000152	ZP:0144365	PATO:0000502
GO:0070527	ZFA:0001063	ZP:0144371	PATO:0001507
GO:0072378	ZFA:0001063	ZP:0144372	PATO:0001507
GO:0070527	ZFA:0001063	ZP:0144373	PATO:0002302
GO:0072378	ZFA:0001063	ZP:0144374	PATO:0002302
GO:0021952	ZFA:0005874	ZP:0144375	PATO:0002302
GO:0006915	ZFA:0009036	ZP:0144388	PATO:0002304
GO:0031929	ZFA:0001094	ZP:0144397	PATO:0045086
GO:0030182	ZFA:0000075	ZP:0144401	PATO:0002052
GO:0031929	ZFA:0000396	ZP:0144402	PATO:0002052
GO:0043491	ZFA:0000396	ZP:0144403	PATO:0002052
GO:0048675	ZFA:0000175	ZP:0144404	PATO:0045073
GO:0048675	ZFA:0009244	ZP:0144406	PATO:0045073
GO:0002040	ZFA:0001285	ZP:0144424	PATO:0045073
GO:0098773	ZFA:0000277	ZP:0144431	PATO:0002302
GO:0006915	ZFA:0000402	ZP:0144436	PATO:0002304
GO:0001556	ZFA:0000303	ZP:0144437	PATO:0001507
GO:0002718	ZFA:0001094	ZP:0144438	PATO:0002302
GO:0032496	ZFA:0001094	ZP:0144439	PATO:0002302
GO:0001764	ZFA:0005731	ZP:0144441	PATO:0001507
GO:0030154	ZFA:0009280	ZP:0144444	PATO:0002052
GO:0048675	ZFA:0000435	ZP:0144450	PATO:0000911
GO:0036269	ZFA:0001094	ZP:0144459	PATO:0002304
GO:0030182	ZFA:0007042	ZP:0144460	PATO:0002302
GO:0030182	ZFA:0000075	ZP:0144461	PATO:0002302
GO:0001525	ZFA:0001286	ZP:0144474	PATO:0002302
GO:0001946	ZFA:0001115	ZP:0144475	PATO:0002302
GO:1905517	ZFA:0001058	ZP:0144479	PATO:0002051
GO:1990266	ZFA:0001058	ZP:0144480	PATO:0002051
GO:1905517	ZFA:0001058	ZP:0144503	PATO:0045000
GO:1990266	ZFA:0001058	ZP:0144504	PATO:0000911
GO:0007219	ZFA:0000123	ZP:0144514	PATO:0002052
GO:0007219	ZFA:0001338	ZP:0144515	PATO:0002051
GO:0002040	ZFA:0005934	ZP:0144519	PATO:0045086
GO:0007219	ZFA:0005934	ZP:0144520	PATO:0045086
GO:0007219	ZFA:0005934	ZP:0144521	PATO:0002051
GO:0008219	ZFA:0000079	ZP:0144528	PATO:0002304
GO:0008219	ZFA:0000075	ZP:0144534	PATO:0002304
GO:0008219	ZFA:0000029	ZP:0144542	PATO:0045073
GO:0008219	ZFA:0000079	ZP:0144543	PATO:0045073
GO:0008219	ZFA:0000107	ZP:0144544	PATO:0045073
GO:0008219	ZFA:0000128	ZP:0144545	PATO:0045073
GO:0006915	ZFA:0000075	ZP:0144547	PATO:0045073
GO:0006915	ZFA:0000107	ZP:0144548	PATO:0045073
GO:0006915	ZFA:0000128	ZP:0144549	PATO:0045073
GO:0008219	ZFA:0000075	ZP:0144550	PATO:0045073
GO:0008283	ZFA:0001094	ZP:0144557	PATO:0045073
GO:0003006	ZFA:0000303	ZP:0144563	PATO:0000502
GO:0030707	ZFA:0000303	ZP:0144564	PATO:0000502
GO:0007224	ZFA:0001115	ZP:0144565	PATO:0002052
GO:0007224	ZFA:0001056	ZP:0144567	PATO:0002302
GO:0016477	ZFA:0000140	ZP:0144569	PATO:0001507
GO:0019226	ZFA:0000008	ZP:0144571	PATO:0050001
GO:0007528	ZFA:0000671	ZP:0144576	PATO:0002302
GO:0099054	ZFA:0009243	ZP:0144580	PATO:0002302
GO:0019226	ZFA:0000008	ZP:0144581	PATO:0055005
GO:0071340	ZFA:0000155	ZP:0144586	PATO:0002302
GO:0008283	ZFA:0000101	ZP:0144589	PATO:0002302
GO:0008283	ZFA:0009301	ZP:0144590	PATO:0002302
GO:0007626	ZFA:0001094	ZP:0144592	PATO:0002304
GO:0048699	ZFA:0000012	ZP:0144614	PATO:0002051
GO:0002040	ZFA:0000014	ZP:0144656	PATO:0045073
GO:0008283	ZFA:0005604	ZP:0144657	PATO:0002304
GO:0051301	ZFA:0005604	ZP:0144658	PATO:0002304
GO:0002040	ZFA:0000477	ZP:0144660	PATO:0002302
GO:0030282	ZFA:0000407	ZP:0144697	PATO:0000502
GO:0030282	ZFA:0001058	ZP:0144698	PATO:0000502
GO:0030282	ZFA:0001114	ZP:0144699	PATO:0000502
GO:0051216	ZFA:0001058	ZP:0144700	PATO:0000502
GO:0051216	ZFA:0001114	ZP:0144701	PATO:0000502
GO:0051216	ZFA:0001161	ZP:0144702	PATO:0000502
GO:0006915	ZFA:0000640	ZP:0144706	PATO:0002051
GO:0060402	ZFA:0000019	ZP:0144724	PATO:0002051
GO:0060402	ZFA:0000079	ZP:0144725	PATO:0002051
GO:0060402	ZFA:0000215	ZP:0144726	PATO:0002051
GO:0060402	ZFA:0000304	ZP:0144727	PATO:0002051
GO:0060402	ZFA:0000402	ZP:0144728	PATO:0002051
GO:0060402	ZFA:0000470	ZP:0144729	PATO:0002051
GO:0060402	ZFA:0000539	ZP:0144730	PATO:0002051
GO:0060402	ZFA:0005146	ZP:0144731	PATO:0002052
GO:0060402	ZFA:0005873	ZP:0144732	PATO:0002052
GO:0060402	ZFA:0007010	ZP:0144733	PATO:0002051
GO:1990523	ZFA:0001585	ZP:0144735	PATO:0002302
GO:0031099	ZFA:0000114	ZP:0144738	PATO:0001236
GO:0060070	ZFA:0001554	ZP:0144741	PATO:0002304
GO:0003993	ZFA:0009047	ZP:0144742	PATO:0002304
GO:0030200	ZFA:0001094	ZP:0144757	PATO:0001507
GO:0001774	ZFA:0009077	ZP:0144759	PATO:0002304
GO:0001966	ZFA:0001094	ZP:0144760	PATO:0002302
GO:0030200	ZFA:0000008	ZP:0144763	PATO:0001507
GO:0150076	ZFA:0000128	ZP:0144764	PATO:0002304
GO:0150076	ZFA:0000008	ZP:0144769	PATO:0002304
GO:0030200	ZFA:0001094	ZP:0144774	PATO:0002302
GO:0030200	ZFA:0000008	ZP:0144775	PATO:0002302
GO:0043542	ZFA:0001285	ZP:0144781	PATO:0045073
GO:0043542	ZFA:0001285	ZP:0144784	PATO:0002302
GO:0006635	ZFA:0000123	ZP:0144793	PATO:0015003
GO:0006635	ZFA:0005145	ZP:0144794	PATO:0015003
GO:0090580	ZFA:0001094	ZP:0144801	PATO:0040059
GO:0090580	ZFA:0001094	ZP:0144802	PATO:0045073
GO:0090580	ZFA:0000112	ZP:0144803	PATO:0002302
GO:0007015	ZFA:0000086	ZP:0144805	PATO:0001507
GO:0008347	ZFA:0000075	ZP:0144808	PATO:0001236
GO:0008219	ZFA:0009169	ZP:0144809	PATO:0045086
GO:0048599	ZFA:0000303	ZP:0144816	PATO:0002302
GO:0006874	ZFA:0000114	ZP:0144820	PATO:0001236
GO:0008347	ZFA:0000075	ZP:0144821	PATO:0040032
GO:1905232	ZFA:0009169	ZP:0144823	PATO:0002302
GO:0001503	ZFA:0001189	ZP:0144842	PATO:0002304
GO:0001503	ZFA:0005563	ZP:0144843	PATO:0002304
GO:0008219	ZFA:0009091	ZP:0144852	PATO:0002051
GO:0019228	ZFA:0000008	ZP:0144853	PATO:0000380
GO:0048793	ZFA:0000151	ZP:0144860	PATO:0001236
GO:0061371	ZFA:0000114	ZP:0144874	PATO:0045073
GO:0016055	ZFA:0000128	ZP:0144876	PATO:0002051
GO:0008283	ZFA:0000030	ZP:0144883	PATO:0002304
GO:0008283	ZFA:0007000	ZP:0144884	PATO:0002304
GO:0036372	ZFA:0009154	ZP:0144889	PATO:0001507
GO:0048705	ZFA:0001559	ZP:0144894	PATO:0001507
GO:0000226	ZFA:0009063	ZP:0144897	PATO:0001507
GO:0006915	ZFA:0009165	ZP:0144903	PATO:0002304
GO:0008283	ZFA:0009165	ZP:0144904	PATO:0045073
GO:0030282	ZFA:0001585	ZP:0144908	PATO:0002302
GO:0008015	ZFA:0000082	ZP:0144915	PATO:0000911
GO:0008015	ZFA:0001058	ZP:0144916	PATO:0000911
GO:0001755	ZFA:0001424	ZP:0144928	PATO:0002302
GO:0050908	ZFA:0001094	ZP:0144929	PATO:0001236
GO:0009060	ZFA:0001094	ZP:0144932	PATO:0002302
GO:0072592	ZFA:0001094	ZP:0144933	PATO:0002302
GO:0006915	ZFA:0009288	ZP:0144935	PATO:0002304
GO:0021557	ZFA:0000405	ZP:0144937	PATO:0002302
GO:0007369	ZFA:0001094	ZP:0144946	PATO:0002302
GO:0003341	ZFA:0000051	ZP:0144951	PATO:0045087
GO:0003341	ZFA:0000130	ZP:0144952	PATO:0000380
GO:0003341	ZFA:0000130	ZP:0144953	PATO:0001236
GO:0021558	ZFA:0000600	ZP:0144954	PATO:0002302
GO:0021560	ZFA:0000310	ZP:0144955	PATO:0002302
GO:0007603	ZFA:0000152	ZP:0144959	PATO:0002302
GO:0007219	ZFA:0000014	ZP:0144962	PATO:0002018
GO:0043534	ZFA:0000014	ZP:0144986	PATO:0002051
GO:0010842	ZFA:0000152	ZP:0144995	PATO:0001507
GO:0018991	ZFA:0000303	ZP:0145015	PATO:0002052
GO:0030728	ZFA:0000303	ZP:0145016	PATO:0001507
GO:0048514	ZFA:0001285	ZP:0145017	PATO:0001507
GO:0004733	ZFA:0001094	ZP:0145036	PATO:0002302
GO:0001503	ZFA:0000268	ZP:0145037	PATO:0045073
GO:0001503	ZFA:0000947	ZP:0145038	PATO:0045073
GO:0001503	ZFA:0000135	ZP:0145049	PATO:0002302
GO:0001958	ZFA:0000257	ZP:0145052	PATO:0040059
GO:0002063	ZFA:0001058	ZP:0145067	PATO:0045073
GO:0002063	ZFA:0001162	ZP:0145068	PATO:0045073
GO:0002063	ZFA:0001173	ZP:0145069	PATO:0045073
GO:0007179	ZFA:0000173	ZP:0145074	PATO:0045073
GO:0007179	ZFA:0000173	ZP:0145075	PATO:0002304
GO:0019228	ZFA:0000213	ZP:0145084	PATO:0055004
GO:0019228	ZFA:0000215	ZP:0145085	PATO:0055004
GO:0019228	ZFA:0000949	ZP:0145086	PATO:0055003
GO:0019228	ZFA:0005146	ZP:0145087	PATO:0055003
GO:0019228	ZFA:0005865	ZP:0145088	PATO:0055004
GO:0019228	ZFA:0005866	ZP:0145089	PATO:0055004
GO:0060347	ZFA:0000009	ZP:0145090	PATO:0045073
GO:0048102	ZFA:0000123	ZP:0145102	PATO:0002304
GO:0008283	ZFA:0001270	ZP:0145113	PATO:0045073
GO:0008137	ZFA:0005277	ZP:0145121	PATO:0002018
GO:0043473	ZFA:0000368	ZP:0145126	PATO:0002302
GO:0008283	ZFA:0000563	ZP:0145127	PATO:0002051
GO:0006915	ZFA:0000563	ZP:0145128	PATO:0045086
GO:0030199	ZFA:0001119	ZP:0145150	PATO:0002302
GO:0030199	ZFA:0007119	ZP:0145151	PATO:0002302
GO:0030282	ZFA:0001189	ZP:0145155	PATO:0045073
GO:0004098	ZFA:0001094	ZP:0145158	PATO:0002302
GO:0043890	ZFA:0001094	ZP:0145159	PATO:0002302
GO:0004098	ZFA:0001094	ZP:0145161	PATO:0040059
GO:0004565	ZFA:0001094	ZP:0145162	PATO:0045073
GO:0016250	ZFA:0001094	ZP:0145166	PATO:0002302
GO:0043890	ZFA:0001094	ZP:0145167	PATO:0040059
GO:0004098	ZFA:0000008	ZP:0145173	PATO:0040059
GO:0043890	ZFA:0000008	ZP:0145176	PATO:0040059
GO:0001503	ZFA:0000737	ZP:0145181	PATO:0002302
GO:0050908	ZFA:0000107	ZP:0145193	PATO:0002302
GO:0060047	ZFA:0000114	ZP:0145202	PATO:0002302
GO:0042755	ZFA:0001094	ZP:0145203	PATO:0002302
GO:0120054	ZFA:0001094	ZP:0145204	PATO:0045073
GO:0006915	ZFA:0000144	ZP:0145205	PATO:0002304
GO:0060047	ZFA:0000114	ZP:0145206	PATO:0045000
GO:0060047	ZFA:0000114	ZP:0145207	PATO:0045073
GO:0030282	ZFA:0000656	ZP:0145208	PATO:0002302
GO:0030282	ZFA:0001205	ZP:0145209	PATO:0002302
GO:0030282	ZFA:0001399	ZP:0145210	PATO:0002302
GO:0030282	ZFA:0001405	ZP:0145211	PATO:0002302
GO:0007035	ZFA:0009367	ZP:0145215	PATO:0002302
GO:0004096	ZFA:0001094	ZP:0145217	PATO:0002302
GO:0019226	ZFA:0000418	ZP:0145218	PATO:0000381
GO:0019226	ZFA:0000418	ZP:0145219	PATO:0002304
GO:1905664	ZFA:0000418	ZP:0145220	PATO:0000381
GO:1905664	ZFA:0000418	ZP:0145221	PATO:0002304
GO:0006914	ZFA:0009367	ZP:0145223	PATO:0002302
GO:0071632	ZFA:0001094	ZP:0145225	PATO:0002302
GO:0001957	ZFA:0001635	ZP:0145234	PATO:0002302
GO:0001958	ZFA:0001591	ZP:0145235	PATO:0002302
GO:0035187	ZFA:0001094	ZP:0145237	PATO:0002302
GO:0030199	ZFA:0001189	ZP:0145240	PATO:0002302
GO:0045453	ZFA:0001189	ZP:0145242	PATO:0002304
GO:0045453	ZFA:0007118	ZP:0145243	PATO:0002304
GO:0060271	ZFA:0000107	ZP:0145251	PATO:0002302
GO:0010996	ZFA:0001094	ZP:0145254	PATO:0002302
GO:0050908	ZFA:0001094	ZP:0145255	PATO:0045073
GO:0006754	ZFA:0001094	ZP:0145260	PATO:0045073
GO:0007632	ZFA:0001094	ZP:0145261	PATO:0002302
GO:0007632	ZFA:0001094	ZP:0145262	PATO:0045073
GO:0045333	ZFA:0001094	ZP:0145263	PATO:0045073
GO:0006754	ZFA:0001094	ZP:0145273	PATO:0002302
GO:0045333	ZFA:0001094	ZP:0145274	PATO:0002302
GO:0008283	ZFA:0009324	ZP:0145275	PATO:0002052
GO:0000380	ZFA:0001094	ZP:0145290	PATO:0002304
GO:0006915	ZFA:0001161	ZP:0145295	PATO:0045073
GO:0007623	ZFA:0001094	ZP:0145299	PATO:0002302
GO:0045475	ZFA:0001094	ZP:0145300	PATO:0002302
GO:0014809	ZFA:0005277	ZP:0145311	PATO:0002302
GO:0014809	ZFA:0005277	ZP:0145312	PATO:0001236
GO:0002040	ZFA:0001286	ZP:0145313	PATO:0001507
GO:0007596	ZFA:0005898	ZP:0145316	PATO:0002302
GO:0007596	ZFA:0000354	ZP:0145317	PATO:0002302
GO:0007596	ZFA:0001058	ZP:0145318	PATO:0002302
GO:0008283	ZFA:0009351	ZP:0145319	PATO:0002302
GO:0019722	ZFA:0000008	ZP:0145326	PATO:0001507
GO:0014033	ZFA:0001194	ZP:0145329	PATO:0001507
GO:0051301	ZFA:0000123	ZP:0145337	PATO:0002051
GO:0007250	ZFA:0009115	ZP:0145354	PATO:0002304
GO:0000729	ZFA:0001094	ZP:0145356	PATO:0002304
GO:0043473	ZFA:0009091	ZP:0145357	PATO:0002052
GO:0007250	ZFA:0009115	ZP:0145359	PATO:0001236
GO:0097696	ZFA:0000123	ZP:0145360	PATO:0002052
GO:0006915	ZFA:0005882	ZP:0145366	PATO:0002304
GO:0007283	ZFA:0000242	ZP:0145367	PATO:0002302
GO:0051321	ZFA:0005882	ZP:0145368	PATO:0002302
GO:0000729	ZFA:0001094	ZP:0145371	PATO:0045073
GO:0043473	ZFA:0001114	ZP:0145372	PATO:0002052
GO:0043473	ZFA:0000107	ZP:0145373	PATO:0002052
GO:0048845	ZFA:0001286	ZP:0145374	PATO:0002302
GO:0031214	ZFA:0001189	ZP:0145394	PATO:0002051
GO:0031214	ZFA:0000317	ZP:0145395	PATO:0002304
GO:0031214	ZFA:0000317	ZP:0145396	PATO:0002051
GO:0043534	ZFA:0001286	ZP:0145397	PATO:0002302
GO:0002118	ZFA:0000242	ZP:0145400	PATO:0045073
GO:0002118	ZFA:0000303	ZP:0145401	PATO:0002304
GO:0035176	ZFA:0000242	ZP:0145404	PATO:0045073
GO:0035176	ZFA:0000303	ZP:0145405	PATO:0002304
GO:0001974	ZFA:0001286	ZP:0145413	PATO:0002302
GO:0045217	ZFA:0001286	ZP:0145415	PATO:0002302
GO:0007632	ZFA:0001094	ZP:0145420	PATO:0001236
GO:0031223	ZFA:0001094	ZP:0145421	PATO:0001236
GO:0031223	ZFA:0001094	ZP:0145423	PATO:0045073
GO:0030026	ZFA:0001094	ZP:0145428	PATO:0002302
GO:0030026	ZFA:0000008	ZP:0145430	PATO:0002302
GO:0030026	ZFA:0000339	ZP:0145431	PATO:0001236
GO:0055082	ZFA:0000144	ZP:0145435	PATO:0001507
GO:0097707	ZFA:0009154	ZP:0145444	PATO:0002304
GO:0006915	ZFA:0009367	ZP:0145461	PATO:0045073
GO:0003094	ZFA:0001557	ZP:0145474	PATO:0002302
GO:0003011	ZFA:0001058	ZP:0145487	PATO:0000380
GO:0007268	ZFA:0000008	ZP:0145488	PATO:0001845
GO:0006954	ZFA:0001114	ZP:0145489	PATO:0002051
GO:0012501	ZFA:0001114	ZP:0145490	PATO:0002051
GO:0007507	ZFA:0001724	ZP:0145497	PATO:0002302
GO:0022402	ZFA:0009325	ZP:0145500	PATO:0045073
GO:0007219	ZFA:0000243	ZP:0145503	PATO:0045073
GO:0031099	ZFA:0001058	ZP:0145504	PATO:0002304
GO:0007249	ZFA:0009363	ZP:0145510	PATO:0002017
GO:0030182	ZFA:0000112	ZP:0145519	PATO:0045073
GO:0030432	ZFA:0000112	ZP:0145520	PATO:0045000
GO:0120054	ZFA:0000112	ZP:0145521	PATO:0045000
GO:0008219	ZFA:0000009	ZP:0145548	PATO:0002051
GO:0009612	ZFA:0009367	ZP:0145551	PATO:0002052
GO:0014010	ZFA:0000175	ZP:0145552	PATO:0002052
GO:0007043	ZFA:0001285	ZP:0145562	PATO:0002302
GO:0042427	ZFA:0000475	ZP:0145576	PATO:0001236
GO:0042427	ZFA:0000475	ZP:0145577	PATO:0001507
GO:0042428	ZFA:0001429	ZP:0145578	PATO:0001236
GO:0060384	ZFA:0000009	ZP:0145594	PATO:0002304
GO:0060950	ZFA:0000114	ZP:0145595	PATO:0002302
GO:0060951	ZFA:0000114	ZP:0145596	PATO:0002302
GO:0006915	ZFA:0009076	ZP:0145601	PATO:0045073
GO:0006596	ZFA:0009141	ZP:0145603	PATO:0015004
GO:0035771	ZFA:0009141	ZP:0145604	PATO:0015004
GO:0042116	ZFA:0000243	ZP:0145605	PATO:0002304
GO:0043402	ZFA:0009141	ZP:0145606	PATO:0015004
GO:0140105	ZFA:0009141	ZP:0145607	PATO:0015004
GO:1904124	ZFA:0000128	ZP:0145617	PATO:0045000
GO:1904124	ZFA:0000128	ZP:0145618	PATO:0045073
GO:0007520	ZFA:0009117	ZP:0145622	PATO:0002302
GO:0019228	ZFA:0000008	ZP:0145624	PATO:0002304
GO:0044249	ZFA:0009243	ZP:0145638	PATO:0001507
GO:0021707	ZFA:0000100	ZP:0145640	PATO:0002302
GO:0021936	ZFA:0000100	ZP:0145641	PATO:0002302
GO:0030071	ZFA:0000100	ZP:0145642	PATO:0002302
GO:0030071	ZFA:0000445	ZP:0145643	PATO:0002302
GO:1901990	ZFA:0000100	ZP:0145645	PATO:0002302
GO:0008015	ZFA:0000477	ZP:0145647	PATO:0055004
GO:0008283	ZFA:0009234	ZP:0145654	PATO:0002051
GO:0006915	ZFA:0001115	ZP:0145661	PATO:0045086
GO:0097300	ZFA:0000008	ZP:0145679	PATO:0002051
GO:0043931	ZFA:0001189	ZP:0145680	PATO:0001236
GO:0030282	ZFA:0000135	ZP:0145700	PATO:0045073
GO:0032502	ZFA:0000277	ZP:0145713	PATO:0045073
GO:0060971	ZFA:0000360	ZP:0145716	PATO:0045073
GO:0006909	ZFA:0009077	ZP:0145756	PATO:0045073
GO:0006897	ZFA:0001323	ZP:0145761	PATO:0001236
GO:1903409	ZFA:0001094	ZP:0145765	PATO:0045073
GO:0001966	ZFA:0001094	ZP:0145773	PATO:0001236
GO:0010996	ZFA:0001094	ZP:0145774	PATO:0001236
GO:1990266	ZFA:0001058	ZP:0145782	PATO:0002052
GO:0003810	ZFA:0001094	ZP:0145784	PATO:0045086
GO:0004021	ZFA:0001094	ZP:0145785	PATO:0002017
GO:0004035	ZFA:0001094	ZP:0145786	PATO:0002018
GO:0004069	ZFA:0001094	ZP:0145787	PATO:0002017
GO:0004457	ZFA:0001094	ZP:0145788	PATO:0002016
GO:0004457	ZFA:0001094	ZP:0145789	PATO:0002017
GO:0030432	ZFA:0001338	ZP:0145792	PATO:0002052
GO:0030432	ZFA:0001338	ZP:0145793	PATO:0040059
GO:0006915	ZFA:0000402	ZP:0145804	PATO:0002051
GO:0006915	ZFA:0001613	ZP:0145805	PATO:0002051
GO:0004144	ZFA:0001094	ZP:0145807	PATO:0045086
GO:0004465	ZFA:0001094	ZP:0145808	PATO:0002051
GO:0004465	ZFA:0001094	ZP:0145809	PATO:0045086
GO:0031100	ZFA:0000403	ZP:0145810	PATO:0001236
GO:0030282	ZFA:0005619	ZP:0145813	PATO:0002302
GO:0006821	ZFA:0001094	ZP:0145820	PATO:0002051
GO:0006821	ZFA:0001094	ZP:0145821	PATO:0002052
GO:0032400	ZFA:0009091	ZP:0145828	PATO:0045073
GO:0043482	ZFA:0009091	ZP:0145830	PATO:0045073
GO:0120302	ZFA:0000368	ZP:0145831	PATO:0045073
GO:0006699	ZFA:0000123	ZP:0145833	PATO:0002304
GO:0006699	ZFA:0000123	ZP:0145834	PATO:0045073
GO:0070371	ZFA:0009397	ZP:0145837	PATO:0000912
GO:0070371	ZFA:0009397	ZP:0145838	PATO:0045000
GO:0009612	ZFA:0009367	ZP:0145842	PATO:0000057
GO:0003011	ZFA:0001094	ZP:0145846	PATO:0002051
GO:0051899	ZFA:0009301	ZP:0145852	PATO:0000911
GO:0007268	ZFA:0009149	ZP:0145857	PATO:0000380
GO:0007268	ZFA:0009149	ZP:0145858	PATO:0002017
GO:0010644	ZFA:0009149	ZP:0145859	PATO:0000381
GO:0010644	ZFA:0009149	ZP:0145860	PATO:0002018
GO:0006954	ZFA:0000008	ZP:0145868	PATO:0001236
GO:0004021	ZFA:0000123	ZP:0145881	PATO:0002304
GO:0004035	ZFA:0000123	ZP:0145882	PATO:0002304
GO:0004069	ZFA:0000123	ZP:0145883	PATO:0002304
GO:0019722	ZFA:0009158	ZP:0145891	PATO:0002304
GO:0007608	ZFA:0000047	ZP:0145892	PATO:0000297
GO:0050974	ZFA:0000243	ZP:0145893	PATO:0000297
GO:0014827	ZFA:0001338	ZP:0145901	PATO:0000911
GO:0120054	ZFA:0001338	ZP:0145902	PATO:0002302
GO:0019227	ZFA:0000445	ZP:0145903	PATO:0055005
GO:0008283	ZFA:0000024	ZP:0145906	PATO:0002304
GO:0008283	ZFA:0000024	ZP:0145907	PATO:0045073
GO:0008283	ZFA:0000119	ZP:0145908	PATO:0045073
GO:0008283	ZFA:0001464	ZP:0145909	PATO:0045073
GO:0035188	ZFA:0001094	ZP:0145918	PATO:0002302
GO:0006914	ZFA:0001094	ZP:0145919	PATO:0002304
GO:0070254	ZFA:0001338	ZP:0145920	PATO:0002052
GO:0008283	ZFA:0000008	ZP:0145930	PATO:0000057
GO:0001774	ZFA:0000152	ZP:0145933	PATO:0002302
GO:0070654	ZFA:0009262	ZP:0145934	PATO:0002304
GO:0070654	ZFA:0009275	ZP:0145935	PATO:0002304
GO:0072089	ZFA:0000119	ZP:0145936	PATO:0002304
GO:0072089	ZFA:0001464	ZP:0145937	PATO:0045073
GO:0006915	ZFA:0000051	ZP:0145944	PATO:0002051
GO:0006915	ZFA:0001611	ZP:0145945	PATO:0002051
GO:0006915	ZFA:0001612	ZP:0145946	PATO:0002051
GO:0006915	ZFA:0001238	ZP:0145955	PATO:0002051
GO:0150103	ZFA:0009280	ZP:0145990	PATO:0045073
GO:0030099	ZFA:0005898	ZP:0145995	PATO:0002051
GO:0030218	ZFA:0005898	ZP:0145996	PATO:0002051
GO:0002244	ZFA:0005898	ZP:0145998	PATO:0002051
GO:0007267	ZFA:0005898	ZP:0145999	PATO:0040045
GO:0030099	ZFA:0005898	ZP:0146000	PATO:0002052
GO:0030218	ZFA:0005898	ZP:0146001	PATO:0002052
GO:1901532	ZFA:0005898	ZP:0146002	PATO:0001529
GO:0043415	ZFA:0000155	ZP:0146008	PATO:0001236
GO:0043415	ZFA:0000155	ZP:0146009	PATO:0002302
GO:0051301	ZFA:0005277	ZP:0146010	PATO:0002302
GO:0051301	ZFA:0005277	ZP:0146011	PATO:0002304
GO:0051301	ZFA:0005277	ZP:0146012	PATO:0045073
GO:0051301	ZFA:0009272	ZP:0146013	PATO:0002302
GO:0051301	ZFA:0009272	ZP:0146014	PATO:0002304
GO:0072089	ZFA:0001464	ZP:0146021	PATO:0002304
GO:0008283	ZFA:0000152	ZP:0146024	PATO:0045073
GO:0001508	ZFA:0000008	ZP:0146029	PATO:0000380
GO:0008283	ZFA:0000029	ZP:0146035	PATO:0002302
GO:0061371	ZFA:0000360	ZP:0146061	PATO:0002302
GO:0035469	ZFA:0000140	ZP:0146063	PATO:0002302
GO:0006915	ZFA:0005898	ZP:0146082	PATO:0000380
GO:1905517	ZFA:0005277	ZP:0146085	PATO:0002304
GO:1905517	ZFA:0005277	ZP:0146086	PATO:0045073
GO:0006915	ZFA:0000152	ZP:0146095	PATO:0045073
GO:0043030	ZFA:0005277	ZP:0146101	PATO:0045073
GO:0043032	ZFA:0005277	ZP:0146102	PATO:0002304
GO:0045649	ZFA:0005277	ZP:0146103	PATO:0045073
GO:0045651	ZFA:0005277	ZP:0146104	PATO:0002304
GO:0031099	ZFA:0000075	ZP:0146116	PATO:0002052
GO:0007268	ZFA:0009149	ZP:0146118	PATO:0040059
GO:0007268	ZFA:0009149	ZP:0146119	PATO:0045086
GO:0008015	ZFA:0005024	ZP:0146120	PATO:0045073
GO:0042789	ZFA:0000079	ZP:0146130	PATO:0002051
GO:0007219	ZFA:0005061	ZP:0146131	PATO:0002302
GO:0019227	ZFA:0000008	ZP:0146136	PATO:0045073
GO:0060976	ZFA:0005813	ZP:0146137	PATO:0002302
GO:0051402	ZFA:0000445	ZP:0146148	PATO:0002052
GO:0036372	ZFA:0009154	ZP:0146168	PATO:0045000
GO:0008283	ZFA:0000107	ZP:0146176	PATO:0002051
GO:0008283	ZFA:0001114	ZP:0146177	PATO:0002051
GO:0030282	ZFA:0007118	ZP:0146182	PATO:0002304
GO:0004129	ZFA:0001094	ZP:0146198	PATO:0002302
GO:0008137	ZFA:0001094	ZP:0146199	PATO:0002302
GO:0008177	ZFA:0001094	ZP:0146200	PATO:0002302
GO:0036440	ZFA:0001094	ZP:0146201	PATO:0002302
GO:0001503	ZFA:0001189	ZP:0146203	PATO:0045073
GO:0001503	ZFA:0001458	ZP:0146204	PATO:0045073
GO:0001774	ZFA:0000152	ZP:0146207	PATO:0002304
GO:0000084	ZFA:0000152	ZP:0146216	PATO:0002052
GO:0000084	ZFA:0001135	ZP:0146217	PATO:0002052
GO:0000087	ZFA:0000152	ZP:0146219	PATO:0000297
GO:0051301	ZFA:0000152	ZP:0146221	PATO:0055002
GO:1903047	ZFA:0000152	ZP:0146223	PATO:0045087
GO:0019098	ZFA:0000242	ZP:0146235	PATO:0001236
GO:0019953	ZFA:0000242	ZP:0146236	PATO:0002302
GO:0051896	ZFA:0005326	ZP:0146240	PATO:0002304
GO:0031100	ZFA:0000403	ZP:0146242	PATO:0040059
GO:0060249	ZFA:0000403	ZP:0146247	PATO:0001507
GO:0008283	ZFA:0000009	ZP:0146250	PATO:0002052
GO:0008015	ZFA:0005097	ZP:0146260	PATO:0001507
GO:0001503	ZFA:0000555	ZP:0146264	PATO:0002302
GO:0001503	ZFA:0001189	ZP:0146265	PATO:0040059
GO:0001503	ZFA:0001611	ZP:0146266	PATO:0002302
GO:0001503	ZFA:0001612	ZP:0146267	PATO:0002302
GO:0010644	ZFA:0009149	ZP:0146274	PATO:0045086
GO:0070527	ZFA:0000477	ZP:0146276	PATO:0002051
GO:0070527	ZFA:0000477	ZP:0146277	PATO:0002052
GO:0070527	ZFA:0000477	ZP:0146278	PATO:0000912
GO:0030282	ZFA:0001189	ZP:0146281	PATO:0000057
GO:0030036	ZFA:0001286	ZP:0146307	PATO:0002302
GO:0006879	ZFA:0009154	ZP:0146308	PATO:0001507
GO:0036440	ZFA:0001094	ZP:0146309	PATO:0001236
GO:0006636	ZFA:0001570	ZP:0146311	PATO:0001507
GO:0006915	ZFA:0009262	ZP:0146312	PATO:0002304
GO:0006915	ZFA:0009275	ZP:0146313	PATO:0002304
GO:0008283	ZFA:0000143	ZP:0146314	PATO:0002304
GO:0008283	ZFA:0000143	ZP:0146318	PATO:0045073
GO:0034976	ZFA:0001094	ZP:0146322	PATO:0002304
GO:0036268	ZFA:0001094	ZP:0146323	PATO:0002302
GO:0008283	ZFA:0009021	ZP:0146337	PATO:0002051
GO:0006915	ZFA:0005898	ZP:0146340	PATO:0002052
GO:0007224	ZFA:0001135	ZP:0146341	PATO:0002304
GO:0031214	ZFA:0001094	ZP:0146349	PATO:0002051
GO:0031214	ZFA:0005744	ZP:0146350	PATO:0002051
GO:0072554	ZFA:0005025	ZP:0146353	PATO:0002302
GO:0006915	ZFA:0000042	ZP:0146364	PATO:0045073
GO:0002063	ZFA:0001405	ZP:0146368	PATO:0000502
GO:0007043	ZFA:0001285	ZP:0146375	PATO:0045073
GO:0008283	ZFA:0000032	ZP:0146383	PATO:0000381
GO:0006915	ZFA:0000403	ZP:0146409	PATO:0045073
GO:0008283	ZFA:0000403	ZP:0146410	PATO:0002302
GO:0048477	ZFA:0000598	ZP:0146412	PATO:0001507
GO:0072089	ZFA:0000119	ZP:0146417	PATO:0045073
GO:0008283	ZFA:0009275	ZP:0146418	PATO:0002304
GO:0006915	ZFA:0001611	ZP:0146431	PATO:0002304
GO:0006915	ZFA:0001612	ZP:0146432	PATO:0002304
GO:0010882	ZFA:0001374	ZP:0146444	PATO:0002302
GO:0010882	ZFA:0005061	ZP:0146445	PATO:0002302
GO:0048278	ZFA:0009316	ZP:0146446	PATO:0002302
GO:0031101	ZFA:0001058	ZP:0146448	PATO:0000498
GO:0031101	ZFA:0001058	ZP:0146449	PATO:0055003
GO:0008015	ZFA:0000477	ZP:0146454	PATO:0050000
GO:0030282	ZFA:0000135	ZP:0146460	PATO:0002302
GO:0030282	ZFA:0001114	ZP:0146461	PATO:0045073
GO:0050910	ZFA:0001094	ZP:0146468	PATO:0002302
GO:0007416	ZFA:0000778	ZP:0146483	PATO:0002302
GO:0007416	ZFA:0009149	ZP:0146484	PATO:0002302
GO:0008283	ZFA:0009033	ZP:0146497	PATO:0002051
GO:0000423	ZFA:0005145	ZP:0146504	PATO:0002051
GO:0000423	ZFA:0000135	ZP:0146506	PATO:0002052
GO:0000423	ZFA:0005145	ZP:0146509	PATO:0002052
GO:0045454	ZFA:0000101	ZP:0146513	PATO:0001507
GO:0045454	ZFA:0009301	ZP:0146514	PATO:0001507
GO:0014808	ZFA:0009115	ZP:0146516	PATO:0002304
GO:0014866	ZFA:0009115	ZP:0146517	PATO:0045073
GO:1903409	ZFA:0001094	ZP:0146519	PATO:0002304
GO:0030282	ZFA:0000277	ZP:0146527	PATO:0002302
GO:0030282	ZFA:0001273	ZP:0146528	PATO:0002302
GO:0001503	ZFA:0000555	ZP:0146540	PATO:0045073
GO:0001503	ZFA:0000672	ZP:0146541	PATO:0002302
GO:0001503	ZFA:0001400	ZP:0146542	PATO:0002302
GO:0001503	ZFA:0000672	ZP:0146545	PATO:0045073
GO:0001503	ZFA:0001400	ZP:0146546	PATO:0045073
GO:0001503	ZFA:0001458	ZP:0146549	PATO:0040059
GO:0033077	ZFA:0001078	ZP:0146552	PATO:0002302
GO:0033077	ZFA:0001078	ZP:0146556	PATO:0045073
GO:0001905	ZFA:0009135	ZP:0146558	PATO:0002304
GO:0021675	ZFA:0000175	ZP:0146560	PATO:0002302
GO:0014010	ZFA:0000175	ZP:0146562	PATO:0002051
GO:0006915	ZFA:0000008	ZP:0146578	PATO:0045073
GO:0006364	ZFA:0001114	ZP:0146582	PATO:0045073
GO:0036269	ZFA:0001094	ZP:0146584	PATO:0040059
GO:0006364	ZFA:0001114	ZP:0146588	PATO:0002302
GO:0008137	ZFA:0001094	ZP:0146600	PATO:0045073
GO:0008177	ZFA:0001094	ZP:0146601	PATO:0045073
GO:0036440	ZFA:0001094	ZP:0146602	PATO:0045073
GO:0035176	ZFA:0001094	ZP:0146605	PATO:0002302
GO:0042745	ZFA:0001094	ZP:0146606	PATO:0001507
GO:0050802	ZFA:0001094	ZP:0146607	PATO:0001700
GO:0035176	ZFA:0001094	ZP:0146608	PATO:0045073
GO:0042745	ZFA:0001094	ZP:0146609	PATO:0045073
GO:0050802	ZFA:0001094	ZP:0146610	PATO:0001699
GO:0006915	ZFA:0009324	ZP:0146611	PATO:0002052
GO:0001764	ZFA:0001155	ZP:0146619	PATO:0000297
GO:1905517	ZFA:0000084	ZP:0146621	PATO:0000911
GO:1905517	ZFA:0000084	ZP:0146622	PATO:0002302
GO:1905517	ZFA:0000084	ZP:0146624	PATO:0045000
GO:1905517	ZFA:0000084	ZP:0146625	PATO:0045073
GO:1904124	ZFA:0000128	ZP:0146626	PATO:0000911
GO:1904124	ZFA:0000128	ZP:0146627	PATO:0002302
GO:0031100	ZFA:0000403	ZP:0146638	PATO:0001507
GO:0042552	ZFA:0000029	ZP:0146647	PATO:0001507
GO:0042552	ZFA:0000128	ZP:0146648	PATO:0001507
GO:0002040	ZFA:0005046	ZP:0146658	PATO:0002304
GO:0006814	ZFA:0001094	ZP:0146663	PATO:0002051
GO:1902600	ZFA:0000088	ZP:0146664	PATO:0002052
GO:1902600	ZFA:0000088	ZP:0146667	PATO:0045086
GO:0010114	ZFA:0000152	ZP:0146670	PATO:0040059
GO:0010114	ZFA:0009262	ZP:0146671	PATO:0000080
GO:0010114	ZFA:0009262	ZP:0146672	PATO:0002018
GO:0010114	ZFA:0009262	ZP:0146673	PATO:0040059
GO:0034644	ZFA:0009262	ZP:0146674	PATO:0002017
GO:0010114	ZFA:0000152	ZP:0146676	PATO:0045073
GO:0010114	ZFA:0009262	ZP:0146677	PATO:0045073
GO:0010114	ZFA:0009262	ZP:0146678	PATO:0002016
GO:0034644	ZFA:0009262	ZP:0146679	PATO:0045073
GO:0017103	ZFA:0001094	ZP:0146680	PATO:0002302
GO:0097623	ZFA:0009316	ZP:0146691	PATO:0002017
GO:0098703	ZFA:0009316	ZP:0146692	PATO:0002017
GO:0006915	ZFA:0000354	ZP:0146693	PATO:0002304
GO:0009790	ZFA:0001094	ZP:0146698	PATO:0045073
GO:0006897	ZFA:0001287	ZP:0146700	PATO:0045073
GO:0006897	ZFA:0001287	ZP:0146703	PATO:0002302
GO:0006915	ZFA:0000119	ZP:0146715	PATO:0045073
GO:0006915	ZFA:0009397	ZP:0146729	PATO:0002051
GO:0008015	ZFA:0000670	ZP:0146730	PATO:0001507
GO:0051208	ZFA:0000009	ZP:0146732	PATO:0000911
GO:0051209	ZFA:0000009	ZP:0146733	PATO:0000912
GO:0051209	ZFA:0000009	ZP:0146734	PATO:0002017
GO:0001947	ZFA:0000114	ZP:0146736	PATO:0001236
GO:1990183	ZFA:0005831	ZP:0146739	PATO:0002302
GO:0016477	ZFA:0009169	ZP:0146743	PATO:0002304
GO:0016477	ZFA:0009169	ZP:0146744	PATO:0002302
GO:1990183	ZFA:0005831	ZP:0146745	PATO:0045073
GO:0006897	ZFA:0005942	ZP:0146748	PATO:0002302
GO:1904977	ZFA:0005831	ZP:0146757	PATO:0002302
GO:0106056	ZFA:0000114	ZP:0146760	PATO:0002304
GO:0036268	ZFA:0001094	ZP:0146764	PATO:0040033
GO:0036269	ZFA:0001094	ZP:0146765	PATO:0001507
GO:0036268	ZFA:0000242	ZP:0146766	PATO:0040033
GO:0036268	ZFA:0000303	ZP:0146767	PATO:0040033
GO:0048675	ZFA:0000175	ZP:0146776	PATO:0002302
GO:0006897	ZFA:0000243	ZP:0146783	PATO:0002302
GO:0060971	ZFA:0000114	ZP:0146788	PATO:0002302
GO:0006936	ZFA:0005145	ZP:0146796	PATO:0002302
GO:0048675	ZFA:0005665	ZP:0146804	PATO:0002302
GO:0048901	ZFA:0001468	ZP:0146807	PATO:0045073
GO:0048919	ZFA:0001471	ZP:0146808	PATO:0002302
GO:0097156	ZFA:0005665	ZP:0146811	PATO:0002302
GO:0060047	ZFA:0000114	ZP:0146813	PATO:0055004
GO:0019722	ZFA:0000114	ZP:0146823	PATO:0002302
GO:0030182	ZFA:0000008	ZP:0146826	PATO:0002302
GO:0001764	ZFA:0000112	ZP:0146831	PATO:0002302
GO:0060070	ZFA:0001094	ZP:0146832	PATO:0002304
GO:0030282	ZFA:0001239	ZP:0146833	PATO:0000502
GO:0034505	ZFA:0000694	ZP:0146834	PATO:0000502
GO:0043931	ZFA:0001189	ZP:0146835	PATO:0002304
GO:0001957	ZFA:0000191	ZP:0146837	PATO:0000502
GO:0001957	ZFA:0000250	ZP:0146838	PATO:0000502
GO:0001957	ZFA:0000476	ZP:0146839	PATO:0000502
GO:0036073	ZFA:0001400	ZP:0146840	PATO:0000502
GO:0036073	ZFA:0001522	ZP:0146841	PATO:0045073
GO:0035630	ZFA:0000250	ZP:0146843	PATO:0002302
GO:0036073	ZFA:0001400	ZP:0146844	PATO:0045073
GO:0007596	ZFA:0000011	ZP:0146853	PATO:0000502
GO:0016477	ZFA:0000007	ZP:0146854	PATO:0000912
GO:0019722	ZFA:0000114	ZP:0146858	PATO:0001236
GO:0060079	ZFA:0000445	ZP:0146860	PATO:0002304
GO:0042060	ZFA:0000151	ZP:0146863	PATO:0002302
GO:0042060	ZFA:0000151	ZP:0146864	PATO:0045073
GO:0035313	ZFA:0001558	ZP:0146865	PATO:0001507
GO:0030432	ZFA:0000112	ZP:0146875	PATO:0000911
GO:0120054	ZFA:0000112	ZP:0146876	PATO:0000911
GO:0051607	ZFA:0000123	ZP:0146893	PATO:0015003
GO:0051607	ZFA:0000436	ZP:0146894	PATO:0015003
GO:0051607	ZFA:0000529	ZP:0146895	PATO:0015003
GO:0051607	ZFA:0001338	ZP:0146896	PATO:0015003
GO:0006419	ZFA:0001094	ZP:0146904	PATO:0045086
GO:0006426	ZFA:0001094	ZP:0146905	PATO:0002052
GO:0006429	ZFA:0001094	ZP:0146906	PATO:0002052
GO:0006430	ZFA:0001094	ZP:0146907	PATO:0002052
GO:0006431	ZFA:0001094	ZP:0146908	PATO:0045086
GO:0006436	ZFA:0001094	ZP:0146909	PATO:0002052
GO:0006430	ZFA:0001094	ZP:0146914	PATO:0045086
GO:0007520	ZFA:0009369	ZP:0146919	PATO:0002302
GO:0001503	ZFA:0001227	ZP:0146933	PATO:0045073
GO:0002063	ZFA:0001227	ZP:0146934	PATO:0045073
GO:0001503	ZFA:0000191	ZP:0146949	PATO:0045073
GO:0001503	ZFA:0000467	ZP:0146950	PATO:0045073
GO:0001503	ZFA:0000621	ZP:0146951	PATO:0045073
GO:0048675	ZFA:0000445	ZP:0146953	PATO:0002302
GO:0030240	ZFA:0009115	ZP:0146960	PATO:0002302
GO:0048156	ZFA:0000075	ZP:0146964	PATO:0002051
GO:0030282	ZFA:0000694	ZP:0146985	PATO:0002302
GO:0019228	ZFA:0000008	ZP:0146987	PATO:0002051
GO:0030335	ZFA:0009014	ZP:0146988	PATO:0001507
GO:0000087	ZFA:0000152	ZP:0146996	PATO:0001333
GO:0048675	ZFA:0000435	ZP:0146997	PATO:0002302
GO:0048675	ZFA:0009310	ZP:0146998	PATO:0000297
GO:0048675	ZFA:0000684	ZP:0147000	PATO:0002302
GO:0048798	ZFA:0001277	ZP:0147012	PATO:0000502
GO:0032502	ZFA:0000277	ZP:0147015	PATO:0000502
GO:0008015	ZFA:0001057	ZP:0147031	PATO:0015002
GO:0007219	ZFA:0001338	ZP:0147048	PATO:0002302
GO:1905298	ZFA:0001323	ZP:0147049	PATO:0002302
GO:0003341	ZFA:0000022	ZP:0147086	PATO:0001236
GO:0003341	ZFA:0000022	ZP:0147087	PATO:0045087
GO:0120221	ZFA:0000022	ZP:0147089	PATO:0001507
GO:0003341	ZFA:0009033	ZP:0147090	PATO:0002302
GO:0030010	ZFA:0009033	ZP:0147091	PATO:0001507
GO:0003146	ZFA:0000114	ZP:0147114	PATO:0045073
GO:0035469	ZFA:0000140	ZP:0147115	PATO:0045073
GO:0071907	ZFA:0000112	ZP:0147116	PATO:0045073
GO:0071910	ZFA:0000123	ZP:0147117	PATO:0045073
GO:0003140	ZFA:0000121	ZP:0147119	PATO:0045073
GO:0070121	ZFA:0000001	ZP:0147120	PATO:0002302
GO:0000278	ZFA:0000109	ZP:0147121	PATO:0002304
GO:0000278	ZFA:0000128	ZP:0147122	PATO:0002304
GO:0036372	ZFA:0009154	ZP:0147134	PATO:0055006
GO:1902017	ZFA:0000001	ZP:0147139	PATO:0002302
GO:0019227	ZFA:0000008	ZP:0147146	PATO:0002304
GO:0071910	ZFA:0000123	ZP:0147149	PATO:0002302
GO:0045198	ZFA:0000151	ZP:0147154	PATO:0002302
GO:0006915	ZFA:0001273	ZP:0147155	PATO:0002304
GO:0006915	ZFA:0001306	ZP:0147162	PATO:0045086
GO:0008283	ZFA:0001306	ZP:0147163	PATO:0045086
GO:0060971	ZFA:0000360	ZP:0147167	PATO:0001236
GO:0031507	ZFA:0001094	ZP:0147199	PATO:0002302
GO:0000380	ZFA:0000152	ZP:0147205	PATO:0001236
GO:0006915	ZFA:0005290	ZP:0147220	PATO:0002304
GO:0160027	ZFA:0000303	ZP:0147222	PATO:0002302
GO:0007596	ZFA:0000180	ZP:0147234	PATO:0000502
GO:0046959	ZFA:0001094	ZP:0147245	PATO:0000502
GO:0006816	ZFA:0000516	ZP:0147248	PATO:0000380
GO:0048066	ZFA:0000107	ZP:0147256	PATO:0002302
GO:0048066	ZFA:0000368	ZP:0147257	PATO:0002302
GO:0071542	ZFA:0000101	ZP:0147260	PATO:0002302
GO:0006915	ZFA:0009010	ZP:0147277	PATO:0002051
GO:0006915	ZFA:0009076	ZP:0147278	PATO:0045086
GO:0008283	ZFA:0000092	ZP:0147279	PATO:0002051
GO:0006915	ZFA:0009292	ZP:0147285	PATO:0002051
GO:0008283	ZFA:0000445	ZP:0147286	PATO:0002052
GO:0008283	ZFA:0009248	ZP:0147287	PATO:0002052
GO:0006915	ZFA:0000008	ZP:0147291	PATO:0045086
GO:0002063	ZFA:0001405	ZP:0147294	PATO:0000694
GO:0060048	ZFA:0000009	ZP:0147296	PATO:0001845
GO:0000380	ZFA:0001094	ZP:0147297	PATO:0001507
GO:0000380	ZFA:0000008	ZP:0147298	PATO:0001507
GO:0000380	ZFA:0000114	ZP:0147299	PATO:0001507
GO:0000380	ZFA:0000640	ZP:0147300	PATO:0001507
GO:0000380	ZFA:0001338	ZP:0147301	PATO:0001507
GO:0000380	ZFA:0005277	ZP:0147302	PATO:0001507
GO:0032400	ZFA:0009091	ZP:0147304	PATO:0002302
GO:0043482	ZFA:0009091	ZP:0147306	PATO:0002302
GO:0120302	ZFA:0000368	ZP:0147307	PATO:0002302
GO:0043482	ZFA:0009091	ZP:0147308	PATO:0002304
GO:0006915	ZFA:0000598	ZP:0147315	PATO:0045073
GO:0042138	ZFA:0009005	ZP:0147316	PATO:0002325
GO:0045141	ZFA:0009005	ZP:0147317	PATO:0000297
GO:0061982	ZFA:0009005	ZP:0147318	PATO:0000297
GO:1990918	ZFA:0009005	ZP:0147319	PATO:0002325
GO:0007283	ZFA:0000413	ZP:0147321	PATO:0001236
GO:0048477	ZFA:0000413	ZP:0147322	PATO:0040059
GO:0035680	ZFA:0000940	ZP:0147325	PATO:0002302
GO:0008015	ZFA:0001079	ZP:0147333	PATO:0045073
GO:0035329	ZFA:0001079	ZP:0147340	PATO:0002304
GO:0006914	ZFA:0000008	ZP:0147376	PATO:0002302
GO:0007219	ZFA:0000155	ZP:0147394	PATO:0002302
GO:0006915	ZFA:0000029	ZP:0147410	PATO:0045086
GO:0061185	ZFA:0000277	ZP:0147438	PATO:0002325
GO:0035282	ZFA:0001056	ZP:0147439	PATO:0002302
GO:0061183	ZFA:0000277	ZP:0147442	PATO:0002325
GO:0051179	ZFA:0009196	ZP:0147444	PATO:0045073
GO:0035282	ZFA:0001056	ZP:0147445	PATO:0045073
GO:0051179	ZFA:0009196	ZP:0147453	PATO:0002302
GO:0031101	ZFA:0001058	ZP:0147457	PATO:0000502
GO:0051302	ZFA:0001071	ZP:0147466	PATO:0045073
GO:0006915	ZFA:0000152	ZP:0147467	PATO:0000380
GO:0030263	ZFA:0000152	ZP:0147468	PATO:0000380
GO:0007059	ZFA:0000152	ZP:0147474	PATO:0002302
GO:0051302	ZFA:0001071	ZP:0147475	PATO:0002302
GO:0051301	ZFA:0000152	ZP:0147476	PATO:0045073
GO:0051301	ZFA:0000152	ZP:0147477	PATO:0002302
GO:0004312	ZFA:0000123	ZP:0147480	PATO:0002304
GO:0004340	ZFA:0000123	ZP:0147481	PATO:0045073
GO:0004346	ZFA:0000123	ZP:0147482	PATO:0002302
GO:0006914	ZFA:0009399	ZP:0147490	PATO:0002304
GO:0006915	ZFA:0001338	ZP:0147491	PATO:0045073
GO:0006954	ZFA:0009399	ZP:0147492	PATO:0002304
GO:0042254	ZFA:0009399	ZP:0147493	PATO:0002302
GO:0006915	ZFA:0009014	ZP:0147500	PATO:0002304
GO:0008283	ZFA:0009014	ZP:0147501	PATO:0002302
GO:0043542	ZFA:0005773	ZP:0147506	PATO:0002302
GO:0060847	ZFA:0005773	ZP:0147507	PATO:0045073
GO:0043542	ZFA:0005773	ZP:0147508	PATO:0045073
GO:0060847	ZFA:0005773	ZP:0147509	PATO:0002302
GO:0051301	ZFA:0005744	ZP:0147515	PATO:0002302
GO:0060036	ZFA:0000135	ZP:0147517	PATO:0002302
GO:0048699	ZFA:0000505	ZP:0147521	PATO:0002302
GO:0061351	ZFA:0000505	ZP:0147522	PATO:0002302
GO:0006998	ZFA:0000008	ZP:0147525	PATO:0002302
GO:0048677	ZFA:0009149	ZP:0147532	PATO:0002304
GO:0048677	ZFA:0009149	ZP:0147533	PATO:0045073
GO:0007254	ZFA:0001094	ZP:0147534	PATO:0002304
GO:0051301	ZFA:0009272	ZP:0147541	PATO:0045073
GO:0033292	ZFA:0005277	ZP:0147560	PATO:0002302
GO:0006954	ZFA:0000009	ZP:0147577	PATO:0000498
GO:0099608	ZFA:0009149	ZP:0147581	PATO:0002302
GO:0099610	ZFA:0009149	ZP:0147582	PATO:0002302
GO:0055074	ZFA:0001094	ZP:0147584	PATO:0002302
GO:0006915	ZFA:0000033	ZP:0147597	PATO:0045073
GO:0008283	ZFA:0000033	ZP:0147598	PATO:0045073
GO:0090398	ZFA:0001326	ZP:0147599	PATO:0002304
GO:0090398	ZFA:0001326	ZP:0147601	PATO:0045073
GO:0014809	ZFA:0009115	ZP:0147603	PATO:0002302
GO:0001503	ZFA:0001400	ZP:0147607	PATO:0000502
GO:0001503	ZFA:0001510	ZP:0147608	PATO:0000502
GO:0001503	ZFA:0000429	ZP:0147617	PATO:0000502
GO:0001503	ZFA:0000476	ZP:0147618	PATO:0000502
GO:0001503	ZFA:0000525	ZP:0147619	PATO:0000502
GO:0001503	ZFA:0000637	ZP:0147620	PATO:0000502
GO:0001503	ZFA:0000698	ZP:0147621	PATO:0000502
GO:0001958	ZFA:0000422	ZP:0147622	PATO:0000502
GO:0001958	ZFA:0001399	ZP:0147623	PATO:0000502
GO:0001958	ZFA:0001516	ZP:0147624	PATO:0000502
GO:0001958	ZFA:0001522	ZP:0147625	PATO:0000502
GO:0001503	ZFA:0000578	ZP:0147659	PATO:0000502
GO:0001503	ZFA:0001635	ZP:0147660	PATO:0002018
GO:0048856	ZFA:0000476	ZP:0147661	PATO:0000502
GO:0001503	ZFA:0000486	ZP:0147662	PATO:0000502
GO:0001503	ZFA:0000514	ZP:0147663	PATO:0000502
GO:0006915	ZFA:0009316	ZP:0147670	PATO:0045073
GO:0008283	ZFA:0000009	ZP:0147671	PATO:0045073
GO:0002040	ZFA:0005020	ZP:0147694	PATO:0001507
GO:0060978	ZFA:0000009	ZP:0147701	PATO:0002052
GO:0043697	ZFA:0009316	ZP:0147703	PATO:0002052
GO:0071260	ZFA:0009121	ZP:0147720	PATO:0002018
GO:0061026	ZFA:0000009	ZP:0147728	PATO:0002018
GO:0008283	ZFA:0005061	ZP:0147745	PATO:0002302
GO:0008283	ZFA:0005061	ZP:0147746	PATO:0045073
GO:0007219	ZFA:0005061	ZP:0147749	PATO:0001236
GO:0042552	ZFA:0000944	ZP:0147756	PATO:0045073
GO:0098870	ZFA:0009149	ZP:0147759	PATO:0002302
GO:0001881	ZFA:0009306	ZP:0147767	PATO:0002302
GO:0006898	ZFA:0009306	ZP:0147768	PATO:0002302
GO:0003407	ZFA:0000046	ZP:0147769	PATO:0002302
GO:0006915	ZFA:0000100	ZP:0147770	PATO:0002304
GO:0030071	ZFA:0000046	ZP:0147771	PATO:0002302
GO:0016185	ZFA:0009071	ZP:0147785	PATO:0045073
GO:0099610	ZFA:0009071	ZP:0147786	PATO:0002302
GO:0097484	ZFA:0009071	ZP:0147788	PATO:0002302
GO:0007268	ZFA:0009071	ZP:0147789	PATO:0045073
GO:0006915	ZFA:0000123	ZP:0147804	PATO:0055003
GO:0006915	ZFA:0000123	ZP:0147805	PATO:0055004
GO:1901990	ZFA:0000152	ZP:0147820	PATO:0002302
GO:0008593	ZFA:0007123	ZP:0147827	PATO:0045073
GO:0006909	ZFA:0009102	ZP:0147828	PATO:0002051
GO:0003323	ZFA:0000140	ZP:0147829	PATO:0002052
GO:0048881	ZFA:0005323	ZP:0147835	PATO:0002302
GO:0030282	ZFA:0001634	ZP:0147850	PATO:0001507
GO:0006915	ZFA:0009367	ZP:0147853	PATO:0050000
GO:0006915	ZFA:0009367	ZP:0147854	PATO:0055003
GO:1905517	ZFA:0000243	ZP:0147855	PATO:0002304
GO:0007416	ZFA:0009367	ZP:0147856	PATO:0045073
GO:0007416	ZFA:0009367	ZP:0147857	PATO:0002302
GO:1905517	ZFA:0000243	ZP:0147858	PATO:0002323
GO:0008283	ZFA:0000008	ZP:0147859	PATO:0045073
GO:0098828	ZFA:0000304	ZP:0147882	PATO:0002302
GO:0031103	ZFA:0001058	ZP:0147886	PATO:0002052
GO:0043534	ZFA:0000477	ZP:0147893	PATO:0002052
GO:0098828	ZFA:0000304	ZP:0147894	PATO:0045073
GO:0061744	ZFA:0001117	ZP:0147897	PATO:0002304
GO:0031641	ZFA:0009135	ZP:0147901	PATO:0010005
GO:0006809	ZFA:0000173	ZP:0147902	PATO:0002302
GO:0061371	ZFA:0000114	ZP:0147903	PATO:0002302
GO:0001569	ZFA:0001306	ZP:0147906	PATO:0002302
GO:0048702	ZFA:0001321	ZP:0147907	PATO:0002302
GO:0030509	ZFA:0001194	ZP:0147912	PATO:0045073
GO:0008589	ZFA:0001321	ZP:0147913	PATO:0001529
GO:0010644	ZFA:0009149	ZP:0147916	PATO:0002052
GO:0035418	ZFA:0009149	ZP:0147920	PATO:0001507
GO:0060688	ZFA:0005169	ZP:0147921	PATO:0002302
GO:0060688	ZFA:0005169	ZP:0147922	PATO:0045073
GO:0060688	ZFA:0005169	ZP:0147926	PATO:0055001
GO:0098908	ZFA:0000008	ZP:0147930	PATO:0002302
GO:0019722	ZFA:0000445	ZP:0147931	PATO:0000498
GO:0019722	ZFA:0000445	ZP:0147932	PATO:0045087
GO:0019722	ZFA:0000445	ZP:0147933	PATO:0055002
GO:0019228	ZFA:0000128	ZP:0147934	PATO:0002051
GO:0019722	ZFA:0000445	ZP:0147935	PATO:0000380
GO:0019722	ZFA:0000445	ZP:0147936	PATO:0045084
GO:0140734	ZFA:0000354	ZP:0147937	PATO:0002302
GO:0140734	ZFA:0000088	ZP:0147939	PATO:0002302
GO:0032502	ZFA:0001094	ZP:0147942	PATO:0045073
GO:0006809	ZFA:0009036	ZP:0147943	PATO:0002302
GO:0030154	ZFA:0009065	ZP:0147946	PATO:0001236
GO:0048729	ZFA:0009065	ZP:0147947	PATO:0001236
GO:0019228	ZFA:0000079	ZP:0147952	PATO:0002304
GO:0019228	ZFA:0000008	ZP:0147953	PATO:0000057
GO:0019228	ZFA:0000008	ZP:0147954	PATO:0055002
GO:0051946	ZFA:0009075	ZP:0147955	PATO:0002302
GO:0019228	ZFA:0000008	ZP:0147956	PATO:0010005
GO:0019228	ZFA:0000008	ZP:0147957	PATO:0045086
GO:0051946	ZFA:0009075	ZP:0147958	PATO:0045073
GO:0098908	ZFA:0000008	ZP:0147959	PATO:0045073
GO:0008283	ZFA:0001289	ZP:0147968	PATO:0045073
GO:0090118	ZFA:0009036	ZP:0147969	PATO:0002302
GO:0006695	ZFA:0001094	ZP:0147970	PATO:0045073
GO:0034383	ZFA:0009036	ZP:0147971	PATO:0002302
GO:0034384	ZFA:0009036	ZP:0147972	PATO:0045073
GO:0150024	ZFA:0009036	ZP:0147973	PATO:0002302
GO:0001837	ZFA:0009259	ZP:0147974	PATO:0045073
GO:0007179	ZFA:0005058	ZP:0147975	PATO:0001236
GO:0007179	ZFA:0005058	ZP:0147976	PATO:0002302
GO:0030213	ZFA:0005058	ZP:0147977	PATO:0045073
GO:0031099	ZFA:0005280	ZP:0147978	PATO:0002304
GO:0032964	ZFA:0005058	ZP:0147979	PATO:0045086
GO:0042060	ZFA:0005058	ZP:0147980	PATO:0002302
GO:0042060	ZFA:0005058	ZP:0147981	PATO:0002304
GO:0042060	ZFA:0005058	ZP:0147982	PATO:0045073
GO:0051301	ZFA:0005058	ZP:0147983	PATO:0045086
GO:0030213	ZFA:0005058	ZP:0147992	PATO:0002302
GO:0032964	ZFA:0005058	ZP:0147993	PATO:0002051
GO:0051301	ZFA:0005058	ZP:0147994	PATO:0002052
GO:0001944	ZFA:0000008	ZP:0147999	PATO:0001507
GO:0030154	ZFA:0001320	ZP:0148004	PATO:0001236
GO:0048729	ZFA:0001320	ZP:0148005	PATO:0001236
GO:0006915	ZFA:0001464	ZP:0148021	PATO:0045073
GO:0006915	ZFA:0009154	ZP:0148022	PATO:0045073
GO:0001755	ZFA:0007093	ZP:0148030	PATO:0002302
GO:0001221	ZFA:0007082	ZP:0148033	PATO:0001236
GO:0001221	ZFA:0007083	ZP:0148034	PATO:0001236
GO:0051301	ZFA:0000026	ZP:0148038	PATO:0000380
GO:0010669	ZFA:0000026	ZP:0148039	PATO:0001507
GO:0098609	ZFA:0009151	ZP:0148041	PATO:0001507
GO:0051301	ZFA:0005256	ZP:0148047	PATO:0000380
GO:0002009	ZFA:0000026	ZP:0148049	PATO:0001236
GO:0051301	ZFA:0000026	ZP:0148050	PATO:0000381
GO:0051301	ZFA:0000026	ZP:0148051	PATO:0040059
GO:0006915	ZFA:0009003	ZP:0148052	PATO:0045073
GO:0006915	ZFA:0000107	ZP:0148053	PATO:0002302
GO:0006915	ZFA:0009003	ZP:0148054	PATO:0002302
GO:0098609	ZFA:0000026	ZP:0148055	PATO:0045073
GO:0002011	ZFA:0000026	ZP:0148056	PATO:0045073
GO:0002064	ZFA:0000026	ZP:0148057	PATO:0045073
GO:0008360	ZFA:0000026	ZP:0148058	PATO:0045073
GO:0048858	ZFA:0009151	ZP:0148059	PATO:0045073
GO:0033058	ZFA:0000026	ZP:0148060	PATO:0045073
GO:0098609	ZFA:0000026	ZP:0148061	PATO:0015002
GO:0002011	ZFA:0000026	ZP:0148062	PATO:0002302
GO:0033058	ZFA:0000026	ZP:0148063	PATO:0002302
GO:0098609	ZFA:0000026	ZP:0148064	PATO:0015003
GO:0008360	ZFA:0000026	ZP:0148065	PATO:0002302
GO:0033151	ZFA:0000669	ZP:0148067	PATO:0045073
GO:0033151	ZFA:0000669	ZP:0148070	PATO:0002302
GO:0006974	ZFA:0009158	ZP:0148071	PATO:0002304
GO:0006974	ZFA:0009158	ZP:0148072	PATO:0045073
GO:0031099	ZFA:0001058	ZP:0148073	PATO:0045073
GO:0050665	ZFA:0000368	ZP:0148074	PATO:0002051
GO:0050665	ZFA:0000368	ZP:0148075	PATO:0002052
GO:0009435	ZFA:0001094	ZP:0148077	PATO:0002302
GO:0009435	ZFA:0001094	ZP:0148078	PATO:0002304
GO:0098743	ZFA:0009158	ZP:0148079	PATO:0002304
GO:0051301	ZFA:0009158	ZP:0148109	PATO:0002304
GO:0006915	ZFA:0009076	ZP:0148110	PATO:0002304
GO:0072678	ZFA:0001078	ZP:0148123	PATO:0000911
GO:0035020	ZFA:0009327	ZP:0148125	PATO:0002302
GO:0050900	ZFA:0000088	ZP:0148126	PATO:0002302
GO:1990266	ZFA:0000088	ZP:0148127	PATO:0002302
GO:1902622	ZFA:0000077	ZP:0148128	PATO:0002302
GO:1990266	ZFA:0000051	ZP:0148129	PATO:0002302
GO:0003690	ZFA:0000008	ZP:0148131	PATO:0002051
GO:0021779	ZFA:0000075	ZP:0148135	PATO:0002302
GO:0099610	ZFA:0009301	ZP:0148144	PATO:0045073
GO:0099610	ZFA:0009301	ZP:0148145	PATO:0045087
GO:0006909	ZFA:0009077	ZP:0148146	PATO:0002304
GO:0000278	ZFA:0000598	ZP:0148150	PATO:0002052
GO:0007140	ZFA:0000598	ZP:0148151	PATO:0002052
GO:0051301	ZFA:0009052	ZP:0148168	PATO:0000381
GO:0033209	ZFA:0009294	ZP:0148171	PATO:0002017
GO:0051301	ZFA:0009294	ZP:0148172	PATO:0000380
GO:0033209	ZFA:0009141	ZP:0148173	PATO:0001236
GO:0033209	ZFA:0009141	ZP:0148174	PATO:0002017
GO:0042116	ZFA:0009141	ZP:0148175	PATO:0002051
GO:1905146	ZFA:0009141	ZP:0148176	PATO:0002017
GO:0032640	ZFA:0000075	ZP:0148178	PATO:0002017
GO:1905517	ZFA:0000075	ZP:0148179	PATO:0000380
GO:0051301	ZFA:0009294	ZP:0148181	PATO:0000381
GO:0051301	ZFA:0009052	ZP:0148182	PATO:0000380
GO:0001503	ZFA:0000184	ZP:0148185	PATO:0045073
GO:0001503	ZFA:0000694	ZP:0148186	PATO:0002302
GO:0042552	ZFA:0009149	ZP:0148202	PATO:0002302
GO:0061316	ZFA:0001616	ZP:0148210	PATO:0002302
GO:1990266	ZFA:0001058	ZP:0148211	PATO:0000380
GO:1990266	ZFA:0000051	ZP:0148212	PATO:0000380
GO:1990266	ZFA:0000051	ZP:0148213	PATO:0045073
GO:0031099	ZFA:0000077	ZP:0148214	PATO:0002302
GO:1990266	ZFA:0001058	ZP:0148215	PATO:0000381
GO:0031099	ZFA:0000077	ZP:0148224	PATO:0045073
GO:1990266	ZFA:0001058	ZP:0148225	PATO:0045073
GO:0002210	ZFA:0001058	ZP:0148226	PATO:0000498
GO:0002210	ZFA:0001058	ZP:0148227	PATO:0040032
GO:0002210	ZFA:0001058	ZP:0148228	PATO:0045073
GO:0006915	ZFA:0009327	ZP:0148229	PATO:0045087
GO:0008283	ZFA:0001249	ZP:0148233	PATO:0002302
GO:0086005	ZFA:0000009	ZP:0148241	PATO:0010002
GO:0045165	ZFA:0009275	ZP:0148242	PATO:0002302
GO:0002210	ZFA:0000075	ZP:0148255	PATO:0002304
GO:0002210	ZFA:0000075	ZP:0148256	PATO:0045073
GO:0048246	ZFA:0000445	ZP:0148257	PATO:0045073
GO:0048246	ZFA:0000445	ZP:0148258	PATO:0002302
GO:0031555	ZFA:0009325	ZP:0148259	PATO:0002302
GO:0006915	ZFA:0000009	ZP:0148264	PATO:0045073
GO:0008283	ZFA:0000009	ZP:0148265	PATO:0002302
GO:0008283	ZFA:0000471	ZP:0148266	PATO:0002302
GO:0097621	ZFA:0000008	ZP:0148290	PATO:0002302
GO:0072592	ZFA:0001094	ZP:0148324	PATO:0002018
GO:0016045	ZFA:0001079	ZP:0148335	PATO:0000380
GO:0045123	ZFA:0001079	ZP:0148336	PATO:0000380
GO:0002253	ZFA:0009141	ZP:0148339	PATO:0002051
GO:0002253	ZFA:0009141	ZP:0148340	PATO:0045086
GO:0002253	ZFA:0009327	ZP:0148341	PATO:0045086
GO:0061517	ZFA:0001115	ZP:0148342	PATO:0000912
GO:0061517	ZFA:0005314	ZP:0148343	PATO:0000380
GO:0016477	ZFA:0009139	ZP:0148355	PATO:0055006
GO:0016477	ZFA:0009139	ZP:0148356	PATO:0050001
GO:0060047	ZFA:0000009	ZP:0148498	PATO:0001845
GO:0000245	ZFA:0009354	ZP:0148510	PATO:0000912
GO:0001837	ZFA:0009354	ZP:0148511	PATO:0000911
GO:0006281	ZFA:0009354	ZP:0148512	PATO:0000912
GO:0032607	ZFA:0009354	ZP:0148513	PATO:0000912
GO:0042168	ZFA:0009354	ZP:0148514	PATO:0000912
GO:0043297	ZFA:0009354	ZP:0148515	PATO:0000911
GO:0050817	ZFA:0009354	ZP:0148516	PATO:0000911
GO:1905669	ZFA:0009354	ZP:0148517	PATO:0000911
GO:0006915	ZFA:0009325	ZP:0148520	PATO:0002304
GO:0022402	ZFA:0009325	ZP:0148521	PATO:0000297
GO:0030239	ZFA:0001056	ZP:0148526	PATO:0002302
GO:0045214	ZFA:0001056	ZP:0148527	PATO:0002302
GO:0003009	ZFA:0000473	ZP:0148528	PATO:0002018
GO:0007249	ZFA:0009354	ZP:0148529	PATO:0002017
GO:0001516	ZFA:0005898	ZP:0148530	PATO:0002302
GO:0071425	ZFA:0005898	ZP:0148531	PATO:0000381
GO:2000361	ZFA:0005898	ZP:0148541	PATO:0002302
GO:2000361	ZFA:0009065	ZP:0148542	PATO:0002302
GO:0008219	ZFA:0009354	ZP:0148545	PATO:0000380
GO:1903409	ZFA:0009354	ZP:0148546	PATO:0002304
GO:1903409	ZFA:0009065	ZP:0148547	PATO:0002304
GO:0030239	ZFA:0001056	ZP:0148560	PATO:0045073
GO:0006974	ZFA:0000368	ZP:0148564	PATO:0045073
GO:0022402	ZFA:0000368	ZP:0148565	PATO:0045073
GO:0032611	ZFA:0000368	ZP:0148566	PATO:0045073
GO:0051301	ZFA:0000368	ZP:0148567	PATO:0045073
GO:0072332	ZFA:0000368	ZP:0148568	PATO:0045073
GO:0090402	ZFA:0000368	ZP:0148569	PATO:0045073
GO:1903409	ZFA:0000368	ZP:0148570	PATO:0045073
GO:1905573	ZFA:0000368	ZP:0148571	PATO:0045073
GO:0001964	ZFA:0001094	ZP:0148572	PATO:0055005
GO:0035176	ZFA:0001094	ZP:0148575	PATO:0001507
GO:0030330	ZFA:0000368	ZP:0148576	PATO:0002304
GO:0090398	ZFA:0000368	ZP:0148577	PATO:0002051
GO:0007265	ZFA:0000368	ZP:0148578	PATO:0002304
GO:0045296	ZFA:0000368	ZP:0148579	PATO:0000380
GO:0140042	ZFA:0001094	ZP:0148593	PATO:0050000
GO:0140042	ZFA:0001094	ZP:0148594	PATO:0055003
GO:0044409	ZFA:0001285	ZP:0148601	PATO:0002051
GO:0031101	ZFA:0001270	ZP:0148606	PATO:0050001
GO:0031101	ZFA:0001270	ZP:0148607	PATO:0055006
GO:0009954	ZFA:0001270	ZP:0148611	PATO:0001236
GO:0009954	ZFA:0001270	ZP:0148612	PATO:0010005
GO:0010085	ZFA:0001269	ZP:0148613	PATO:0001236
GO:0010085	ZFA:0001269	ZP:0148614	PATO:0001529
GO:0010085	ZFA:0001269	ZP:0148615	PATO:0045073
GO:0010467	ZFA:0001270	ZP:0148616	PATO:0001529
GO:0051301	ZFA:0001269	ZP:0148617	PATO:0010005
GO:0061389	ZFA:0001058	ZP:0148618	PATO:0010005
GO:0061389	ZFA:0001058	ZP:0148619	PATO:0045073
GO:0106056	ZFA:0001270	ZP:0148620	PATO:0001529
GO:0106056	ZFA:0001270	ZP:0148621	PATO:0002018
GO:0014721	ZFA:0001161	ZP:0148623	PATO:0000380
GO:0048266	ZFA:0001094	ZP:0148624	PATO:0002302
GO:0050885	ZFA:0001094	ZP:0148625	PATO:0002302
GO:0002248	ZFA:0000473	ZP:0148628	PATO:0002052
GO:0010468	ZFA:0001094	ZP:0148631	PATO:0050000
GO:0006936	ZFA:0001058	ZP:0148632	PATO:0000380
GO:0014822	ZFA:0000473	ZP:0148633	PATO:0045073
GO:0010232	ZFA:0001285	ZP:0148634	PATO:0015003
GO:0030247	ZFA:0005314	ZP:0148635	PATO:0002051
GO:0035010	ZFA:0001285	ZP:0148636	PATO:0002051
GO:0075015	ZFA:0001285	ZP:0148637	PATO:0002051
GO:0075015	ZFA:0005314	ZP:0148638	PATO:0002051
GO:0042438	ZFA:0001114	ZP:0148645	PATO:0002051
GO:0042438	ZFA:0001115	ZP:0148646	PATO:0002051
GO:0043476	ZFA:0001114	ZP:0148647	PATO:0002051
GO:0043476	ZFA:0001115	ZP:0148648	PATO:0002051
GO:0031099	ZFA:0000075	ZP:0148649	PATO:0002051
GO:0060070	ZFA:0000032	ZP:0148651	PATO:0002304
GO:0060070	ZFA:0000114	ZP:0148652	PATO:0045073
GO:0002248	ZFA:0000473	ZP:0148653	PATO:0002051
GO:0010468	ZFA:0001094	ZP:0148656	PATO:0055004
GO:0031443	ZFA:0000473	ZP:0148660	PATO:0002302
GO:0001935	ZFA:0001285	ZP:0148665	PATO:0002052
GO:0001935	ZFA:0001285	ZP:0148667	PATO:0002051
GO:0140954	ZFA:0001094	ZP:0148668	PATO:0002052
GO:0140955	ZFA:0001094	ZP:0148669	PATO:0002052
GO:0003222	ZFA:0000009	ZP:0148677	PATO:0002302
GO:0140993	ZFA:0009294	ZP:0148680	PATO:0002017
GO:0071880	ZFA:0000114	ZP:0148681	PATO:0002302
GO:0010498	ZFA:0009327	ZP:0148689	PATO:0045073
GO:1904666	ZFA:0009327	ZP:0148690	PATO:0045073
GO:0030199	ZFA:0005563	ZP:0148697	PATO:0002302
GO:0033343	ZFA:0005563	ZP:0148698	PATO:0002302
GO:0033343	ZFA:0005563	ZP:0148699	PATO:0045073
GO:0051301	ZFA:0000119	ZP:0148700	PATO:0045087
GO:0051301	ZFA:0001464	ZP:0148701	PATO:0000381
GO:0030199	ZFA:0005563	ZP:0148711	PATO:0045073
GO:0051301	ZFA:0001464	ZP:0148712	PATO:0045087
GO:0014896	ZFA:0000473	ZP:0148717	PATO:0002302
GO:0031099	ZFA:0000473	ZP:0148718	PATO:0002302
GO:0061323	ZFA:0000009	ZP:0148725	PATO:0002302
GO:0061323	ZFA:0000471	ZP:0148726	PATO:0001236
GO:0008283	ZFA:0001469	ZP:0148729	PATO:0002052
GO:0006816	ZFA:0000470	ZP:0148748	PATO:0000380
GO:0099605	ZFA:0000470	ZP:0148749	PATO:0000380
GO:1905517	ZFA:0001269	ZP:0148755	PATO:0045073
GO:1990266	ZFA:0001269	ZP:0148756	PATO:0055003
GO:0060070	ZFA:0000114	ZP:0148757	PATO:0002304
GO:0106056	ZFA:0001270	ZP:0148758	PATO:0002017
GO:0010498	ZFA:0009327	ZP:0148761	PATO:0002302
GO:1904666	ZFA:0009327	ZP:0148762	PATO:0002302
GO:0010629	ZFA:0009327	ZP:0148765	PATO:0002302
GO:0003097	ZFA:0000529	ZP:0148766	PATO:0045073
GO:0061257	ZFA:0001674	ZP:0148770	PATO:0002302
GO:0031958	ZFA:0000008	ZP:0148775	PATO:0002304
GO:0010468	ZFA:0000008	ZP:0148777	PATO:0002304
GO:1990841	ZFA:0000008	ZP:0148778	PATO:0055002
GO:0010468	ZFA:0000008	ZP:0148779	PATO:0045073
GO:1990841	ZFA:0000008	ZP:0148780	PATO:0010005
GO:0003097	ZFA:0000529	ZP:0148782	PATO:0002302
GO:0061026	ZFA:0000009	ZP:0148788	PATO:0045086
GO:0001755	ZFA:0000107	ZP:0148789	PATO:0045073
GO:0001755	ZFA:0000107	ZP:0148794	PATO:0001507
GO:0034647	ZFA:0000008	ZP:0148795	PATO:0002052
GO:0044017	ZFA:0000008	ZP:0148796	PATO:0002051
GO:0045322	ZFA:0000008	ZP:0148797	PATO:0002051
GO:0006915	ZFA:0001338	ZP:0148808	PATO:0002304
GO:0031099	ZFA:0000140	ZP:0148809	PATO:0001236
GO:0042593	ZFA:0000007	ZP:0148810	PATO:0000912
GO:0046879	ZFA:0009102	ZP:0148811	PATO:0002304
GO:0030073	ZFA:0009102	ZP:0148812	PATO:0002051
GO:1901798	ZFA:0009102	ZP:0148813	PATO:0000912
GO:0030073	ZFA:0009102	ZP:0148815	PATO:0055002
GO:0042254	ZFA:0009102	ZP:0148816	PATO:0002051
GO:0042593	ZFA:0009102	ZP:0148817	PATO:0045073
GO:0043248	ZFA:0009102	ZP:0148818	PATO:0002051
GO:0045787	ZFA:0009102	ZP:0148820	PATO:0002051
GO:0008283	ZFA:0005898	ZP:0148822	PATO:0000380
GO:0045123	ZFA:0009043	ZP:0148823	PATO:0010005
GO:0003007	ZFA:0009316	ZP:0148834	PATO:0045073
GO:0048729	ZFA:0000114	ZP:0148836	PATO:0045073
GO:2000145	ZFA:0009316	ZP:0148837	PATO:0045073
GO:0048729	ZFA:0000114	ZP:0148839	PATO:0002302
GO:2000145	ZFA:0009316	ZP:0148840	PATO:0002302
GO:0042438	ZFA:0001114	ZP:0148847	PATO:0045086
GO:0042438	ZFA:0001115	ZP:0148848	PATO:0045086
GO:0043476	ZFA:0001114	ZP:0148849	PATO:0045086
GO:0043476	ZFA:0001115	ZP:0148850	PATO:0045086
GO:0031099	ZFA:0009102	ZP:0148856	PATO:0045073
GO:0051301	ZFA:0005754	ZP:0148857	PATO:0000380
GO:0051301	ZFA:0005754	ZP:0148858	PATO:0045087
GO:0006915	ZFA:0000143	ZP:0148868	PATO:0002304
GO:0030282	ZFA:0001559	ZP:0148878	PATO:0000502
GO:0000910	ZFA:0001326	ZP:0148902	PATO:0000502
GO:0000910	ZFA:0001326	ZP:0148903	PATO:0002302
GO:0004565	ZFA:0000035	ZP:0148904	PATO:0000912
GO:0120030	ZFA:0000071	ZP:0148907	PATO:0002302
GO:0051301	ZFA:0009354	ZP:0148911	PATO:0000381
GO:0001501	ZFA:0000317	ZP:0148918	PATO:0001236
GO:0072360	ZFA:0001285	ZP:0148930	PATO:0001507
GO:0043414	ZFA:0001094	ZP:0148941	PATO:0002052
GO:0009008	ZFA:0009111	ZP:0148942	PATO:0002302
GO:0042256	ZFA:0001094	ZP:0148947	PATO:0001507
GO:0009008	ZFA:0009399	ZP:0148952	PATO:0002302
GO:0006954	ZFA:0000135	ZP:0148953	PATO:0002051
GO:0008283	ZFA:0000135	ZP:0148954	PATO:0002051
GO:0030282	ZFA:0001189	ZP:0148958	PATO:0010005
GO:0051301	ZFA:0009316	ZP:0148965	PATO:0000381
GO:0006094	ZFA:0000112	ZP:0148969	PATO:0002051
GO:0006096	ZFA:0000112	ZP:0148970	PATO:0002051
GO:0006635	ZFA:0000112	ZP:0148971	PATO:0002051
GO:0006869	ZFA:0000112	ZP:0148972	PATO:0002304
GO:0046890	ZFA:0000112	ZP:0148973	PATO:0002304
GO:0048874	ZFA:0000112	ZP:0148974	PATO:0002302
GO:0048874	ZFA:0000112	ZP:0148975	PATO:0045073
GO:0070254	ZFA:0000112	ZP:0148976	PATO:0002302
GO:0043627	ZFA:0001094	ZP:0148985	PATO:0002302
GO:0008283	ZFA:0009147	ZP:0148999	PATO:0002051
GO:0008283	ZFA:0009147	ZP:0149000	PATO:0002052
GO:0008283	ZFA:0009147	ZP:0149001	PATO:0045086
GO:0006754	ZFA:0000150	ZP:0149012	PATO:0001236
GO:0006754	ZFA:0000150	ZP:0149013	PATO:0002304
GO:0008900	ZFA:0000150	ZP:0149014	PATO:0001236
GO:0008900	ZFA:0000150	ZP:0149015	PATO:0002302
GO:1905146	ZFA:0000150	ZP:0149016	PATO:0000912
GO:0004602	ZFA:0001094	ZP:0149036	PATO:0002302
GO:0009008	ZFA:0001269	ZP:0149038	PATO:0002052
GO:0043473	ZFA:0000088	ZP:0149039	PATO:0002017
GO:0002432	ZFA:0000029	ZP:0149054	PATO:0002051
GO:0003990	ZFA:0005145	ZP:0149055	PATO:0002304
GO:0006914	ZFA:0000598	ZP:0149059	PATO:0002304
GO:0006915	ZFA:0000598	ZP:0149060	PATO:0000380
GO:0030282	ZFA:0001114	ZP:0149069	PATO:0002051
GO:0019228	ZFA:0000445	ZP:0149070	PATO:0002017
GO:0008283	ZFA:0000024	ZP:0149071	PATO:0002052
GO:0031099	ZFA:0000151	ZP:0149072	PATO:0000912
GO:0006915	ZFA:0009102	ZP:0149078	PATO:0002051
GO:0061527	ZFA:0000008	ZP:0149080	PATO:0002052
GO:0014046	ZFA:0000008	ZP:0149082	PATO:0001507
GO:0002253	ZFA:0001094	ZP:0149084	PATO:0045073
GO:1905517	ZFA:0001058	ZP:0149085	PATO:0045073
GO:0009008	ZFA:0000123	ZP:0149098	PATO:0002302
GO:0016032	ZFA:0005249	ZP:0149100	PATO:0002051
GO:0002040	ZFA:0005046	ZP:0149101	PATO:0045073
GO:0008283	ZFA:0001285	ZP:0149103	PATO:0002052
GO:0003144	ZFA:0000360	ZP:0149106	PATO:0001236
GO:0060028	ZFA:0001094	ZP:0149107	PATO:0002302
GO:1905517	ZFA:0000243	ZP:0149109	PATO:0001236
GO:0001525	ZFA:0000152	ZP:0149110	PATO:0002051
GO:0009008	ZFA:0000107	ZP:0149119	PATO:0002051
GO:0009008	ZFA:0009044	ZP:0149120	PATO:0002052
GO:0009008	ZFA:0009354	ZP:0149121	PATO:0002052
GO:0016567	ZFA:0000114	ZP:0149125	PATO:0002051
GO:0044030	ZFA:0000079	ZP:0149126	PATO:0001507
GO:0001525	ZFA:0000012	ZP:0149132	PATO:0040059
GO:0014045	ZFA:0001052	ZP:0149133	PATO:0045086
GO:0051216	ZFA:0000737	ZP:0149135	PATO:0001236
GO:0009008	ZFA:0001094	ZP:0149136	PATO:0002052
GO:0009008	ZFA:0000023	ZP:0149138	PATO:0002052
GO:0031099	ZFA:0000151	ZP:0149142	PATO:0000502
GO:0031099	ZFA:0000151	ZP:0149143	PATO:0000911
GO:0031099	ZFA:0000151	ZP:0149144	PATO:0002052
GO:0008283	ZFA:0000128	ZP:0149145	PATO:0002051
GO:0008283	ZFA:0000128	ZP:0149147	PATO:0045086
GO:0044030	ZFA:0009006	ZP:0149152	PATO:0001236
GO:0072574	ZFA:0005147	ZP:0149155	PATO:0002052
GO:0009008	ZFA:0000008	ZP:0149156	PATO:0002052
GO:0009008	ZFA:0000108	ZP:0149157	PATO:0002052
GO:0009008	ZFA:0000368	ZP:0149158	PATO:0002052
GO:0009008	ZFA:0005145	ZP:0149159	PATO:0002052
GO:0008469	ZFA:0000598	ZP:0149160	PATO:0001507
GO:0044020	ZFA:0000598	ZP:0149161	PATO:0001507
GO:0006970	ZFA:0001094	ZP:0149168	PATO:0002304
GO:0045299	ZFA:0000530	ZP:0149169	PATO:0002302
GO:0042799	ZFA:0001094	ZP:0149171	PATO:0002304
GO:0046974	ZFA:0001094	ZP:0149172	PATO:0002304
GO:0046975	ZFA:0001094	ZP:0149173	PATO:0002304
GO:0046976	ZFA:0001094	ZP:0149174	PATO:0045073
GO:0046974	ZFA:0001094	ZP:0149175	PATO:0045073
GO:0046975	ZFA:0001094	ZP:0149176	PATO:0045073
GO:0044030	ZFA:0009325	ZP:0149178	PATO:0002302
GO:0007219	ZFA:0009065	ZP:0149179	PATO:0002304
GO:0032774	ZFA:0009065	ZP:0149180	PATO:0002304
GO:0007114	ZFA:0009354	ZP:0149187	PATO:0045073
GO:0048846	ZFA:0009150	ZP:0149189	PATO:0001236
GO:0019799	ZFA:0009150	ZP:0149191	PATO:0002052
GO:0031114	ZFA:0009150	ZP:0149192	PATO:0002302
GO:0046785	ZFA:0009150	ZP:0149193	PATO:0002304
GO:0098927	ZFA:0009150	ZP:0149194	PATO:0002302
GO:0070593	ZFA:0009150	ZP:0149196	PATO:0002052
GO:0097155	ZFA:0009150	ZP:0149197	PATO:0002051
GO:0004557	ZFA:0000529	ZP:0149199	PATO:0002302
GO:0051301	ZFA:0000009	ZP:0149206	PATO:0000381
GO:0009435	ZFA:0009316	ZP:0149209	PATO:0002302
GO:0046034	ZFA:0009316	ZP:0149212	PATO:0002302
GO:2000376	ZFA:0009316	ZP:0149213	PATO:0002302
GO:0032183	ZFA:0009052	ZP:0149225	PATO:0015003
GO:0140060	ZFA:0009052	ZP:0149226	PATO:0002302
GO:0006915	ZFA:0009248	ZP:0149228	PATO:0045073
GO:0006915	ZFA:0009248	ZP:0149229	PATO:0002304
GO:0008283	ZFA:0009076	ZP:0149230	PATO:0002304
GO:0042552	ZFA:0000075	ZP:0149232	PATO:0045073
GO:0008283	ZFA:0009076	ZP:0149233	PATO:0045073
GO:0006915	ZFA:0001185	ZP:0149234	PATO:0002052
GO:0008283	ZFA:0009183	ZP:0149237	PATO:0045086
GO:0045446	ZFA:0000477	ZP:0149251	PATO:0002051
GO:0045446	ZFA:0005035	ZP:0149252	PATO:0002051
GO:0045446	ZFA:0005036	ZP:0149253	PATO:0002051
GO:0016055	ZFA:0005036	ZP:0149254	PATO:0002302
GO:0001763	ZFA:0001639	ZP:0149260	PATO:0002302
GO:0031099	ZFA:0001639	ZP:0149261	PATO:0002302
GO:0031099	ZFA:0001639	ZP:0149264	PATO:0045073
GO:0015272	ZFA:0009102	ZP:0149267	PATO:0000297
GO:0071333	ZFA:0009102	ZP:0149269	PATO:0002302
GO:0006119	ZFA:0009301	ZP:0149280	PATO:0000380
GO:0009260	ZFA:0009301	ZP:0149281	PATO:0000380
GO:0022904	ZFA:0009301	ZP:0149282	PATO:0000380
GO:0046034	ZFA:0009301	ZP:0149283	PATO:0000380
GO:0098660	ZFA:0009301	ZP:0149284	PATO:0000380
GO:0001755	ZFA:0000818	ZP:0149291	PATO:0050001
GO:0002035	ZFA:0009301	ZP:0149292	PATO:0002302
GO:0035946	ZFA:0009301	ZP:0149311	PATO:0002302
GO:0002035	ZFA:0009301	ZP:0149314	PATO:0002304
GO:0002253	ZFA:0001094	ZP:0149318	PATO:0002302
GO:0015031	ZFA:0009248	ZP:0149319	PATO:0045000
GO:0032459	ZFA:0009248	ZP:0149320	PATO:0045073
GO:0015031	ZFA:0009248	ZP:0149321	PATO:0000911
GO:0032459	ZFA:0009248	ZP:0149322	PATO:0000911
GO:0051301	ZFA:0009352	ZP:0149326	PATO:0000380
GO:0008219	ZFA:0000029	ZP:0149327	PATO:0000380
GO:0008219	ZFA:0000079	ZP:0149328	PATO:0000380
GO:0008219	ZFA:0000101	ZP:0149329	PATO:0000380
GO:0008219	ZFA:0000128	ZP:0149330	PATO:0000380
GO:1901338	ZFA:0009248	ZP:0149332	PATO:0045087
GO:0042416	ZFA:0000008	ZP:0149335	PATO:0002018
GO:0042427	ZFA:0000008	ZP:0149336	PATO:0002018
GO:0097621	ZFA:0000008	ZP:0149337	PATO:0002017
GO:0044017	ZFA:0009350	ZP:0149338	PATO:0002062
GO:1901797	ZFA:0009350	ZP:0149339	PATO:0001236
GO:0060047	ZFA:0000173	ZP:0149358	PATO:0045084
GO:0060047	ZFA:0000173	ZP:0149360	PATO:0000499
GO:0006970	ZFA:0001094	ZP:0149361	PATO:0001236
GO:0098900	ZFA:0000008	ZP:0149364	PATO:0045073
GO:0032400	ZFA:0000368	ZP:0149366	PATO:0002302
GO:1990254	ZFA:0001185	ZP:0149384	PATO:0045073
GO:0002009	ZFA:0009041	ZP:0149387	PATO:0002302
GO:0007010	ZFA:0009041	ZP:0149388	PATO:0002302
GO:1990254	ZFA:0009041	ZP:0149390	PATO:0002302
GO:0045299	ZFA:0000530	ZP:0149392	PATO:0001236
GO:0006915	ZFA:0000151	ZP:0149395	PATO:0002304
GO:0006915	ZFA:0005781	ZP:0149396	PATO:0002304
GO:0045454	ZFA:0009111	ZP:0149405	PATO:0001507
GO:0045454	ZFA:0009397	ZP:0149406	PATO:0001507
GO:0045454	ZFA:0009111	ZP:0149407	PATO:0045086
GO:0045454	ZFA:0009397	ZP:0149408	PATO:0045086
GO:0030182	ZFA:0000029	ZP:0149411	PATO:0000380
GO:0060019	ZFA:0000029	ZP:0149412	PATO:0001236
GO:0055058	ZFA:0000029	ZP:0149413	PATO:0010005
GO:0055059	ZFA:0000029	ZP:0149414	PATO:0010005
GO:0007219	ZFA:0009011	ZP:0149415	PATO:0002304
GO:0010001	ZFA:0000029	ZP:0149416	PATO:0001236
GO:0010001	ZFA:0000029	ZP:0149421	PATO:0002304
GO:0030182	ZFA:0000029	ZP:0149424	PATO:0010005
GO:0008356	ZFA:0009292	ZP:0149425	PATO:0002302
GO:0019896	ZFA:0009248	ZP:0149436	PATO:0002302
GO:0019896	ZFA:0009248	ZP:0149437	PATO:0040033
GO:0140454	ZFA:0000008	ZP:0149438	PATO:0002051
GO:0061919	ZFA:0009248	ZP:0149439	PATO:0045073
GO:0140454	ZFA:0000012	ZP:0149440	PATO:0002051
GO:0061919	ZFA:0009248	ZP:0149441	PATO:0002302
GO:0048041	ZFA:0000014	ZP:0149446	PATO:0002302
GO:0048041	ZFA:0009036	ZP:0149447	PATO:0002302
GO:0060290	ZFA:0005844	ZP:0149448	PATO:0045086
GO:0097101	ZFA:0001162	ZP:0149449	PATO:0045073
GO:1903618	ZFA:0001162	ZP:0149450	PATO:0045073
GO:0048514	ZFA:0001269	ZP:0149451	PATO:0045073
GO:0060290	ZFA:0001269	ZP:0149452	PATO:0002325
GO:0060290	ZFA:0005105	ZP:0149453	PATO:0045073
GO:0003017	ZFA:0001162	ZP:0149458	PATO:0045073
GO:0036303	ZFA:0001162	ZP:0149459	PATO:0045073
GO:0008015	ZFA:0001162	ZP:0149465	PATO:0002325
GO:0001944	ZFA:0001162	ZP:0149466	PATO:0001529
GO:0001944	ZFA:0001162	ZP:0149467	PATO:0002325
GO:0001574	ZFA:0000123	ZP:0149469	PATO:0002051
GO:0006635	ZFA:0000123	ZP:0149470	PATO:0002302
GO:0006646	ZFA:0000123	ZP:0149471	PATO:0002051
GO:0008610	ZFA:0000123	ZP:0149472	PATO:0002051
GO:0008610	ZFA:0000123	ZP:0149473	PATO:0002302
GO:0140042	ZFA:0000123	ZP:0149474	PATO:0000380
GO:0036071	ZFA:0001094	ZP:0149479	PATO:0002052
GO:0008015	ZFA:0000014	ZP:0149482	PATO:0001845
GO:0008015	ZFA:0000014	ZP:0149483	PATO:0055006
GO:0051489	ZFA:0001285	ZP:0149492	PATO:0002302
GO:0006659	ZFA:0000123	ZP:0149493	PATO:0002051
GO:0001503	ZFA:0000476	ZP:0149497	PATO:0001236
GO:0001503	ZFA:0000561	ZP:0149498	PATO:0001236
GO:0001503	ZFA:0001239	ZP:0149499	PATO:0001236
GO:0030282	ZFA:0001239	ZP:0149500	PATO:0002302
GO:0071897	ZFA:0009091	ZP:0149510	PATO:0002051
GO:0033260	ZFA:0009091	ZP:0149514	PATO:0002302
GO:0031103	ZFA:0000075	ZP:0149526	PATO:0001507
GO:0048666	ZFA:0009243	ZP:0149534	PATO:0001507
GO:0031099	ZFA:0000151	ZP:0149535	PATO:0000057
GO:0006915	ZFA:0000075	ZP:0149536	PATO:0001236
GO:0061351	ZFA:0000075	ZP:0149537	PATO:0001236
GO:0016477	ZFA:0009076	ZP:0149539	PATO:0001236
GO:0044030	ZFA:0001109	ZP:0149541	PATO:0002302
GO:0006974	ZFA:0001135	ZP:0149543	PATO:0002051
GO:0016567	ZFA:0000114	ZP:0149546	PATO:0045086
GO:0046545	ZFA:0000303	ZP:0149554	PATO:0045086
GO:0046546	ZFA:0000242	ZP:0149555	PATO:0045086
GO:0031103	ZFA:0009052	ZP:0149558	PATO:0002052
GO:0031103	ZFA:0009150	ZP:0149559	PATO:0045086
GO:0031103	ZFA:0000200	ZP:0149561	PATO:0045086
GO:0007059	ZFA:0009000	ZP:0149565	PATO:0002302
GO:0070740	ZFA:0009000	ZP:0149566	PATO:0002302
GO:0007219	ZFA:0009065	ZP:0149568	PATO:0055004
GO:0032774	ZFA:0009065	ZP:0149569	PATO:0055004
GO:0002244	ZFA:0001639	ZP:0149572	PATO:0002051
GO:0110053	ZFA:0009036	ZP:0149579	PATO:0002302
GO:0051301	ZFA:0009316	ZP:0149583	PATO:0000380
GO:0006643	ZFA:0000114	ZP:0149585	PATO:0002302
GO:0051301	ZFA:0000114	ZP:0149586	PATO:0002302
GO:0051301	ZFA:0009316	ZP:0149590	PATO:0045073
GO:0010467	ZFA:0005280	ZP:0149592	PATO:0045073
GO:0002248	ZFA:0001319	ZP:0149594	PATO:0002304
GO:0006643	ZFA:0000114	ZP:0149595	PATO:0002304
GO:0031099	ZFA:0001319	ZP:0149596	PATO:0002304
GO:0051301	ZFA:0000114	ZP:0149597	PATO:0002304
GO:0060048	ZFA:0000009	ZP:0149599	PATO:0045087
GO:0060048	ZFA:0000471	ZP:0149600	PATO:0045087
GO:0060048	ZFA:0000471	ZP:0149603	PATO:0000381
GO:0043534	ZFA:0001285	ZP:0149614	PATO:0000911
GO:0006915	ZFA:0000669	ZP:0149616	PATO:0045073
GO:1990266	ZFA:0001058	ZP:0149632	PATO:0002302
GO:0001763	ZFA:0001285	ZP:0149633	PATO:0002302
GO:0008283	ZFA:0005898	ZP:0149635	PATO:0002304
GO:0030282	ZFA:0001114	ZP:0149638	PATO:0002052
GO:0000976	ZFA:0001285	ZP:0149642	PATO:0045073
GO:0000976	ZFA:0001285	ZP:0149643	PATO:0002302
GO:0006915	ZFA:0005898	ZP:0149647	PATO:0000057
GO:0008283	ZFA:0005898	ZP:0149648	PATO:0002052
GO:0042813	ZFA:0005020	ZP:0149658	PATO:0015003
GO:0048666	ZFA:0000588	ZP:0149662	PATO:0002302
GO:0006914	ZFA:0009401	ZP:0149666	PATO:0002302
GO:0008443	ZFA:0000123	ZP:0149672	PATO:0002302
GO:0006915	ZFA:0001115	ZP:0149673	PATO:0000057
GO:0008015	ZFA:0000014	ZP:0149683	PATO:0055005
GO:0008015	ZFA:0000477	ZP:0149684	PATO:0055005
GO:0008015	ZFA:0001285	ZP:0149685	PATO:0055006
GO:0001503	ZFA:0001094	ZP:0149688	PATO:0045086
GO:0097475	ZFA:0005731	ZP:0149691	PATO:0002302
GO:0030282	ZFA:0000270	ZP:0149693	PATO:0002302
GO:0030282	ZFA:0000561	ZP:0149694	PATO:0002302
GO:0030282	ZFA:0000657	ZP:0149695	PATO:0002302
GO:0031214	ZFA:0000694	ZP:0149696	PATO:0002302
GO:0009792	ZFA:0001094	ZP:0149707	PATO:0000502
GO:0031102	ZFA:0000075	ZP:0149710	PATO:0000502
GO:0007219	ZFA:0000012	ZP:0149712	PATO:0045073
GO:0019896	ZFA:0009150	ZP:0149713	PATO:0045073
GO:0019896	ZFA:0009150	ZP:0149714	PATO:0002302
GO:0006914	ZFA:0000008	ZP:0149716	PATO:0002304
GO:0042438	ZFA:0001463	ZP:0149717	PATO:0002302
GO:0003682	ZFA:0009165	ZP:0149719	PATO:0001236
GO:0035064	ZFA:0009165	ZP:0149720	PATO:0001236
GO:0044027	ZFA:0000045	ZP:0149721	PATO:0001236
GO:0141137	ZFA:0009165	ZP:0149722	PATO:0045073
GO:0003682	ZFA:0009091	ZP:0149723	PATO:0001236
GO:0003682	ZFA:0009199	ZP:0149724	PATO:0001236
GO:0035064	ZFA:0009091	ZP:0149725	PATO:0001236
GO:0035064	ZFA:0009199	ZP:0149726	PATO:0001236
GO:0141137	ZFA:0009091	ZP:0149727	PATO:0045073
GO:0141137	ZFA:0009199	ZP:0149728	PATO:0045073
GO:0060047	ZFA:0000114	ZP:0149744	PATO:0055005
GO:0006915	ZFA:0001206	ZP:0149760	PATO:0002304
GO:0006915	ZFA:0001673	ZP:0149761	PATO:0002304
GO:0008283	ZFA:0001206	ZP:0149762	PATO:0045073
GO:0007528	ZFA:0000697	ZP:0149764	PATO:0002052
GO:0021559	ZFA:0000697	ZP:0149765	PATO:0000502
GO:0021559	ZFA:0000697	ZP:0149766	PATO:0002052
GO:0048668	ZFA:0000697	ZP:0149769	PATO:0002051
GO:0048755	ZFA:0000697	ZP:0149770	PATO:0002051
GO:0021960	ZFA:0001108	ZP:0149787	PATO:0002302
GO:0021961	ZFA:0000059	ZP:0149788	PATO:0002302
GO:0008219	ZFA:0009084	ZP:0149790	PATO:0000057
GO:0035989	ZFA:0000737	ZP:0149791	PATO:0001236
GO:0008219	ZFA:0009084	ZP:0149793	PATO:0002051
GO:0035385	ZFA:0000109	ZP:0149801	PATO:0001236
GO:0035385	ZFA:0000109	ZP:0149802	PATO:0002304
GO:0006101	ZFA:0001162	ZP:0149803	PATO:0002051
GO:0006633	ZFA:0001162	ZP:0149804	PATO:0002051
GO:0008327	ZFA:0001162	ZP:0149805	PATO:0002302
GO:0070975	ZFA:0001162	ZP:0149806	PATO:0002051
GO:1901148	ZFA:0001162	ZP:0149807	PATO:0002304
GO:0016477	ZFA:0009052	ZP:0149813	PATO:0001507
GO:0006915	ZFA:0000109	ZP:0149815	PATO:0000057
GO:0008283	ZFA:0000109	ZP:0149816	PATO:0000057
GO:0014003	ZFA:0000109	ZP:0149817	PATO:0002304
GO:0022008	ZFA:0000109	ZP:0149818	PATO:0002052
GO:0014002	ZFA:0000109	ZP:0149820	PATO:0002302
GO:0006915	ZFA:0001405	ZP:0149821	PATO:0002051
GO:0051301	ZFA:0001405	ZP:0149822	PATO:0002052
GO:0006915	ZFA:0000075	ZP:0149833	PATO:0045086
GO:0006915	ZFA:0001094	ZP:0149834	PATO:0045086
GO:0048870	ZFA:0001202	ZP:0149841	PATO:0001507
GO:0048870	ZFA:0000050	ZP:0149842	PATO:0001507
GO:0030154	ZFA:0001620	ZP:0149847	PATO:0001236
GO:0030154	ZFA:0001621	ZP:0149848	PATO:0001236
GO:0032965	ZFA:0001287	ZP:0149862	PATO:0002302
GO:0032965	ZFA:0001287	ZP:0149863	PATO:0045073
GO:0032964	ZFA:0001287	ZP:0149866	PATO:0045073
GO:0007596	ZFA:0005031	ZP:0149868	PATO:0002304
GO:0003300	ZFA:0009316	ZP:0149888	PATO:0002304
GO:0071875	ZFA:0009316	ZP:0149889	PATO:0002304
GO:0006915	ZFA:0001389	ZP:0149907	PATO:0000380
GO:0006915	ZFA:0001389	ZP:0149908	PATO:0045087
GO:0008283	ZFA:0001389	ZP:0149909	PATO:0000381
GO:1905517	ZFA:0001389	ZP:0149910	PATO:0000911
GO:1905517	ZFA:0001389	ZP:0149911	PATO:0002302
GO:1905517	ZFA:0001389	ZP:0149912	PATO:0045073
GO:0035590	ZFA:0009367	ZP:0149914	PATO:0045073
GO:0030282	ZFA:0000135	ZP:0149917	PATO:0002051
GO:0030282	ZFA:0000135	ZP:0149918	PATO:0055002
GO:0006915	ZFA:0000132	ZP:0149924	PATO:0002304
GO:0048856	ZFA:0001205	ZP:0149931	PATO:0000502
GO:0048856	ZFA:0001306	ZP:0149932	PATO:0000502
GO:0048856	ZFA:0001400	ZP:0149933	PATO:0000502
GO:0014016	ZFA:0000588	ZP:0149938	PATO:0002052
GO:0045162	ZFA:0009150	ZP:0149941	PATO:0040059
GO:0001944	ZFA:0000029	ZP:0149946	PATO:0002302
GO:0001944	ZFA:0001052	ZP:0149947	PATO:0000502
GO:0001944	ZFA:0005002	ZP:0149948	PATO:0000502
GO:0001944	ZFA:0005020	ZP:0149949	PATO:0000502
GO:0002040	ZFA:0005020	ZP:0149950	PATO:0002302
GO:0010950	ZFA:0001094	ZP:0149976	PATO:0002051
GO:0006915	ZFA:0005126	ZP:0149978	PATO:0002051
GO:0016042	ZFA:0000123	ZP:0149979	PATO:0002051
GO:0090557	ZFA:0000112	ZP:0149981	PATO:0045073
GO:0006885	ZFA:0001076	ZP:0149983	PATO:0002302
GO:0045851	ZFA:0001076	ZP:0149984	PATO:0000380
GO:0090557	ZFA:0000112	ZP:0149986	PATO:0002302
GO:1990266	ZFA:0000112	ZP:0149987	PATO:0000911
GO:1990266	ZFA:0000112	ZP:0149988	PATO:0045000
GO:0016477	ZFA:0001624	ZP:0149989	PATO:0001507
GO:0000723	ZFA:0009005	ZP:0149993	PATO:0002302
GO:0034502	ZFA:0009005	ZP:0149996	PATO:0002302
GO:0042138	ZFA:0009005	ZP:0149997	PATO:0002051
GO:0042138	ZFA:0009005	ZP:0149998	PATO:0055002
GO:0051276	ZFA:0009005	ZP:0149999	PATO:0002302
GO:0031103	ZFA:0009149	ZP:0150005	PATO:0002302
GO:0031103	ZFA:0009149	ZP:0150006	PATO:0045073
GO:0031103	ZFA:0009149	ZP:0150007	PATO:0050001
GO:0031103	ZFA:0009149	ZP:0150008	PATO:0055006
GO:0008219	ZFA:0001058	ZP:0150010	PATO:0002052
GO:0008283	ZFA:0005898	ZP:0150017	PATO:0002051
GO:0008283	ZFA:0000029	ZP:0150018	PATO:0045073
GO:0008283	ZFA:0000079	ZP:0150019	PATO:0045073
GO:0008283	ZFA:0000213	ZP:0150020	PATO:0045073
GO:0004879	ZFA:0009141	ZP:0150048	PATO:0015004
GO:0051301	ZFA:0000051	ZP:0150061	PATO:0000381
GO:0051301	ZFA:0000051	ZP:0150062	PATO:0000044
GO:0001501	ZFA:0000303	ZP:0150067	PATO:0002302
GO:0007186	ZFA:0000008	ZP:0150074	PATO:0002051
GO:0009449	ZFA:0009243	ZP:0150095	PATO:0010005
GO:0014016	ZFA:0000588	ZP:0150097	PATO:0002051
GO:0030182	ZFA:0001155	ZP:0150105	PATO:0002302
GO:0001763	ZFA:0005934	ZP:0150106	PATO:0002302
GO:0001763	ZFA:0007057	ZP:0150107	PATO:0002302
GO:0072554	ZFA:0007057	ZP:0150108	PATO:0002302
GO:0006915	ZFA:0000135	ZP:0150114	PATO:0002304
GO:0002281	ZFA:0005898	ZP:0150118	PATO:0001236
GO:0051881	ZFA:0000473	ZP:0150121	PATO:0002302
GO:0098900	ZFA:0000445	ZP:0150122	PATO:0002302
GO:0072593	ZFA:0000123	ZP:0150128	PATO:0002051
GO:0006915	ZFA:0001170	ZP:0150129	PATO:0002051
GO:0030282	ZFA:0001170	ZP:0150130	PATO:0001494
GO:0035988	ZFA:0001170	ZP:0150131	PATO:0002052
GO:0106218	ZFA:0001170	ZP:0150132	PATO:0055004
GO:0004602	ZFA:0000008	ZP:0150142	PATO:0002052
GO:0004784	ZFA:0000008	ZP:0150143	PATO:0002051
GO:0050321	ZFA:0000008	ZP:0150144	PATO:0002051
GO:0072593	ZFA:0000008	ZP:0150145	PATO:0002051
GO:0051301	ZFA:0001114	ZP:0150154	PATO:0002052
GO:0042391	ZFA:0000445	ZP:0150169	PATO:0001236
GO:0042391	ZFA:0000445	ZP:0150170	PATO:0002302
GO:0030282	ZFA:0000277	ZP:0150175	PATO:0002052
GO:0045124	ZFA:0000277	ZP:0150176	PATO:0002302
GO:0006520	ZFA:0000123	ZP:0150182	PATO:0002051
GO:0016203	ZFA:0000565	ZP:0150195	PATO:0002302
GO:0140042	ZFA:0000123	ZP:0150199	PATO:0002051
GO:0004035	ZFA:0000277	ZP:0150203	PATO:0002052
GO:0004035	ZFA:0000277	ZP:0150204	PATO:0045086
GO:0009056	ZFA:0009047	ZP:0150205	PATO:0002051
GO:0009056	ZFA:0009047	ZP:0150206	PATO:0045086
GO:0098900	ZFA:0000445	ZP:0150215	PATO:0001236
GO:0051301	ZFA:0000008	ZP:0150218	PATO:0002052
GO:0051301	ZFA:0000032	ZP:0150219	PATO:0002052
GO:0051301	ZFA:0000079	ZP:0150220	PATO:0002052
GO:0051301	ZFA:0000100	ZP:0150221	PATO:0002052
GO:0051301	ZFA:0000402	ZP:0150222	PATO:0002052
GO:0051301	ZFA:0000445	ZP:0150223	PATO:0002052
GO:0001508	ZFA:0000445	ZP:0150225	PATO:0002302
GO:0061614	ZFA:0001194	ZP:0150226	PATO:0002051
GO:0008152	ZFA:0000008	ZP:0150236	PATO:0002302
GO:0071840	ZFA:0000008	ZP:0150237	PATO:0002302
GO:0006754	ZFA:0000008	ZP:0150242	PATO:0002052
GO:0032043	ZFA:0000008	ZP:0150243	PATO:0002051
GO:0030282	ZFA:0005744	ZP:0150244	PATO:0002052
GO:0051216	ZFA:0001279	ZP:0150245	PATO:0002302
GO:0060349	ZFA:0000657	ZP:0150246	PATO:0002302
GO:0060536	ZFA:0001400	ZP:0150247	PATO:0002302
GO:0060536	ZFA:0001521	ZP:0150248	PATO:0002302
GO:0099590	ZFA:0000032	ZP:0150253	PATO:0001236
GO:0099590	ZFA:0000032	ZP:0150254	PATO:0002304
GO:0042403	ZFA:0000032	ZP:0150276	PATO:0002052
GO:0042403	ZFA:0000118	ZP:0150277	PATO:0002052
GO:0030282	ZFA:0001269	ZP:0150284	PATO:0010005
GO:0030282	ZFA:0001269	ZP:0150285	PATO:0045086
GO:0030282	ZFA:0001269	ZP:0150286	PATO:0055001
GO:0001516	ZFA:0001094	ZP:0150296	PATO:0002051
GO:0006629	ZFA:0000084	ZP:0150297	PATO:0002052
GO:0006869	ZFA:0000084	ZP:0150298	PATO:0002052
GO:0030282	ZFA:0000250	ZP:0150333	PATO:0000057
GO:0030282	ZFA:0000250	ZP:0150334	PATO:0002051
GO:0003990	ZFA:0001094	ZP:0150350	PATO:0002051
GO:0004096	ZFA:0001094	ZP:0150351	PATO:0002051
GO:1901668	ZFA:0001094	ZP:0150352	PATO:0002051
GO:1903409	ZFA:0001094	ZP:0150353	PATO:0002051
GO:0000226	ZFA:0001338	ZP:0150375	PATO:0002051
GO:0002534	ZFA:0001338	ZP:0150376	PATO:0002051
GO:0005975	ZFA:0001338	ZP:0150377	PATO:0002051
GO:0006090	ZFA:0001338	ZP:0150378	PATO:0002051
GO:0006206	ZFA:0001338	ZP:0150379	PATO:0002051
GO:0006525	ZFA:0001338	ZP:0150380	PATO:0002051
GO:0006560	ZFA:0001338	ZP:0150381	PATO:0002051
GO:0006694	ZFA:0001338	ZP:0150382	PATO:0002051
GO:0006805	ZFA:0001338	ZP:0150383	PATO:0002051
GO:0006911	ZFA:0001338	ZP:0150384	PATO:0002051
GO:0007018	ZFA:0001338	ZP:0150385	PATO:0002051
GO:0007623	ZFA:0001338	ZP:0150386	PATO:0002051
GO:0008202	ZFA:0001338	ZP:0150387	PATO:0002051
GO:0008652	ZFA:0001338	ZP:0150388	PATO:0002051
GO:0016491	ZFA:0001338	ZP:0150389	PATO:0002051
GO:0035357	ZFA:0001338	ZP:0150390	PATO:0002051
GO:0044283	ZFA:0001338	ZP:0150391	PATO:0002051
GO:0048511	ZFA:0001338	ZP:0150392	PATO:0002302
GO:0048874	ZFA:0001338	ZP:0150393	PATO:0002302
GO:0051726	ZFA:0001338	ZP:0150394	PATO:0002051
GO:0071855	ZFA:0001338	ZP:0150395	PATO:0002051
GO:0120178	ZFA:0001338	ZP:0150396	PATO:0002051
GO:0120192	ZFA:0001338	ZP:0150397	PATO:0002051
GO:0006915	ZFA:0009316	ZP:0150399	PATO:0000912
GO:0034440	ZFA:0001094	ZP:0150400	PATO:0000912
GO:1903409	ZFA:0001094	ZP:0150401	PATO:0000912
GO:0004784	ZFA:0000008	ZP:0150404	PATO:0002052
GO:0031547	ZFA:0000008	ZP:0150405	PATO:0002052
GO:0032640	ZFA:0000008	ZP:0150406	PATO:0002051
GO:0034599	ZFA:0000008	ZP:0150407	PATO:0002051
GO:1901222	ZFA:0000008	ZP:0150408	PATO:0000912
GO:0001508	ZFA:0000445	ZP:0150410	PATO:0001845
GO:0008610	ZFA:0000075	ZP:0150414	PATO:0045073
GO:0008610	ZFA:0000123	ZP:0150415	PATO:0045073
GO:0008610	ZFA:0000354	ZP:0150416	PATO:0045073
GO:0008610	ZFA:0001438	ZP:0150417	PATO:0045073
GO:0062197	ZFA:0009256	ZP:0150419	PATO:0045073
GO:0051301	ZFA:0009367	ZP:0150423	PATO:0045087
GO:0061026	ZFA:0000009	ZP:0150428	PATO:0045073
GO:0055007	ZFA:0000009	ZP:0150429	PATO:0045073
GO:0055007	ZFA:0000471	ZP:0150430	PATO:0045073
GO:0004806	ZFA:0005654	ZP:0150435	PATO:0002051
GO:0006631	ZFA:0000123	ZP:0150436	PATO:0002051
GO:0006636	ZFA:0000123	ZP:0150437	PATO:0002051
GO:0010876	ZFA:0000123	ZP:0150438	PATO:0002051
GO:0030199	ZFA:0000011	ZP:0150439	PATO:0002302
GO:0035357	ZFA:0000123	ZP:0150440	PATO:0002051
GO:0140042	ZFA:0000011	ZP:0150441	PATO:0002051
GO:2000145	ZFA:0000940	ZP:0150447	PATO:0001236
GO:0002432	ZFA:0001094	ZP:0150449	PATO:0001236
GO:0030448	ZFA:0000076	ZP:0150451	PATO:0002051
GO:0006694	ZFA:0000403	ZP:0150458	PATO:0002051
GO:0034599	ZFA:0001094	ZP:0150460	PATO:0002017
GO:0042743	ZFA:0001094	ZP:0150461	PATO:0000912
GO:0006695	ZFA:0000123	ZP:0150469	PATO:0002051
GO:0019432	ZFA:0000123	ZP:0150470	PATO:0002051
GO:0006629	ZFA:0000123	ZP:0150471	PATO:0002302
GO:1905897	ZFA:0000123	ZP:0150472	PATO:0002302
GO:0035176	ZFA:0000242	ZP:0150474	PATO:0002302
GO:0036269	ZFA:0000242	ZP:0150475	PATO:0002302
GO:0002224	ZFA:0000123	ZP:0150476	PATO:0000380
GO:0004784	ZFA:0000123	ZP:0150477	PATO:0000380
GO:0005031	ZFA:0000123	ZP:0150478	PATO:0000380
GO:0006915	ZFA:0000123	ZP:0150480	PATO:0000380
GO:0006954	ZFA:0000123	ZP:0150481	PATO:0000380
GO:0006954	ZFA:0009111	ZP:0150482	PATO:0000380
GO:0006954	ZFA:0009111	ZP:0150483	PATO:0045087
GO:0009636	ZFA:0000123	ZP:0150484	PATO:0000380
GO:0032675	ZFA:0000123	ZP:0150485	PATO:0000380
GO:0034599	ZFA:0000123	ZP:0150486	PATO:0000380
GO:0035872	ZFA:0000123	ZP:0150487	PATO:0000380
GO:0072332	ZFA:0000123	ZP:0150488	PATO:0000380
GO:1903409	ZFA:0009111	ZP:0150489	PATO:0000380
GO:1903409	ZFA:0009111	ZP:0150490	PATO:0045087
GO:0004784	ZFA:0000123	ZP:0150505	PATO:0000057
GO:0016209	ZFA:0000123	ZP:0150506	PATO:0002304
GO:0016298	ZFA:0000123	ZP:0150507	PATO:0000057
GO:0003990	ZFA:0000008	ZP:0150510	PATO:0002017
GO:0004096	ZFA:0000008	ZP:0150511	PATO:0002017
GO:0004602	ZFA:0000008	ZP:0150512	PATO:0002017
GO:0004784	ZFA:0000008	ZP:0150513	PATO:0002017
GO:0001508	ZFA:0000128	ZP:0150514	PATO:0000078
GO:0010467	ZFA:0000010	ZP:0150520	PATO:0002302
GO:0006915	ZFA:0000109	ZP:0150525	PATO:0055003
GO:0150076	ZFA:0000109	ZP:0150526	PATO:0002051
GO:0004362	ZFA:0001094	ZP:0150534	PATO:0002017
GO:0006915	ZFA:0000598	ZP:0150538	PATO:0055003
GO:0019083	ZFA:0000242	ZP:0150544	PATO:0000161
GO:0019083	ZFA:0000303	ZP:0150545	PATO:0000912
GO:0140367	ZFA:0000180	ZP:0150557	PATO:0002302
GO:1905517	ZFA:0001269	ZP:0150558	PATO:0002051
GO:1990266	ZFA:0001269	ZP:0150559	PATO:0002051
GO:0000902	ZFA:0000008	ZP:0150561	PATO:0002302
GO:0007049	ZFA:0000008	ZP:0150562	PATO:0002302
GO:0032259	ZFA:0000008	ZP:0150563	PATO:0002051
GO:0048870	ZFA:0000008	ZP:0150564	PATO:0002302
GO:0004303	ZFA:0000242	ZP:0150569	PATO:0002302
GO:0004303	ZFA:0000303	ZP:0150570	PATO:0002302
GO:0051301	ZFA:0000051	ZP:0150585	PATO:0000380
GO:0006954	ZFA:0001338	ZP:0150587	PATO:0045086
GO:0030432	ZFA:0001338	ZP:0150588	PATO:0045073
GO:0030492	ZFA:0009325	ZP:0150592	PATO:0000911
GO:0010467	ZFA:0001094	ZP:0150594	PATO:0002302
GO:0006006	ZFA:0000008	ZP:0150602	PATO:0002051
GO:0006006	ZFA:0000123	ZP:0150603	PATO:0002051
GO:0006629	ZFA:0000008	ZP:0150604	PATO:0002051
GO:0006629	ZFA:0000123	ZP:0150605	PATO:0002051
GO:0006915	ZFA:0009075	ZP:0150606	PATO:0002051
GO:0006955	ZFA:0000008	ZP:0150607	PATO:0002051
GO:0006955	ZFA:0000123	ZP:0150608	PATO:0002052
GO:0006955	ZFA:0009075	ZP:0150609	PATO:0002051
GO:0007049	ZFA:0000123	ZP:0150610	PATO:0002052
GO:0007623	ZFA:0000123	ZP:0150611	PATO:0002052
GO:0007623	ZFA:0000123	ZP:0150612	PATO:0002302
GO:0016485	ZFA:0009075	ZP:0150613	PATO:0002051
GO:0019752	ZFA:0000123	ZP:0150614	PATO:0002051
GO:0030001	ZFA:0000008	ZP:0150615	PATO:0002051
GO:0034614	ZFA:0000123	ZP:0150616	PATO:0002051
GO:0035872	ZFA:0009075	ZP:0150617	PATO:0002051
GO:0050900	ZFA:0000008	ZP:0150618	PATO:0002051
GO:0051931	ZFA:0000008	ZP:0150619	PATO:0002051
GO:0002224	ZFA:0000152	ZP:0150635	PATO:0002051
GO:0002523	ZFA:0000107	ZP:0150636	PATO:0002051
GO:0019221	ZFA:0000152	ZP:0150637	PATO:0002051
GO:0035426	ZFA:0000152	ZP:0150638	PATO:0002051
GO:0035872	ZFA:0000152	ZP:0150639	PATO:0002051
GO:0039529	ZFA:0000152	ZP:0150640	PATO:0002051
GO:0043248	ZFA:0000152	ZP:0150641	PATO:0002051
GO:0000104	ZFA:0001094	ZP:0150649	PATO:0002052
GO:0004743	ZFA:0001094	ZP:0150651	PATO:0002052
GO:0006914	ZFA:0000123	ZP:0150652	PATO:0002052
GO:0008964	ZFA:0001094	ZP:0150653	PATO:0002051
GO:0019432	ZFA:0001094	ZP:0150659	PATO:0002051
GO:0019432	ZFA:0001094	ZP:0150660	PATO:0045086
GO:0034383	ZFA:0001094	ZP:0150661	PATO:0002302
GO:0034383	ZFA:0001094	ZP:0150662	PATO:0045073
GO:0034384	ZFA:0001094	ZP:0150663	PATO:0045073
GO:0048874	ZFA:0005807	ZP:0150674	PATO:0002302
GO:0007626	ZFA:0001094	ZP:0150680	PATO:0000057
GO:0007626	ZFA:0001094	ZP:0150681	PATO:0002052
GO:0051301	ZFA:0000105	ZP:0150682	PATO:0000044
GO:0008283	ZFA:0000445	ZP:0150700	PATO:0000381
GO:0030432	ZFA:0001338	ZP:0150707	PATO:0001507
GO:0009617	ZFA:0001094	ZP:0150709	PATO:0001236
GO:0004784	ZFA:0000123	ZP:0150733	PATO:0002302
GO:0008283	ZFA:0009316	ZP:0150737	PATO:0045073
GO:0061026	ZFA:0000114	ZP:0150738	PATO:0045073
GO:0043932	ZFA:0000526	ZP:0150752	PATO:0002051
GO:0043932	ZFA:0000862	ZP:0150753	PATO:0010005
GO:0043932	ZFA:0000943	ZP:0150754	PATO:0010005
GO:0000423	ZFA:0009111	ZP:0150760	PATO:0002051
GO:0000423	ZFA:0009111	ZP:0150761	PATO:0045086
GO:0008219	ZFA:0009111	ZP:0150764	PATO:0002051
GO:0008219	ZFA:0009111	ZP:0150765	PATO:0045086
GO:0008286	ZFA:0009111	ZP:0150766	PATO:0002051
GO:0042407	ZFA:0009111	ZP:0150767	PATO:0002051
GO:0140002	ZFA:0000123	ZP:0150769	PATO:0002302
GO:0009611	ZFA:0000123	ZP:0150773	PATO:0001236
GO:0009611	ZFA:0000123	ZP:0150774	PATO:0002302
GO:0140042	ZFA:0000123	ZP:0150775	PATO:0045086
GO:0006915	ZFA:0009115	ZP:0150778	PATO:0045087
GO:0008283	ZFA:0009115	ZP:0150779	PATO:0045087
GO:0055089	ZFA:0000123	ZP:0150785	PATO:0002302
GO:0055089	ZFA:0001327	ZP:0150786	PATO:0002302
GO:0006954	ZFA:0000114	ZP:0150791	PATO:0002051
GO:0003990	ZFA:0000008	ZP:0150795	PATO:0002052
GO:0004102	ZFA:0000008	ZP:0150796	PATO:0002052
GO:0095500	ZFA:0000008	ZP:0150797	PATO:0002052
GO:0038061	ZFA:0000112	ZP:0150799	PATO:0002017
GO:0004096	ZFA:0000123	ZP:0150801	PATO:0002052
GO:0004784	ZFA:0000123	ZP:0150802	PATO:0002052
GO:0008015	ZFA:0005034	ZP:0150803	PATO:0002052
GO:0071892	ZFA:0005034	ZP:0150804	PATO:0002051
GO:0043122	ZFA:0001114	ZP:0150840	PATO:0002051
GO:0043122	ZFA:0001114	ZP:0150841	PATO:0045086
GO:1900225	ZFA:0001114	ZP:0150842	PATO:0002051
GO:1900225	ZFA:0001114	ZP:0150843	PATO:0045086
GO:0014016	ZFA:0000588	ZP:0150844	PATO:0045086
GO:0010001	ZFA:0009280	ZP:0150856	PATO:0001236
GO:0070654	ZFA:0009280	ZP:0150857	PATO:0045073
GO:0000423	ZFA:0005277	ZP:0150861	PATO:0002302
GO:0032981	ZFA:0005277	ZP:0150863	PATO:0002052
GO:0034553	ZFA:0005277	ZP:0150864	PATO:0002052
GO:0070269	ZFA:0005277	ZP:0150865	PATO:0002302
GO:0004096	ZFA:0000008	ZP:0150870	PATO:0002051
GO:0004104	ZFA:0000008	ZP:0150871	PATO:0002052
GO:0045454	ZFA:0000008	ZP:0150872	PATO:0002302
GO:0097621	ZFA:0000008	ZP:0150873	PATO:0002051
GO:0006559	ZFA:0000112	ZP:0150882	PATO:0002051
GO:0006559	ZFA:0000112	ZP:0150883	PATO:0002304
GO:1900424	ZFA:0000112	ZP:0150884	PATO:0002302
GO:0008015	ZFA:0000014	ZP:0150898	PATO:0000911
GO:0008015	ZFA:0001285	ZP:0150899	PATO:0000911
GO:0006477	ZFA:0001094	ZP:0150907	PATO:0002052
GO:0035148	ZFA:0005587	ZP:0150918	PATO:0001236
GO:0035148	ZFA:0005587	ZP:0150919	PATO:0002302
GO:0004096	ZFA:0000008	ZP:0150944	PATO:0000912
GO:0034599	ZFA:0000008	ZP:0150945	PATO:0055003
GO:0051969	ZFA:0000008	ZP:0150946	PATO:0002302
GO:0042391	ZFA:0000008	ZP:0150971	PATO:0002302
GO:0004000	ZFA:0000008	ZP:0150973	PATO:0045086
GO:0008253	ZFA:0000008	ZP:0150974	PATO:0002017
GO:0060972	ZFA:0000001	ZP:0150979	PATO:0002302
GO:0000302	ZFA:0000008	ZP:0150984	PATO:0001236
GO:0000302	ZFA:0000008	ZP:0150985	PATO:0002302
GO:0004784	ZFA:0000008	ZP:0150986	PATO:0045086
GO:0034599	ZFA:0000008	ZP:0150987	PATO:0045086
GO:0140042	ZFA:0005095	ZP:0150988	PATO:0002052
GO:0140042	ZFA:0005095	ZP:0150989	PATO:0045086
GO:0001508	ZFA:0000128	ZP:0150995	PATO:0001845
GO:0035357	ZFA:0001114	ZP:0150996	PATO:0002051
GO:0004096	ZFA:0000008	ZP:0150998	PATO:0002052
GO:0004102	ZFA:0000008	ZP:0150999	PATO:0002051
GO:0019153	ZFA:0000008	ZP:0151000	PATO:0002052
GO:0034599	ZFA:0000008	ZP:0151001	PATO:0002302
GO:0001508	ZFA:0000008	ZP:0151009	PATO:0001236
GO:0001508	ZFA:0000008	ZP:0151010	PATO:0002302
GO:0008219	ZFA:0001260	ZP:0151011	PATO:0002051
GO:0034599	ZFA:0000123	ZP:0151013	PATO:0002302
GO:0070341	ZFA:0000123	ZP:0151014	PATO:0002051
GO:0048678	ZFA:0009158	ZP:0151016	PATO:0002051
GO:0062197	ZFA:0009158	ZP:0151017	PATO:0002051
GO:0034982	ZFA:0001058	ZP:0151018	PATO:0002051
GO:0062197	ZFA:0001058	ZP:0151019	PATO:0002051
GO:1903409	ZFA:0001058	ZP:0151020	PATO:0002051
GO:0004356	ZFA:0000008	ZP:0151021	PATO:0002052
GO:0005391	ZFA:0000008	ZP:0151022	PATO:0002052
GO:0033108	ZFA:0000008	ZP:0151023	PATO:0045073
GO:0035254	ZFA:0000008	ZP:0151024	PATO:0002052
GO:0051946	ZFA:0000008	ZP:0151025	PATO:0002052
GO:0051946	ZFA:0000008	ZP:0151026	PATO:0045086
GO:0004096	ZFA:0000008	ZP:0151029	PATO:0045086
GO:0004364	ZFA:0000008	ZP:0151030	PATO:0002051
GO:0004364	ZFA:0000008	ZP:0151031	PATO:0045086
GO:0004602	ZFA:0000008	ZP:0151032	PATO:0002051
GO:0004602	ZFA:0000008	ZP:0151033	PATO:0045086
GO:0006750	ZFA:0000008	ZP:0151034	PATO:0002051
GO:0006750	ZFA:0000008	ZP:0151035	PATO:0045086
GO:0034599	ZFA:0000008	ZP:0151036	PATO:0001236
GO:0004357	ZFA:0000008	ZP:0151042	PATO:0002052
GO:0006750	ZFA:0000008	ZP:0151043	PATO:0002302
GO:0006119	ZFA:0000008	ZP:0151047	PATO:0001236
GO:0006119	ZFA:0000114	ZP:0151048	PATO:0001236
GO:0006119	ZFA:0000114	ZP:0151049	PATO:0002302
GO:0006119	ZFA:0000354	ZP:0151050	PATO:0002302
GO:2001057	ZFA:0000123	ZP:0151054	PATO:0002051
GO:0006750	ZFA:0000123	ZP:0151057	PATO:0002052
GO:0001671	ZFA:0000008	ZP:0151058	PATO:0002051
GO:1900409	ZFA:0000008	ZP:0151059	PATO:0002051
GO:0034599	ZFA:0001094	ZP:0151060	PATO:0002302
GO:0060096	ZFA:0001114	ZP:0151062	PATO:0002051
GO:0008152	ZFA:0000123	ZP:0151067	PATO:0001236
GO:0006094	ZFA:0000123	ZP:0151075	PATO:0002051
GO:0006096	ZFA:0000123	ZP:0151076	PATO:0002051
GO:0006119	ZFA:0000123	ZP:0151077	PATO:0002051
GO:0009062	ZFA:0000123	ZP:0151078	PATO:0002051
GO:0009110	ZFA:0000123	ZP:0151079	PATO:0002051
GO:0010556	ZFA:0000123	ZP:0151080	PATO:0002302
GO:0019395	ZFA:0000123	ZP:0151081	PATO:0002051
GO:0006744	ZFA:0000242	ZP:0151100	PATO:0002051
GO:0006862	ZFA:0000242	ZP:0151101	PATO:0002051
GO:0009111	ZFA:0000242	ZP:0151102	PATO:0002051
GO:0009117	ZFA:0000242	ZP:0151103	PATO:0002051
GO:0015931	ZFA:0000242	ZP:0151104	PATO:0002051
GO:0019323	ZFA:0000242	ZP:0151105	PATO:0055003
GO:0030246	ZFA:0000242	ZP:0151106	PATO:0002052
GO:0032956	ZFA:0000242	ZP:0151107	PATO:0055003
GO:0048870	ZFA:0000242	ZP:0151108	PATO:0002051
GO:0048874	ZFA:0000242	ZP:0151109	PATO:0001236
GO:0048874	ZFA:0000242	ZP:0151110	PATO:0002302
GO:0048874	ZFA:0000242	ZP:0151111	PATO:0002304
GO:0070254	ZFA:0000242	ZP:0151112	PATO:0045086
GO:0070254	ZFA:0000242	ZP:0151113	PATO:0055003
GO:0140359	ZFA:0000242	ZP:0151114	PATO:0055003
GO:2001279	ZFA:0000242	ZP:0151115	PATO:0000912
GO:2001279	ZFA:0000242	ZP:0151116	PATO:0045000
GO:0060025	ZFA:0000008	ZP:0151117	PATO:0002302
GO:0006915	ZFA:0000109	ZP:0151118	PATO:0045087
GO:0006915	ZFA:0000109	ZP:0151119	PATO:0000380
GO:0008283	ZFA:0009052	ZP:0151124	PATO:0002051
GO:0000165	ZFA:0009399	ZP:0151125	PATO:0002051
GO:0008283	ZFA:0009399	ZP:0151126	PATO:0002051
GO:0043491	ZFA:0009399	ZP:0151127	PATO:0002051
GO:0042427	ZFA:0000075	ZP:0151145	PATO:0002051
GO:0099589	ZFA:0000075	ZP:0151146	PATO:0002051
GO:2000177	ZFA:0000075	ZP:0151147	PATO:0002051
GO:0048102	ZFA:0001058	ZP:0151150	PATO:0002051
GO:0060408	ZFA:0001094	ZP:0151157	PATO:0002302
GO:0007296	ZFA:0000403	ZP:0151158	PATO:0055004
GO:0007296	ZFA:0000598	ZP:0151159	PATO:0055004
GO:0001510	ZFA:0000107	ZP:0151163	PATO:0002051
GO:0003008	ZFA:0000008	ZP:0151164	PATO:0002051
GO:0006869	ZFA:0000008	ZP:0151165	PATO:0002051
GO:0006950	ZFA:0000008	ZP:0151166	PATO:0002051
GO:0007600	ZFA:0000008	ZP:0151167	PATO:0002051
GO:0007601	ZFA:0000008	ZP:0151168	PATO:0002051
GO:0007601	ZFA:0000107	ZP:0151169	PATO:0002051
GO:0007602	ZFA:0000107	ZP:0151170	PATO:0002051
GO:0007623	ZFA:0000008	ZP:0151171	PATO:0002051
GO:0007623	ZFA:0000107	ZP:0151172	PATO:0002051
GO:0008306	ZFA:0000107	ZP:0151173	PATO:0002051
GO:0009187	ZFA:0000107	ZP:0151174	PATO:0002051
GO:0009190	ZFA:0000107	ZP:0151175	PATO:0002051
GO:0009314	ZFA:0000008	ZP:0151176	PATO:0002051
GO:0009314	ZFA:0000107	ZP:0151177	PATO:0002051
GO:0009416	ZFA:0000008	ZP:0151178	PATO:0002051
GO:0009416	ZFA:0000107	ZP:0151179	PATO:0002051
GO:0009581	ZFA:0000107	ZP:0151180	PATO:0002051
GO:0009582	ZFA:0000107	ZP:0151181	PATO:0002051
GO:0009648	ZFA:0000008	ZP:0151182	PATO:0002051
GO:0019233	ZFA:0000008	ZP:0151183	PATO:0002051
GO:0031047	ZFA:0000107	ZP:0151184	PATO:0002051
GO:0031644	ZFA:0000008	ZP:0151185	PATO:0002051
GO:0032098	ZFA:0000008	ZP:0151186	PATO:0002051
GO:0032922	ZFA:0000008	ZP:0151187	PATO:0002051
GO:0032922	ZFA:0000107	ZP:0151188	PATO:0002051
GO:0034587	ZFA:0000107	ZP:0151189	PATO:0002051
GO:0042752	ZFA:0000008	ZP:0151190	PATO:0002051
GO:0042752	ZFA:0000107	ZP:0151191	PATO:0002051
GO:0042754	ZFA:0000008	ZP:0151192	PATO:0002051
GO:0042754	ZFA:0000107	ZP:0151193	PATO:0002051
GO:0044062	ZFA:0000008	ZP:0151194	PATO:0002051
GO:0044539	ZFA:0000008	ZP:0151195	PATO:0002051
GO:0048511	ZFA:0000008	ZP:0151196	PATO:0002051
GO:0048511	ZFA:0000107	ZP:0151197	PATO:0002051
GO:0048599	ZFA:0000107	ZP:0151198	PATO:0002051
GO:0050953	ZFA:0000008	ZP:0151199	PATO:0002051
GO:0050953	ZFA:0000107	ZP:0151200	PATO:0002051
GO:0050962	ZFA:0000107	ZP:0151201	PATO:0002051
GO:0051930	ZFA:0000008	ZP:0151202	PATO:0002051
GO:0052652	ZFA:0000107	ZP:0151203	PATO:0002051
GO:0061381	ZFA:0000107	ZP:0151204	PATO:0002051
GO:0071482	ZFA:0000107	ZP:0151205	PATO:0002051
GO:1902292	ZFA:0000008	ZP:0151206	PATO:0002051
GO:1902315	ZFA:0000008	ZP:0151207	PATO:0002051
GO:1902680	ZFA:0000008	ZP:0151208	PATO:0002051
GO:1902969	ZFA:0000008	ZP:0151209	PATO:0002051
GO:0008219	ZFA:0000008	ZP:0151211	PATO:0000380
GO:0007626	ZFA:0001058	ZP:0151230	PATO:0002302
GO:0004784	ZFA:0001094	ZP:0151231	PATO:0000911
GO:0005975	ZFA:0009046	ZP:0151233	PATO:0002051
GO:0005975	ZFA:0009269	ZP:0151234	PATO:0002051
GO:0005975	ZFA:0009278	ZP:0151235	PATO:0002051
GO:0008610	ZFA:0009094	ZP:0151236	PATO:0002051
GO:0032611	ZFA:0001338	ZP:0151237	PATO:0002051
GO:0032635	ZFA:0001338	ZP:0151238	PATO:0002051
GO:0032640	ZFA:0001338	ZP:0151239	PATO:0002051
GO:0070254	ZFA:0001338	ZP:0151240	PATO:0002051
GO:0098856	ZFA:0009269	ZP:0151241	PATO:0002051
GO:0004096	ZFA:0000008	ZP:0151265	PATO:0001236
GO:0004096	ZFA:0000123	ZP:0151266	PATO:0001236
GO:0004096	ZFA:0000123	ZP:0151267	PATO:0002302
GO:0004096	ZFA:0000354	ZP:0151268	PATO:0001236
GO:0004096	ZFA:0000354	ZP:0151269	PATO:0002052
GO:0004096	ZFA:0000354	ZP:0151270	PATO:0002302
GO:0004102	ZFA:0000008	ZP:0151271	PATO:0000911
GO:0004102	ZFA:0000123	ZP:0151272	PATO:0000911
GO:0004102	ZFA:0000354	ZP:0151273	PATO:0000911
GO:0006749	ZFA:0000008	ZP:0151274	PATO:0002302
GO:0006749	ZFA:0000123	ZP:0151275	PATO:0001236
GO:0006749	ZFA:0000123	ZP:0151276	PATO:0002302
GO:0006749	ZFA:0000354	ZP:0151277	PATO:0002302
GO:0072593	ZFA:0000008	ZP:0151278	PATO:0001236
GO:0072593	ZFA:0000008	ZP:0151279	PATO:0002302
GO:0072593	ZFA:0000123	ZP:0151280	PATO:0001236
GO:0072593	ZFA:0000123	ZP:0151281	PATO:0002302
GO:0072593	ZFA:0000354	ZP:0151282	PATO:0001236
GO:0072593	ZFA:0000354	ZP:0151283	PATO:0002302
GO:0106435	ZFA:0000008	ZP:0151284	PATO:0000911
GO:0106435	ZFA:0000123	ZP:0151285	PATO:0000911
GO:0106435	ZFA:0000354	ZP:0151286	PATO:0000911
GO:1901668	ZFA:0000008	ZP:0151287	PATO:0001236
GO:1901668	ZFA:0000008	ZP:0151288	PATO:0002302
GO:1901668	ZFA:0000123	ZP:0151289	PATO:0001236
GO:1901668	ZFA:0000123	ZP:0151290	PATO:0002302
GO:1901668	ZFA:0000354	ZP:0151291	PATO:0001236
GO:1901668	ZFA:0000354	ZP:0151292	PATO:0002302
GO:1990748	ZFA:0000008	ZP:0151293	PATO:0000911
GO:1990748	ZFA:0000123	ZP:0151294	PATO:0000911
GO:1990748	ZFA:0000354	ZP:0151295	PATO:0000911
GO:1901668	ZFA:0001094	ZP:0151297	PATO:0002302
GO:1903426	ZFA:0001094	ZP:0151298	PATO:0002302
GO:1903786	ZFA:0001094	ZP:0151299	PATO:0002302
GO:0004402	ZFA:0001117	ZP:0151302	PATO:0002051
GO:0004402	ZFA:0001117	ZP:0151303	PATO:0045086
GO:0040007	ZFA:0001094	ZP:0151316	PATO:0000502
GO:0040007	ZFA:0001094	ZP:0151317	PATO:0045000
GO:0036368	ZFA:0009262	ZP:0151319	PATO:0001236
GO:0036368	ZFA:0009262	ZP:0151320	PATO:0002302
GO:0071320	ZFA:0000107	ZP:0151321	PATO:0002051
GO:0006206	ZFA:0000598	ZP:0151323	PATO:0002051
GO:0006523	ZFA:0000598	ZP:0151324	PATO:0002302
GO:0006531	ZFA:0000598	ZP:0151325	PATO:0002051
GO:0006536	ZFA:0000598	ZP:0151326	PATO:0002051
GO:0006544	ZFA:0000598	ZP:0151327	PATO:0002051
GO:0006555	ZFA:0000598	ZP:0151328	PATO:0002051
GO:0006566	ZFA:0000598	ZP:0151329	PATO:0002051
GO:0006772	ZFA:0000598	ZP:0151330	PATO:0002051
GO:0006805	ZFA:0000598	ZP:0151331	PATO:0002051
GO:0010467	ZFA:0000403	ZP:0151332	PATO:0002302
GO:0010467	ZFA:0000403	ZP:0151333	PATO:0045073
GO:0010467	ZFA:0000598	ZP:0151334	PATO:0002302
GO:0010467	ZFA:0000598	ZP:0151335	PATO:0045073
GO:0016491	ZFA:0000598	ZP:0151338	PATO:0002051
GO:0018919	ZFA:0000598	ZP:0151339	PATO:0002051
GO:0019344	ZFA:0000598	ZP:0151340	PATO:0002302
GO:0042572	ZFA:0000403	ZP:0151341	PATO:0045086
GO:0042572	ZFA:0000403	ZP:0151342	PATO:0055003
GO:0043648	ZFA:0000598	ZP:0151343	PATO:0002051
GO:0046487	ZFA:0000598	ZP:0151344	PATO:0002051
GO:0008219	ZFA:0007119	ZP:0151347	PATO:0002051
GO:0008283	ZFA:0007119	ZP:0151348	PATO:0002052
GO:0008327	ZFA:0000413	ZP:0151349	PATO:0002302
GO:0008327	ZFA:0000413	ZP:0151350	PATO:0002051
GO:0040008	ZFA:0001094	ZP:0151351	PATO:0001492
GO:0061159	ZFA:0005490	ZP:0151382	PATO:0002302
GO:0008168	ZFA:0000008	ZP:0151385	PATO:0002052
GO:0005977	ZFA:0005145	ZP:0151386	PATO:0002302
GO:0097707	ZFA:0001094	ZP:0151419	PATO:0002304
GO:0016160	ZFA:0000007	ZP:0151422	PATO:0002051
GO:0016298	ZFA:0000007	ZP:0151423	PATO:0002051
GO:0070291	ZFA:0000008	ZP:0151426	PATO:0045073
GO:0070291	ZFA:0001338	ZP:0151427	PATO:0002302
GO:0070292	ZFA:0000008	ZP:0151428	PATO:0045073
GO:0070292	ZFA:0001338	ZP:0151429	PATO:0002302
GO:0070292	ZFA:0001338	ZP:0151430	PATO:0045073
GO:0006954	ZFA:0005124	ZP:0151433	PATO:0002051
GO:0009060	ZFA:0001094	ZP:0151447	PATO:0002051
GO:0051301	ZFA:0001094	ZP:0151468	PATO:0001507
GO:0003990	ZFA:0001094	ZP:0151472	PATO:0002052
GO:0004096	ZFA:0000008	ZP:0151475	PATO:0002018
GO:0019227	ZFA:0000445	ZP:0151477	PATO:0002304
GO:0019228	ZFA:0000445	ZP:0151478	PATO:0000080
GO:0006012	ZFA:0000123	ZP:0151481	PATO:0002051
GO:0006119	ZFA:0000123	ZP:0151482	PATO:0002052
GO:0008233	ZFA:0000123	ZP:0151483	PATO:0002051
GO:0003990	ZFA:0000112	ZP:0151485	PATO:0002304
GO:0004096	ZFA:0000112	ZP:0151486	PATO:0002302
GO:0007611	ZFA:0000242	ZP:0151489	PATO:0002302
GO:0007611	ZFA:0000303	ZP:0151490	PATO:0002302
GO:0007613	ZFA:0000242	ZP:0151491	PATO:0002302
GO:0007613	ZFA:0000303	ZP:0151492	PATO:0002302
GO:0007626	ZFA:0000242	ZP:0151493	PATO:0002302
GO:0007626	ZFA:0000303	ZP:0151494	PATO:0002302
GO:0034599	ZFA:0000112	ZP:0151495	PATO:0002051
GO:0042596	ZFA:0000242	ZP:0151496	PATO:0002302
GO:0042596	ZFA:0000303	ZP:0151497	PATO:0002302
GO:0042554	ZFA:0001094	ZP:0151503	PATO:0002051
GO:0009612	ZFA:0001058	ZP:0151506	PATO:0002052
GO:0009612	ZFA:0001114	ZP:0151507	PATO:0002052
GO:0098900	ZFA:0000008	ZP:0151510	PATO:0002302
GO:0006869	ZFA:0000076	ZP:0151516	PATO:0001507
GO:0006869	ZFA:0000084	ZP:0151517	PATO:0001507
GO:0001503	ZFA:0000737	ZP:0151522	PATO:0001236
GO:0008283	ZFA:0001056	ZP:0151523	PATO:0002302
GO:0043403	ZFA:0005147	ZP:0151525	PATO:0002302
GO:0042311	ZFA:0000152	ZP:0151527	PATO:0002051
GO:0070740	ZFA:0001115	ZP:0151533	PATO:0002304
GO:1900107	ZFA:0000028	ZP:0151535	PATO:0001236
GO:0048102	ZFA:0000123	ZP:0151541	PATO:0000057
GO:0048102	ZFA:0000123	ZP:0151542	PATO:0002051
GO:0048102	ZFA:0005145	ZP:0151543	PATO:0000057
GO:0048102	ZFA:0005145	ZP:0151544	PATO:0002051
GO:0042116	ZFA:0000152	ZP:0151545	PATO:0002051
GO:0048592	ZFA:0001114	ZP:0151548	PATO:0002302
GO:0007042	ZFA:0001115	ZP:0151555	PATO:0002051
GO:0007042	ZFA:0001117	ZP:0151556	PATO:0002051
GO:0043403	ZFA:0000473	ZP:0151565	PATO:0002302
GO:0007411	ZFA:0000473	ZP:0151566	PATO:0002302
GO:0060415	ZFA:0000473	ZP:0151569	PATO:0002302
GO:0040036	ZFA:0001200	ZP:0151570	PATO:0002302
GO:1905603	ZFA:0000128	ZP:0151574	PATO:0002302
GO:0141166	ZFA:0000114	ZP:0151590	PATO:0002302
GO:0030198	ZFA:0001715	ZP:0151594	PATO:0001236
GO:0006882	ZFA:0009091	ZP:0151599	PATO:0002017
GO:0043542	ZFA:0001315	ZP:0151602	PATO:0002302
GO:0006915	ZFA:0009327	ZP:0151604	PATO:0002051
GO:0006915	ZFA:0009327	ZP:0151605	PATO:0045086
GO:0030593	ZFA:0001269	ZP:0151607	PATO:0045086
GO:0001878	ZFA:0000008	ZP:0151612	PATO:0000057
GO:0051301	ZFA:0001058	ZP:0151615	PATO:0000380
GO:0008168	ZFA:0000079	ZP:0151622	PATO:0001507
GO:0016046	ZFA:0009141	ZP:0151623	PATO:0002302
GO:0050832	ZFA:0009141	ZP:0151624	PATO:0002302
GO:0010731	ZFA:0001249	ZP:0151627	PATO:0000057
GO:0010731	ZFA:0001249	ZP:0151628	PATO:0002052
GO:1905349	ZFA:0000150	ZP:0151633	PATO:0002302
GO:0006657	ZFA:0000152	ZP:0151635	PATO:0002051
GO:0140042	ZFA:0000144	ZP:0151636	PATO:0002051
GO:0006629	ZFA:0000144	ZP:0151637	PATO:0002051
GO:0006650	ZFA:0000144	ZP:0151638	PATO:0002051
GO:0006699	ZFA:0000144	ZP:0151639	PATO:0002051
GO:0019369	ZFA:0000144	ZP:0151640	PATO:0002051
GO:0043651	ZFA:0000144	ZP:0151641	PATO:0002051
GO:0046485	ZFA:0000144	ZP:0151642	PATO:0002051
GO:0120178	ZFA:0000144	ZP:0151643	PATO:0002051
GO:0008283	ZFA:0000100	ZP:0151647	PATO:0002052
GO:0021702	ZFA:0000100	ZP:0151648	PATO:0001507
GO:0021707	ZFA:0001691	ZP:0151649	PATO:0001507
GO:0097154	ZFA:0000100	ZP:0151650	PATO:0001507
GO:1905962	ZFA:0000100	ZP:0151651	PATO:0001507
GO:0008656	ZFA:0000035	ZP:0151659	PATO:0002302
GO:0045136	ZFA:0000242	ZP:0151670	PATO:0045073
GO:0045136	ZFA:0000303	ZP:0151671	PATO:0045073
GO:0090398	ZFA:0009111	ZP:0151674	PATO:0002051
GO:0008381	ZFA:0009367	ZP:0151683	PATO:0045073
GO:0022008	ZFA:0000075	ZP:0151688	PATO:0002051
GO:0031103	ZFA:0000075	ZP:0151689	PATO:0045086
GO:0010484	ZFA:0009248	ZP:0151695	PATO:0002302
GO:0010485	ZFA:0009248	ZP:0151696	PATO:0002302
GO:0022011	ZFA:0005408	ZP:0151699	PATO:0001236
GO:0032290	ZFA:0005408	ZP:0151700	PATO:0002302
GO:0060038	ZFA:0000009	ZP:0151701	PATO:0002304
GO:0032456	ZFA:0001326	ZP:0151704	PATO:0002052
GO:0038060	ZFA:0000008	ZP:0151705	PATO:0002052
GO:0160321	ZFA:0009127	ZP:0151711	PATO:0002052
GO:0016050	ZFA:0005289	ZP:0151718	PATO:0002302
GO:1904970	ZFA:0005289	ZP:0151719	PATO:0002302
GO:0002281	ZFA:0005898	ZP:0151720	PATO:0002302
GO:1905349	ZFA:0001558	ZP:0151723	PATO:0002052
GO:0003993	ZFA:0000519	ZP:0151732	PATO:0002017
GO:0003993	ZFA:0001066	ZP:0151733	PATO:0002017
GO:0003993	ZFA:0001189	ZP:0151734	PATO:0002017
GO:0032964	ZFA:0001189	ZP:0151736	PATO:0000911
GO:0048741	ZFA:0009116	ZP:0151742	PATO:0001507
GO:0007059	ZFA:0009111	ZP:0151748	PATO:0045073
GO:0051301	ZFA:0000123	ZP:0151749	PATO:0045087
GO:0090307	ZFA:0009111	ZP:0151750	PATO:0045073
GO:1905315	ZFA:0001315	ZP:0151751	PATO:0002052
GO:0008106	ZFA:0001094	ZP:0151752	PATO:0001236
GO:0140592	ZFA:0000598	ZP:0151760	PATO:0001507
GO:0008137	ZFA:0000008	ZP:0151765	PATO:0045073
GO:0016042	ZFA:0000008	ZP:0151766	PATO:0002304
GO:1905517	ZFA:0005898	ZP:0151767	PATO:0045073
GO:1990266	ZFA:0005898	ZP:0151768	PATO:0045073
GO:0051301	ZFA:0000105	ZP:0151775	PATO:0000380
GO:0012501	ZFA:0000368	ZP:0151776	PATO:0000057
GO:1903409	ZFA:0000368	ZP:0151777	PATO:0002051
GO:0050956	ZFA:0000152	ZP:0151780	PATO:0001507
GO:1905315	ZFA:0001315	ZP:0151784	PATO:0002051
GO:0010950	ZFA:0000123	ZP:0151795	PATO:0002017
GO:0002248	ZFA:0005147	ZP:0151809	PATO:0045086
GO:0070293	ZFA:0001620	ZP:0151818	PATO:0002302
GO:0006741	ZFA:0001094	ZP:0151819	PATO:0002302
GO:0009642	ZFA:0009262	ZP:0151824	PATO:0045086
GO:0042138	ZFA:0009005	ZP:0151825	PATO:0002052
GO:0004308	ZFA:0001094	ZP:0151826	PATO:0001236
GO:0048870	ZFA:0001202	ZP:0151828	PATO:0040033
GO:0160321	ZFA:0009316	ZP:0151843	PATO:0002302
GO:0001947	ZFA:0000114	ZP:0151845	PATO:0001507
GO:0140314	ZFA:0000009	ZP:0151846	PATO:0000911
GO:0006915	ZFA:0005898	ZP:0151849	PATO:0002302
GO:0044839	ZFA:0005898	ZP:0151850	PATO:0002302
GO:0085029	ZFA:0000123	ZP:0151852	PATO:0002051
GO:0036066	ZFA:0000243	ZP:0151856	PATO:0040059
GO:0060384	ZFA:0000243	ZP:0151857	PATO:0045073
GO:0060562	ZFA:0005169	ZP:0151859	PATO:0001236
GO:0048514	ZFA:0000076	ZP:0151860	PATO:0002052
GO:0048514	ZFA:0001338	ZP:0151861	PATO:0002052
GO:0002347	ZFA:0001286	ZP:0151864	PATO:0001236
GO:0002691	ZFA:0001286	ZP:0151865	PATO:0001236
GO:0002691	ZFA:0001286	ZP:0151866	PATO:0002302
GO:0002691	ZFA:0001286	ZP:0151867	PATO:0002304
GO:0033634	ZFA:0001286	ZP:0151868	PATO:0001236
GO:0033634	ZFA:0001286	ZP:0151869	PATO:0002302
GO:0033634	ZFA:0001286	ZP:0151870	PATO:0002304
GO:1903522	ZFA:0001286	ZP:0151871	PATO:0045000
GO:1903522	ZFA:0001286	ZP:0151872	PATO:0055003
GO:1903522	ZFA:0001286	ZP:0151873	PATO:0055004
GO:0002631	ZFA:0000099	ZP:0151878	PATO:0001236
GO:0002631	ZFA:0000099	ZP:0151879	PATO:0002302
GO:0042742	ZFA:0000099	ZP:0151880	PATO:0010005
GO:0031099	ZFA:0005097	ZP:0151881	PATO:0045073
GO:0001569	ZFA:0000152	ZP:0151882	PATO:0002051
GO:0071228	ZFA:0001094	ZP:0151883	PATO:0002302
GO:0140042	ZFA:0005024	ZP:0151884	PATO:0002052
GO:0140042	ZFA:0005024	ZP:0151885	PATO:0045086
GO:0048858	ZFA:0001639	ZP:0151886	PATO:0001236
GO:0048858	ZFA:0001639	ZP:0151887	PATO:0002302
GO:0001569	ZFA:0001285	ZP:0151899	PATO:0045073
GO:0001569	ZFA:0001285	ZP:0151900	PATO:0002302
GO:0001569	ZFA:0000107	ZP:0151903	PATO:0002051
GO:0051059	ZFA:0001323	ZP:0151912	PATO:0045086
GO:0006911	ZFA:0005898	ZP:0151918	PATO:0001236
GO:0071888	ZFA:0005898	ZP:0151919	PATO:0002051
GO:0006909	ZFA:0009141	ZP:0151920	PATO:0001236
GO:0071226	ZFA:0009141	ZP:0151921	PATO:0001236
GO:0006911	ZFA:0009141	ZP:0151922	PATO:0001236
GO:0006911	ZFA:0009141	ZP:0151923	PATO:0002302
GO:0042742	ZFA:0009141	ZP:0151924	PATO:0002302
GO:0071888	ZFA:0005898	ZP:0151925	PATO:0002302
GO:0006898	ZFA:0009077	ZP:0151926	PATO:0001236
GO:0046596	ZFA:0005955	ZP:0151927	PATO:0001236
GO:0046596	ZFA:0009077	ZP:0151928	PATO:0001236
GO:0048259	ZFA:0005955	ZP:0151929	PATO:0001236
GO:0006954	ZFA:0009141	ZP:0151930	PATO:0002051
GO:0007042	ZFA:0009141	ZP:0151931	PATO:0002051
GO:0009410	ZFA:0009141	ZP:0151932	PATO:0002051
GO:0009636	ZFA:0009141	ZP:0151933	PATO:0002051
GO:0008347	ZFA:0000075	ZP:0151936	PATO:0045073
GO:0032453	ZFA:0009325	ZP:0151938	PATO:0002302
GO:0006909	ZFA:0009327	ZP:0151939	PATO:0001236
GO:0071226	ZFA:0009327	ZP:0151940	PATO:0001236
GO:1905517	ZFA:0000029	ZP:0151941	PATO:0002051
GO:1990266	ZFA:0000029	ZP:0151942	PATO:0002051
GO:0042116	ZFA:0001269	ZP:0151943	PATO:0001236
GO:0042116	ZFA:0001269	ZP:0151944	PATO:0002302
GO:0001569	ZFA:0000152	ZP:0151950	PATO:0002302
GO:0001569	ZFA:0005010	ZP:0151951	PATO:0002302
GO:0001569	ZFA:0005010	ZP:0151952	PATO:0045073
GO:0031099	ZFA:0001285	ZP:0151955	PATO:0001236
GO:0006915	ZFA:0005024	ZP:0151957	PATO:0002051
GO:0006915	ZFA:0005024	ZP:0151958	PATO:0002052
GO:0004957	ZFA:0005898	ZP:0151961	PATO:0002302
GO:0050220	ZFA:0009065	ZP:0151962	PATO:0002302
GO:0005518	ZFA:0005563	ZP:0151965	PATO:0002302
GO:0005518	ZFA:0005563	ZP:0151966	PATO:0045073
GO:0006809	ZFA:0000099	ZP:0151967	PATO:0002051
GO:0006809	ZFA:0000099	ZP:0151968	PATO:0002052
GO:0051301	ZFA:0009091	ZP:0151976	PATO:0045087
GO:0072592	ZFA:0009316	ZP:0151991	PATO:0002302
GO:0034220	ZFA:0009301	ZP:0151992	PATO:0000380
GO:0048259	ZFA:0000445	ZP:0151998	PATO:0045073
GO:0036066	ZFA:0001094	ZP:0151999	PATO:0002052
GO:0043045	ZFA:0001109	ZP:0152001	PATO:0002302
GO:0034599	ZFA:0000114	ZP:0152004	PATO:0002302
GO:0034599	ZFA:0000114	ZP:0152005	PATO:0002304
GO:0060271	ZFA:0009387	ZP:0152007	PATO:0002051
GO:0065004	ZFA:0009387	ZP:0152008	PATO:0055003
GO:1990226	ZFA:0009165	ZP:0152014	PATO:0001236
GO:1990226	ZFA:0009091	ZP:0152015	PATO:0001236
GO:1990226	ZFA:0009199	ZP:0152016	PATO:0001236
GO:0001501	ZFA:0000242	ZP:0152017	PATO:0002302
GO:0008283	ZFA:0000009	ZP:0152025	PATO:0000912
GO:0008283	ZFA:0000009	ZP:0152027	PATO:0001236
GO:0006911	ZFA:0009367	ZP:0152030	PATO:0000380
GO:0008137	ZFA:0009141	ZP:0152032	PATO:0000057
GO:0008137	ZFA:0009141	ZP:0152033	PATO:0002051
GO:0070266	ZFA:0009141	ZP:0152034	PATO:0002051
GO:0070266	ZFA:0009141	ZP:0152035	PATO:0045086
GO:1903409	ZFA:0009141	ZP:0152036	PATO:0045086
GO:0042742	ZFA:0009141	ZP:0152037	PATO:0001236
GO:0051341	ZFA:0009141	ZP:0152038	PATO:0002302
GO:0071888	ZFA:0000180	ZP:0152041	PATO:0002051
GO:0071888	ZFA:0000180	ZP:0152042	PATO:0045086
GO:0140367	ZFA:0000180	ZP:0152043	PATO:0045073
GO:1905517	ZFA:0000180	ZP:0152044	PATO:0002052
GO:0001501	ZFA:0001559	ZP:0152052	PATO:0045073
GO:0044843	ZFA:0000254	ZP:0152058	PATO:0002302
GO:0044843	ZFA:0000254	ZP:0152060	PATO:0045073
GO:0003002	ZFA:0000416	ZP:0152062	PATO:0001236
GO:0051301	ZFA:0000416	ZP:0152063	PATO:0050000
GO:0022402	ZFA:0000416	ZP:0152064	PATO:0045073
GO:0007059	ZFA:0009111	ZP:0152074	PATO:0002302
GO:0051301	ZFA:0000123	ZP:0152075	PATO:0000381
GO:0090307	ZFA:0009111	ZP:0152077	PATO:0002302
GO:0006915	ZFA:0009111	ZP:0152083	PATO:0000381
GO:0006915	ZFA:0009111	ZP:0152085	PATO:0000380
GO:0006915	ZFA:0009111	ZP:0152087	PATO:0045087
GO:0001755	ZFA:0005566	ZP:0152088	PATO:0002052
GO:0051301	ZFA:0000123	ZP:0152090	PATO:0000380
GO:0008283	ZFA:0009310	ZP:0152094	PATO:0002051
GO:0050982	ZFA:0000243	ZP:0152154	PATO:0001507
GO:0019722	ZFA:0000473	ZP:0152164	PATO:0045073
GO:0019722	ZFA:0000473	ZP:0152165	PATO:0002302
GO:0004846	ZFA:0000029	ZP:0152169	PATO:0002302
GO:0004846	ZFA:0001094	ZP:0152170	PATO:0002302
GO:0042119	ZFA:0005898	ZP:0152171	PATO:0001236
GO:0070488	ZFA:0005898	ZP:0152172	PATO:0001236
GO:0070945	ZFA:0005898	ZP:0152173	PATO:0001236
GO:0006915	ZFA:0009327	ZP:0152174	PATO:0001236
GO:0002246	ZFA:0009141	ZP:0152176	PATO:0002304
GO:0002246	ZFA:0009327	ZP:0152179	PATO:0002302
GO:0001944	ZFA:0001115	ZP:0152194	PATO:0002302
GO:0002040	ZFA:0007057	ZP:0152196	PATO:0002302
GO:0001755	ZFA:0000112	ZP:0152199	PATO:0045073
GO:0014033	ZFA:0000112	ZP:0152201	PATO:0002323
GO:0001755	ZFA:0000112	ZP:0152203	PATO:0002302
GO:0051301	ZFA:0007085	ZP:0152204	PATO:0000381
GO:0048589	ZFA:0001094	ZP:0152208	PATO:0000502
GO:0030282	ZFA:0001189	ZP:0152209	PATO:0002018
GO:0006909	ZFA:0000079	ZP:0152217	PATO:0002052
GO:0006909	ZFA:0000445	ZP:0152218	PATO:0002052
GO:0040011	ZFA:0009077	ZP:0152219	PATO:0000911
GO:0048870	ZFA:0009077	ZP:0152220	PATO:0000911
GO:0060031	ZFA:0001424	ZP:0152232	PATO:0002302
GO:0060536	ZFA:0001461	ZP:0152233	PATO:0002302
GO:0006338	ZFA:0001194	ZP:0152236	PATO:0002302
GO:0003002	ZFA:0000152	ZP:0152243	PATO:0002302
GO:0072378	ZFA:0001286	ZP:0152249	PATO:0000380
GO:0006338	ZFA:0009256	ZP:0152251	PATO:0001507
GO:0006915	ZFA:0009256	ZP:0152252	PATO:0000912
GO:0006954	ZFA:0009256	ZP:0152253	PATO:0000912
GO:0034599	ZFA:0009256	ZP:0152254	PATO:0000912
GO:0090398	ZFA:0009256	ZP:0152255	PATO:0000912
GO:0001570	ZFA:0000009	ZP:0152260	PATO:0045073
GO:0006915	ZFA:0000079	ZP:0152261	PATO:0002304
GO:0006915	ZFA:0001064	ZP:0152262	PATO:0002304
GO:0006915	ZFA:0000598	ZP:0152267	PATO:0001236
GO:0008283	ZFA:0000598	ZP:0152268	PATO:0001236
GO:0008283	ZFA:0000368	ZP:0152281	PATO:0002051
GO:0040012	ZFA:0001094	ZP:0152296	PATO:0002302
GO:0040012	ZFA:0001094	ZP:0152298	PATO:0045073
GO:0061026	ZFA:0000009	ZP:0152300	PATO:0002302
GO:0014881	ZFA:0001115	ZP:0152301	PATO:0002302
GO:0007618	ZFA:0000242	ZP:0152303	PATO:0045073
GO:0007618	ZFA:0000303	ZP:0152304	PATO:0002302
GO:0009566	ZFA:0000242	ZP:0152305	PATO:0045000
GO:0007618	ZFA:0000242	ZP:0152306	PATO:0002302
GO:0014009	ZFA:0000075	ZP:0152313	PATO:0000381
GO:0008347	ZFA:0000029	ZP:0152319	PATO:0002302
GO:0048709	ZFA:0000075	ZP:0152322	PATO:0001236
GO:0014009	ZFA:0000075	ZP:0152323	PATO:0045087
GO:0098870	ZFA:0000008	ZP:0152336	PATO:0002302
GO:0000729	ZFA:0009111	ZP:0152343	PATO:0002304
GO:0070509	ZFA:0000197	ZP:0152344	PATO:0000912
GO:0070509	ZFA:0000197	ZP:0152345	PATO:0045000
GO:0007268	ZFA:0000197	ZP:0152347	PATO:0002302
GO:0007412	ZFA:0000197	ZP:0152351	PATO:0002302
GO:0099610	ZFA:0000109	ZP:0152354	PATO:0000380
GO:0099610	ZFA:0000109	ZP:0152355	PATO:0002304
GO:0000281	ZFA:0000009	ZP:0152363	PATO:0045073
GO:0000281	ZFA:0000009	ZP:0152364	PATO:0002302
GO:0060038	ZFA:0000009	ZP:0152365	PATO:0045073
GO:0004096	ZFA:0000152	ZP:0152378	PATO:0000057
GO:0004784	ZFA:0000152	ZP:0152379	PATO:0000057
GO:0008219	ZFA:0000152	ZP:0152380	PATO:0001236
GO:0002248	ZFA:0000114	ZP:0152383	PATO:0002051
GO:0044319	ZFA:0005058	ZP:0152384	PATO:0045073
GO:0032964	ZFA:0000114	ZP:0152387	PATO:0000912
GO:0032782	ZFA:0009111	ZP:0152396	PATO:0055002
GO:0006915	ZFA:0009084	ZP:0152400	PATO:0002304
GO:0002042	ZFA:0001285	ZP:0152410	PATO:0002302
GO:0090175	ZFA:0009084	ZP:0152412	PATO:0002302
GO:0060029	ZFA:0001205	ZP:0152421	PATO:0002302
GO:0048870	ZFA:0000228	ZP:0152423	PATO:0001529
GO:0048870	ZFA:0000228	ZP:0152426	PATO:0002302
GO:2000145	ZFA:0000940	ZP:0152427	PATO:0002302
GO:0030041	ZFA:0000940	ZP:0152428	PATO:0000912
GO:0008219	ZFA:0009154	ZP:0152433	PATO:0002051
GO:0097707	ZFA:0000107	ZP:0152434	PATO:0002051
GO:1903409	ZFA:0000107	ZP:0152435	PATO:0002051
GO:0001503	ZFA:0001269	ZP:0152440	PATO:0010005
GO:0031555	ZFA:0001058	ZP:0152441	PATO:0045073
GO:0044319	ZFA:0009031	ZP:0152447	PATO:0001236
GO:0043248	ZFA:0000008	ZP:0152452	PATO:0002302
GO:0034383	ZFA:0009141	ZP:0152474	PATO:0045073
GO:0034384	ZFA:0009141	ZP:0152475	PATO:0045073
GO:0150024	ZFA:0009141	ZP:0152476	PATO:0045073
GO:0006915	ZFA:0000109	ZP:0152478	PATO:0045073
GO:0008283	ZFA:0001114	ZP:0152479	PATO:0045073
GO:0004798	ZFA:0001094	ZP:0152482	PATO:0002302
GO:0006281	ZFA:0001094	ZP:0152484	PATO:0002302
GO:0008283	ZFA:0001114	ZP:0152485	PATO:0002302
GO:1990266	ZFA:0001114	ZP:0152487	PATO:0050001
GO:0007596	ZFA:0000011	ZP:0152489	PATO:0002302
GO:0007596	ZFA:0000180	ZP:0152490	PATO:0002304
GO:0006885	ZFA:0001076	ZP:0152492	PATO:0045073
GO:0045852	ZFA:0001076	ZP:0152493	PATO:0000380
GO:0061750	ZFA:0001094	ZP:0152501	PATO:0015003
GO:0004129	ZFA:0000008	ZP:0152504	PATO:0045073
GO:0008137	ZFA:0000008	ZP:0152505	PATO:0002302
GO:0016042	ZFA:0000008	ZP:0152506	PATO:0045073
GO:0001974	ZFA:0005147	ZP:0152515	PATO:0002302
GO:0001974	ZFA:0005147	ZP:0152520	PATO:0045073
GO:0010951	ZFA:0005147	ZP:0152522	PATO:0002051
GO:1900037	ZFA:0005147	ZP:0152523	PATO:0002051
GO:1901148	ZFA:0005147	ZP:0152524	PATO:0002051
GO:0008283	ZFA:0001338	ZP:0152528	PATO:0002052
GO:0006915	ZFA:0000042	ZP:0152533	PATO:0002051
GO:0008283	ZFA:0000045	ZP:0152534	PATO:0001236
GO:0007219	ZFA:0005944	ZP:0152535	PATO:0001236
GO:0014822	ZFA:0005944	ZP:0152536	PATO:0001236
GO:0044319	ZFA:0000114	ZP:0152537	PATO:0001236
GO:0010468	ZFA:0005057	ZP:0152538	PATO:0002051
GO:0010468	ZFA:0005147	ZP:0152539	PATO:0002051
GO:0051059	ZFA:0001323	ZP:0152545	PATO:0002051
GO:0019228	ZFA:0000778	ZP:0152553	PATO:0000381
GO:0019228	ZFA:0000778	ZP:0152554	PATO:0010005
GO:0008283	ZFA:0000035	ZP:0152559	PATO:0002051
GO:0016055	ZFA:0001135	ZP:0152560	PATO:0002052
GO:0016055	ZFA:0009116	ZP:0152561	PATO:0002052
GO:0000380	ZFA:0000360	ZP:0152562	PATO:0002302
GO:0010881	ZFA:0000114	ZP:0152564	PATO:0002302
GO:0016055	ZFA:0000114	ZP:0152567	PATO:0002302
GO:0007219	ZFA:0000114	ZP:0152568	PATO:0045073
GO:0055088	ZFA:0000008	ZP:0152572	PATO:0001507
GO:0060047	ZFA:0000114	ZP:0152573	PATO:0001236
GO:0022904	ZFA:0009117	ZP:0152577	PATO:0000912
GO:0006915	ZFA:0005024	ZP:0152578	PATO:0000057
GO:0006954	ZFA:0000529	ZP:0152580	PATO:0002304
GO:0007283	ZFA:0000598	ZP:0152581	PATO:0002302
GO:0098868	ZFA:0001580	ZP:0152594	PATO:0001236
GO:0030282	ZFA:0001094	ZP:0152597	PATO:0002052
GO:0098868	ZFA:0001580	ZP:0152598	PATO:0000911
GO:0030282	ZFA:0001094	ZP:0152600	PATO:0002051
GO:0098868	ZFA:0000486	ZP:0152601	PATO:0001236
GO:0098868	ZFA:0000514	ZP:0152602	PATO:0001236
GO:2000471	ZFA:0005028	ZP:0152658	PATO:0000911
GO:0060047	ZFA:0000114	ZP:0152660	PATO:0055006
GO:0009642	ZFA:0009319	ZP:0152662	PATO:0002302
GO:0140042	ZFA:0000152	ZP:0152663	PATO:0002051
GO:0009642	ZFA:0009319	ZP:0152664	PATO:0045073
GO:0140042	ZFA:0000152	ZP:0152665	PATO:0045086
GO:0014721	ZFA:0000473	ZP:0152667	PATO:0002302
GO:0008219	ZFA:0000511	ZP:0152669	PATO:0000381
GO:0014886	ZFA:0000473	ZP:0152670	PATO:0002302
GO:0014886	ZFA:0000511	ZP:0152671	PATO:0045073
GO:0014721	ZFA:0000473	ZP:0152676	PATO:0045073
GO:0008219	ZFA:0000511	ZP:0152677	PATO:0045087
GO:0051301	ZFA:0000511	ZP:0152678	PATO:0045087
GO:0008219	ZFA:0000511	ZP:0152680	PATO:0002051
GO:0051301	ZFA:0000511	ZP:0152681	PATO:0000380
GO:0043403	ZFA:0000473	ZP:0152682	PATO:0000912
GO:0044458	ZFA:0005242	ZP:0152717	PATO:0002302
GO:1905515	ZFA:0009358	ZP:0152718	PATO:0002302
GO:0008090	ZFA:0005865	ZP:0152752	PATO:0002302
GO:0006915	ZFA:0001117	ZP:0152778	PATO:0002304
GO:0030282	ZFA:0001094	ZP:0152780	PATO:0002302
GO:0031214	ZFA:0001094	ZP:0152782	PATO:0002302
GO:0044344	ZFA:0000038	ZP:0152790	PATO:0010005
GO:0044344	ZFA:0000038	ZP:0152792	PATO:0055002
GO:0007368	ZFA:0000208	ZP:0152794	PATO:0002302
GO:0047823	ZFA:0000123	ZP:0152797	PATO:0002304
GO:0048259	ZFA:0000445	ZP:0152807	PATO:0002302
GO:0048259	ZFA:0000186	ZP:0152808	PATO:0045073
GO:0048259	ZFA:0000186	ZP:0152809	PATO:0002302
GO:0035635	ZFA:0005955	ZP:0152810	PATO:0001236
GO:0035635	ZFA:0009077	ZP:0152811	PATO:0045073
GO:0042552	ZFA:0000029	ZP:0152815	PATO:0002302
GO:0036303	ZFA:0005024	ZP:0152826	PATO:0002302
GO:0035641	ZFA:0000242	ZP:0152843	PATO:0002304
GO:0035641	ZFA:0000303	ZP:0152844	PATO:0045073
GO:0035249	ZFA:0005969	ZP:0152847	PATO:0045073
GO:0099536	ZFA:0005665	ZP:0152848	PATO:0001236
GO:0035249	ZFA:0005969	ZP:0152849	PATO:0002302
GO:0030509	ZFA:0000114	ZP:0152854	PATO:0002302
GO:0008219	ZFA:0001194	ZP:0152863	PATO:0002051
GO:0030509	ZFA:0000114	ZP:0152865	PATO:0045073
GO:0032964	ZFA:0009026	ZP:0152866	PATO:0002304
GO:0030282	ZFA:0001585	ZP:0152867	PATO:0002304
GO:0032963	ZFA:0000368	ZP:0152868	PATO:0002302
GO:0032963	ZFA:0005619	ZP:0152869	PATO:0002302
GO:0030282	ZFA:0001631	ZP:0152874	PATO:0002302
GO:0048798	ZFA:0000076	ZP:0152875	PATO:0002302
GO:0051301	ZFA:0009002	ZP:0152881	PATO:0002302
GO:0002432	ZFA:0001094	ZP:0152888	PATO:0055003
GO:0034612	ZFA:0001094	ZP:0152889	PATO:0002052
GO:0002432	ZFA:0001094	ZP:0152890	PATO:0002302
GO:0006915	ZFA:0001206	ZP:0152893	PATO:0045073
GO:0006915	ZFA:0009258	ZP:0152894	PATO:0045073
GO:0006915	ZFA:0009258	ZP:0152896	PATO:0002304
GO:0043403	ZFA:0005147	ZP:0152899	PATO:0001236
GO:0031032	ZFA:0000228	ZP:0152902	PATO:0001236
GO:0006914	ZFA:0001306	ZP:0152909	PATO:0002051
GO:0008237	ZFA:0000109	ZP:0152911	PATO:0002304
GO:0008237	ZFA:0000128	ZP:0152912	PATO:0002304
GO:1903053	ZFA:0000099	ZP:0152913	PATO:0002302
GO:0008361	ZFA:0001315	ZP:0152919	PATO:0001236
GO:0007010	ZFA:0001315	ZP:0152920	PATO:0002302
GO:0007030	ZFA:0001315	ZP:0152921	PATO:0002302
GO:0008361	ZFA:0001315	ZP:0152922	PATO:0002302
GO:0008283	ZFA:0001315	ZP:0152925	PATO:0002052
GO:0008361	ZFA:0001315	ZP:0152926	PATO:0045073
GO:0097421	ZFA:0001639	ZP:0152927	PATO:0010005
GO:0008283	ZFA:0001460	ZP:0152929	PATO:0002302
GO:0008015	ZFA:0001315	ZP:0152933	PATO:0002302
GO:0007010	ZFA:0001315	ZP:0152934	PATO:0001236
GO:0007030	ZFA:0001315	ZP:0152935	PATO:0001236
GO:0019083	ZFA:0000242	ZP:0152947	PATO:0000911
GO:0019915	ZFA:0009111	ZP:0152950	PATO:0002302
GO:0006915	ZFA:0009248	ZP:0152964	PATO:0000380
GO:0048755	ZFA:0000295	ZP:0152965	PATO:0002302
GO:0051726	ZFA:0009248	ZP:0152966	PATO:0002302
GO:0003827	ZFA:0000075	ZP:0152974	PATO:0002302
GO:0003827	ZFA:0000076	ZP:0152975	PATO:0002302
GO:0003827	ZFA:0000114	ZP:0152976	PATO:0002302
GO:0003827	ZFA:0000368	ZP:0152977	PATO:0002302
GO:0003827	ZFA:0000598	ZP:0152978	PATO:0002302
GO:0003827	ZFA:0005277	ZP:0152979	PATO:0002302
GO:0016262	ZFA:0000008	ZP:0152980	PATO:0002302
GO:0016262	ZFA:0000075	ZP:0152981	PATO:0002302
GO:0016262	ZFA:0000076	ZP:0152982	PATO:0002302
GO:0016262	ZFA:0000114	ZP:0152983	PATO:0002302
GO:0016262	ZFA:0000368	ZP:0152984	PATO:0002302
GO:0016262	ZFA:0005277	ZP:0152985	PATO:0002302
GO:0016262	ZFA:0001094	ZP:0152986	PATO:0002302
GO:0006915	ZFA:0005323	ZP:0152993	PATO:0000911
GO:0006915	ZFA:0007122	ZP:0152994	PATO:0000911
GO:0006915	ZFA:0007124	ZP:0152995	PATO:0000911
GO:0008283	ZFA:0005323	ZP:0152996	PATO:0000911
GO:0008283	ZFA:0007122	ZP:0152997	PATO:0000911
GO:0008283	ZFA:0007124	ZP:0152998	PATO:0000911
GO:0006915	ZFA:0005323	ZP:0153001	PATO:0000912
GO:0006915	ZFA:0005326	ZP:0153003	PATO:0000912
GO:0006915	ZFA:0005327	ZP:0153004	PATO:0000912
GO:0003827	ZFA:0001094	ZP:0153005	PATO:0002302
GO:0003827	ZFA:0000008	ZP:0153006	PATO:0002302
GO:0007626	ZFA:0001094	ZP:0153010	PATO:0000499
GO:1905897	ZFA:0001094	ZP:0153025	PATO:0002304
GO:0001763	ZFA:0005424	ZP:0153030	PATO:0002302
GO:0003094	ZFA:0000151	ZP:0153035	PATO:0002302
GO:0072112	ZFA:0001557	ZP:0153036	PATO:0002302
GO:1904124	ZFA:0000128	ZP:0153058	PATO:0002052
GO:0002210	ZFA:0009141	ZP:0153059	PATO:0002302
GO:0002253	ZFA:0009141	ZP:0153060	PATO:0002302
GO:0006915	ZFA:0009077	ZP:0153061	PATO:0002051
GO:0006935	ZFA:0009141	ZP:0153062	PATO:0002302
GO:0043462	ZFA:0009141	ZP:0153063	PATO:0000912
GO:0097212	ZFA:0009141	ZP:0153064	PATO:0000912
GO:0007042	ZFA:0009077	ZP:0153071	PATO:0045086
GO:0007042	ZFA:0009077	ZP:0153072	PATO:0002051
GO:0060971	ZFA:0000360	ZP:0153077	PATO:0002302
GO:0098900	ZFA:0009366	ZP:0153090	PATO:0045073
GO:0098900	ZFA:0009366	ZP:0153094	PATO:0002302
GO:0099536	ZFA:0009366	ZP:0153095	PATO:0002302
GO:0060348	ZFA:0000184	ZP:0153099	PATO:0002052
GO:0060348	ZFA:0000250	ZP:0153100	PATO:0002052
GO:0060348	ZFA:0000488	ZP:0153101	PATO:0002052
GO:0060348	ZFA:0000578	ZP:0153102	PATO:0002052
GO:0072518	ZFA:0000228	ZP:0153122	PATO:0002052
GO:0072518	ZFA:0000228	ZP:0153125	PATO:0045086
GO:0060288	ZFA:0000114	ZP:0153126	PATO:0002302
GO:0060047	ZFA:0000009	ZP:0153129	PATO:0045000
GO:0060047	ZFA:0000471	ZP:0153130	PATO:0045000
GO:0061026	ZFA:0000114	ZP:0153133	PATO:0002302
GO:0031099	ZFA:0001200	ZP:0153145	PATO:0001236
GO:0031099	ZFA:0001200	ZP:0153146	PATO:0002302
GO:0007596	ZFA:0000180	ZP:0153147	PATO:0002302
GO:0072378	ZFA:0005654	ZP:0153148	PATO:0002302
GO:0016055	ZFA:0001200	ZP:0153149	PATO:0000912
GO:0006914	ZFA:0009063	ZP:0153160	PATO:0002304
GO:0030509	ZFA:0000038	ZP:0153165	PATO:0045086
GO:0038092	ZFA:0000038	ZP:0153166	PATO:0055003
GO:0038092	ZFA:0000038	ZP:0153169	PATO:0055004
GO:0048592	ZFA:0001114	ZP:0153170	PATO:0045073
GO:0038092	ZFA:0000038	ZP:0153171	PATO:0045000
GO:0035176	ZFA:0000242	ZP:0153175	PATO:0001507
GO:0022406	ZFA:0005249	ZP:0153183	PATO:0000380
GO:0060048	ZFA:0000009	ZP:0153186	PATO:0015003
GO:1901532	ZFA:0000529	ZP:0153191	PATO:0002302
GO:0001774	ZFA:0009077	ZP:0153203	PATO:0045073
GO:0006911	ZFA:0009077	ZP:0153206	PATO:0002304
GO:0006911	ZFA:0009141	ZP:0153207	PATO:0002304
GO:0006915	ZFA:0009077	ZP:0153208	PATO:0002304
GO:0006911	ZFA:0009077	ZP:0153209	PATO:0045073
GO:0006911	ZFA:0009141	ZP:0153210	PATO:0045073
GO:0006915	ZFA:0009077	ZP:0153211	PATO:0045073
GO:0099610	ZFA:0000445	ZP:0153212	PATO:0002017
GO:0099610	ZFA:0000445	ZP:0153213	PATO:0002051
GO:0006915	ZFA:0000029	ZP:0153220	PATO:0000380
GO:0006915	ZFA:0000079	ZP:0153221	PATO:0000380
GO:0006915	ZFA:0000107	ZP:0153222	PATO:0000380
GO:0006915	ZFA:0000128	ZP:0153223	PATO:0000380
GO:0006915	ZFA:0000445	ZP:0153226	PATO:0000380
GO:0006915	ZFA:0000008	ZP:0153237	PATO:0000380
GO:0006954	ZFA:0000008	ZP:0153238	PATO:0000380
GO:0004784	ZFA:0000303	ZP:0153245	PATO:0002052
GO:0009060	ZFA:0000303	ZP:0153246	PATO:0000911
GO:0016209	ZFA:0000303	ZP:0153247	PATO:0002304
GO:0016298	ZFA:0000303	ZP:0153248	PATO:0002051
GO:0070740	ZFA:0001094	ZP:0153253	PATO:0002302
GO:0071929	ZFA:0001094	ZP:0153254	PATO:0002302
GO:0106423	ZFA:0001094	ZP:0153255	PATO:0002302
GO:0019079	ZFA:0000123	ZP:0153270	PATO:0002051
GO:0019079	ZFA:0000354	ZP:0153271	PATO:0002051
GO:0019079	ZFA:0000436	ZP:0153272	PATO:0002051
GO:0019079	ZFA:0000669	ZP:0153273	PATO:0002051
GO:0019079	ZFA:0001293	ZP:0153274	PATO:0002051
GO:0060232	ZFA:0009183	ZP:0153275	PATO:0000380
GO:0060232	ZFA:0009183	ZP:0153276	PATO:0045087
GO:0051301	ZFA:0009183	ZP:0153278	PATO:0045087
GO:0060232	ZFA:0009183	ZP:0153280	PATO:0001529
GO:0051301	ZFA:0009183	ZP:0153282	PATO:0000380
GO:0035188	ZFA:0001094	ZP:0153283	PATO:0055004
GO:0010669	ZFA:0009041	ZP:0153288	PATO:0002302
GO:0030155	ZFA:0009041	ZP:0153289	PATO:0001236
GO:0060232	ZFA:0009041	ZP:0153291	PATO:0000380
GO:0014009	ZFA:0005147	ZP:0153323	PATO:0002302
GO:0031103	ZFA:0000075	ZP:0153324	PATO:0002302
GO:0000045	ZFA:0009366	ZP:0153327	PATO:0002304
GO:0006915	ZFA:0009366	ZP:0153330	PATO:0045073
GO:0007042	ZFA:0009366	ZP:0153331	PATO:0002302
GO:0016236	ZFA:0009366	ZP:0153332	PATO:0002304
GO:0051453	ZFA:0001094	ZP:0153336	PATO:0002302
GO:0042742	ZFA:0001094	ZP:0153346	PATO:0002302
GO:0042742	ZFA:0001094	ZP:0153347	PATO:0045073
GO:0070365	ZFA:0005147	ZP:0153351	PATO:0002302
GO:0009953	ZFA:0001094	ZP:0153356	PATO:0002302
GO:0030509	ZFA:0009002	ZP:0153357	PATO:0002302
GO:0008015	ZFA:0001117	ZP:0153359	PATO:0002302
GO:0003207	ZFA:0000114	ZP:0153366	PATO:0002302
GO:0072574	ZFA:0005147	ZP:0153369	PATO:0000381
GO:0019827	ZFA:0009292	ZP:0153370	PATO:0002302
GO:0050767	ZFA:0000505	ZP:0153371	PATO:0002302
GO:0007219	ZFA:0000008	ZP:0153372	PATO:0002302
GO:0006954	ZFA:0000114	ZP:0153384	PATO:0002017
GO:0006954	ZFA:0000114	ZP:0153385	PATO:0002018
GO:0022402	ZFA:0000114	ZP:0153386	PATO:0002302
GO:0022402	ZFA:0005147	ZP:0153387	PATO:0002302
GO:0085029	ZFA:0000114	ZP:0153388	PATO:0002051
GO:0042761	ZFA:0000107	ZP:0153396	PATO:0002302
GO:0060972	ZFA:0000008	ZP:0153415	PATO:0002302
GO:0060972	ZFA:0000509	ZP:0153416	PATO:0002302
GO:0060972	ZFA:0000112	ZP:0153421	PATO:0002302
GO:0060972	ZFA:0000140	ZP:0153422	PATO:0002302
GO:0120221	ZFA:0000071	ZP:0153423	PATO:0002302
GO:1900107	ZFA:0000028	ZP:0153424	PATO:0002302
GO:0098856	ZFA:0000112	ZP:0153425	PATO:0002302
GO:0006915	ZFA:0009081	ZP:0153431	PATO:0000380
GO:0006915	ZFA:0009003	ZP:0153432	PATO:0002304
GO:0007416	ZFA:0000075	ZP:0153442	PATO:0002302
GO:0071240	ZFA:0000445	ZP:0153443	PATO:0001507
GO:1905962	ZFA:0000075	ZP:0153446	PATO:0045073
GO:0086001	ZFA:0009316	ZP:0153451	PATO:0002304
GO:0086001	ZFA:0009316	ZP:0153452	PATO:0010003
GO:0086001	ZFA:0009316	ZP:0153453	PATO:0045084
GO:0086001	ZFA:0009316	ZP:0153454	PATO:0045087
GO:0008283	ZFA:0001205	ZP:0153455	PATO:0002304
GO:0008283	ZFA:0001400	ZP:0153456	PATO:0002304
GO:0008283	ZFA:0001516	ZP:0153457	PATO:0002304
GO:0030282	ZFA:0001189	ZP:0153462	PATO:0045000
GO:0030282	ZFA:0000263	ZP:0153463	PATO:0002302
GO:0030282	ZFA:0001189	ZP:0153482	PATO:0000911
GO:0007224	ZFA:0000008	ZP:0153486	PATO:0045073
GO:0008219	ZFA:0000470	ZP:0153487	PATO:0002051
GO:0051301	ZFA:0005277	ZP:0153498	PATO:0002052
GO:0051301	ZFA:0000123	ZP:0153503	PATO:0002052
GO:0098708	ZFA:0000123	ZP:0153504	PATO:0002051
GO:0098708	ZFA:0000473	ZP:0153505	PATO:0002052
GO:0032640	ZFA:0005654	ZP:0153510	PATO:0002051
GO:0032491	ZFA:0009141	ZP:0153513	PATO:0001236
GO:1905517	ZFA:0000180	ZP:0153514	PATO:0045086
GO:0048665	ZFA:0000109	ZP:0153518	PATO:0002302
GO:0007091	ZFA:0000077	ZP:0153547	PATO:0000502
GO:0051323	ZFA:0000077	ZP:0153548	PATO:0000498
GO:0051983	ZFA:0000077	ZP:0153549	PATO:0002302
GO:0006260	ZFA:0005771	ZP:0153567	PATO:0001236
GO:0008152	ZFA:0005771	ZP:0153568	PATO:0001236
GO:0006338	ZFA:0001194	ZP:0153569	PATO:0001236
GO:0006338	ZFA:0001460	ZP:0153570	PATO:0001236
GO:0060541	ZFA:0000354	ZP:0153571	PATO:0001236
GO:0071774	ZFA:0000354	ZP:0153572	PATO:0001236
GO:0006950	ZFA:0009226	ZP:0153573	PATO:0001236
GO:0006955	ZFA:0009226	ZP:0153574	PATO:0001236
GO:0030178	ZFA:0009226	ZP:0153575	PATO:0001236
GO:0031099	ZFA:0009226	ZP:0153576	PATO:0001236
GO:0001501	ZFA:0001634	ZP:0153577	PATO:0001236
GO:0030199	ZFA:0001634	ZP:0153578	PATO:0001236
GO:0030278	ZFA:0001634	ZP:0153579	PATO:0001236
GO:0051216	ZFA:0001634	ZP:0153580	PATO:0001236
GO:0098908	ZFA:0000029	ZP:0153582	PATO:0002302
GO:0098908	ZFA:0000079	ZP:0153583	PATO:0002302
GO:0098908	ZFA:0000213	ZP:0153584	PATO:0002302
GO:0006338	ZFA:0001613	ZP:0153588	PATO:0001236
GO:0014033	ZFA:0001613	ZP:0153589	PATO:0001236
GO:0022011	ZFA:0005662	ZP:0153594	PATO:0002302
GO:0048932	ZFA:0000944	ZP:0153595	PATO:0002302
GO:0035254	ZFA:0000100	ZP:0153625	PATO:0001236
GO:0035176	ZFA:0000303	ZP:0153628	PATO:0045073
GO:0060272	ZFA:0007117	ZP:0153633	PATO:0002302
GO:0036440	ZFA:0005277	ZP:0153645	PATO:0002302
GO:0036440	ZFA:0005277	ZP:0153646	PATO:0045073
GO:0010882	ZFA:0001374	ZP:0153649	PATO:0001507
GO:0010882	ZFA:0005061	ZP:0153650	PATO:0001507
GO:0001046	ZFA:0000135	ZP:0153652	PATO:0001236
GO:0061132	ZFA:0000135	ZP:0153653	PATO:0001236
GO:0055089	ZFA:0001327	ZP:0153659	PATO:0001236
GO:0019432	ZFA:0000242	ZP:0153662	PATO:0002051
GO:0019432	ZFA:0000303	ZP:0153663	PATO:0002051
GO:0032868	ZFA:0000123	ZP:0153664	PATO:0002051
GO:0044282	ZFA:0000123	ZP:0153665	PATO:0002051
GO:0071230	ZFA:0000123	ZP:0153666	PATO:0002051
GO:0071466	ZFA:0000123	ZP:0153667	PATO:0002051
GO:0140042	ZFA:0000242	ZP:0153668	PATO:0002051
GO:0140042	ZFA:0000303	ZP:0153669	PATO:0002051
GO:0044539	ZFA:0009111	ZP:0153670	PATO:0002051
GO:0046320	ZFA:0009111	ZP:0153671	PATO:0002302
GO:0044539	ZFA:0009111	ZP:0153672	PATO:0001236
GO:0046320	ZFA:0009111	ZP:0153673	PATO:0001236
GO:0004855	ZFA:0001094	ZP:0153674	PATO:0045073
GO:0003002	ZFA:0001189	ZP:0153680	PATO:0002302
GO:0007411	ZFA:0000249	ZP:0153688	PATO:0002302
GO:0141201	ZFA:0000123	ZP:0153701	PATO:0000057
GO:0141201	ZFA:0000123	ZP:0153702	PATO:0002051
GO:0061900	ZFA:0009280	ZP:0153703	PATO:0002051
GO:0007283	ZFA:0000303	ZP:0153723	PATO:0002051
GO:0008584	ZFA:0000303	ZP:0153724	PATO:0002051
GO:0001774	ZFA:0000079	ZP:0153738	PATO:0002304
GO:0098743	ZFA:0009141	ZP:0153742	PATO:0045073
GO:0016046	ZFA:0009141	ZP:0153743	PATO:0045073
GO:0006915	ZFA:0001117	ZP:0153744	PATO:0000057
GO:0050832	ZFA:0009141	ZP:0153747	PATO:0045073
GO:0030163	ZFA:0000075	ZP:0153748	PATO:0002302
GO:0030163	ZFA:0000075	ZP:0153749	PATO:0045073
GO:1901096	ZFA:0000029	ZP:0153752	PATO:0002302
GO:0051301	ZFA:0009112	ZP:0153756	PATO:0045087
GO:0051301	ZFA:0009112	ZP:0153759	PATO:0000380
GO:0051301	ZFA:0009112	ZP:0153760	PATO:0000381
GO:0007219	ZFA:0000099	ZP:0153763	PATO:0000912
GO:0007219	ZFA:0000099	ZP:0153764	PATO:0045000
GO:0008283	ZFA:0009084	ZP:0153776	PATO:0001236
GO:0043542	ZFA:0000009	ZP:0153781	PATO:0002304
GO:0043542	ZFA:0000471	ZP:0153782	PATO:0002304
GO:0043542	ZFA:0001315	ZP:0153783	PATO:0002304
GO:0043542	ZFA:0001315	ZP:0153784	PATO:0045073
GO:0042246	ZFA:0000529	ZP:0153802	PATO:0045073
GO:0031101	ZFA:0001069	ZP:0153806	PATO:0002302
GO:0002248	ZFA:0000009	ZP:0153807	PATO:0002051
GO:0006930	ZFA:0009316	ZP:0153808	PATO:0002302
GO:0007179	ZFA:0000009	ZP:0153809	PATO:0002051
GO:0030198	ZFA:0000009	ZP:0153810	PATO:0002051
GO:0031099	ZFA:0000277	ZP:0153811	PATO:0002302
GO:0042572	ZFA:0005147	ZP:0153812	PATO:0002302
GO:0046425	ZFA:0000009	ZP:0153813	PATO:0002052
GO:0048251	ZFA:0000009	ZP:0153814	PATO:0002051
GO:0071604	ZFA:0005147	ZP:0153820	PATO:0002051
GO:0001837	ZFA:0001320	ZP:0153826	PATO:0045086
GO:0001837	ZFA:0001320	ZP:0153827	PATO:0002051
GO:0006930	ZFA:0009316	ZP:0153828	PATO:0045073
GO:0048872	ZFA:0009146	ZP:0153831	PATO:0001236
GO:0048872	ZFA:0009146	ZP:0153833	PATO:0002302
GO:0007389	ZFA:0009146	ZP:0153840	PATO:0002302
GO:0007389	ZFA:0009146	ZP:0153842	PATO:0045073
GO:0043397	ZFA:0000008	ZP:0153844	PATO:0002302
GO:0050808	ZFA:0000008	ZP:0153845	PATO:0002302
GO:0009906	ZFA:0000008	ZP:0153846	PATO:0002302
GO:0009906	ZFA:0000008	ZP:0153847	PATO:0045073
GO:0043397	ZFA:0000008	ZP:0153848	PATO:0001236
GO:0009416	ZFA:0000008	ZP:0153853	PATO:0045073
GO:0009416	ZFA:0000029	ZP:0153854	PATO:0002302
GO:0009416	ZFA:0000032	ZP:0153855	PATO:0002302
GO:0009416	ZFA:0000100	ZP:0153856	PATO:0002302
GO:0009416	ZFA:0000101	ZP:0153857	PATO:0002302
GO:0009416	ZFA:0007010	ZP:0153858	PATO:0002302
GO:0099610	ZFA:0000445	ZP:0153865	PATO:0002304
GO:0008219	ZFA:0001094	ZP:0153866	PATO:0002304
GO:0007219	ZFA:0000005	ZP:0153867	PATO:0002302
GO:0060847	ZFA:0000005	ZP:0153868	PATO:0002302
GO:0001755	ZFA:0001202	ZP:0153871	PATO:0001507
GO:0001755	ZFA:0005572	ZP:0153872	PATO:0001507
GO:0006631	ZFA:0000123	ZP:0153874	PATO:0002302
GO:0006805	ZFA:0000123	ZP:0153875	PATO:0002302
GO:0006956	ZFA:0000123	ZP:0153876	PATO:0002302
GO:0007031	ZFA:0000123	ZP:0153877	PATO:0002302
GO:0008206	ZFA:0000123	ZP:0153878	PATO:0002302
GO:0015721	ZFA:0000123	ZP:0153879	PATO:0002302
GO:0033209	ZFA:0000123	ZP:0153880	PATO:0002302
GO:0034620	ZFA:0000123	ZP:0153881	PATO:0002302
GO:0046425	ZFA:0000123	ZP:0153882	PATO:0002302
GO:0050817	ZFA:0000123	ZP:0153883	PATO:0002302
GO:0060562	ZFA:0005169	ZP:0153884	PATO:0002302
GO:0032782	ZFA:0000208	ZP:0153887	PATO:0002052
GO:0008283	ZFA:0009165	ZP:0153900	PATO:0001236
GO:0042552	ZFA:0000079	ZP:0153903	PATO:0002302
GO:0042552	ZFA:0000445	ZP:0153904	PATO:0002302
GO:0030182	ZFA:0000445	ZP:0153911	PATO:0002302
GO:0016055	ZFA:0000445	ZP:0153914	PATO:0002302
GO:0008219	ZFA:0001094	ZP:0153916	PATO:0045073
GO:0035082	ZFA:0009154	ZP:0153919	PATO:0002302
GO:0035735	ZFA:0009154	ZP:0153920	PATO:0002302
GO:1905521	ZFA:0005898	ZP:0153926	PATO:0010005
GO:0033687	ZFA:0001189	ZP:0153927	PATO:0002051
GO:0002158	ZFA:0001189	ZP:0153929	PATO:0002051
GO:0030010	ZFA:0009316	ZP:0153942	PATO:0045073
GO:0048665	ZFA:0000049	ZP:0153945	PATO:0002304
GO:0006915	ZFA:0001460	ZP:0153964	PATO:0045086
GO:0051301	ZFA:0001460	ZP:0153965	PATO:0000381
GO:0034620	ZFA:0001306	ZP:0153966	PATO:0002051
GO:0036498	ZFA:0001306	ZP:0153967	PATO:0002051
GO:1901796	ZFA:0001306	ZP:0153968	PATO:0002051
GO:0031214	ZFA:0000737	ZP:0153982	PATO:0002302
GO:0010043	ZFA:0000045	ZP:0153985	PATO:0002051
GO:0032438	ZFA:0000045	ZP:0153986	PATO:0002051
GO:0060074	ZFA:0000243	ZP:0153993	PATO:0002302
GO:0007416	ZFA:0000243	ZP:0153998	PATO:0001236
GO:0008331	ZFA:0000243	ZP:0153999	PATO:0002302
GO:0008219	ZFA:0000008	ZP:0154021	PATO:0045073
GO:0021782	ZFA:0009280	ZP:0154023	PATO:0000911
GO:0007219	ZFA:0009280	ZP:0154030	PATO:0002052
GO:0021782	ZFA:0009280	ZP:0154031	PATO:0045073
GO:0010878	ZFA:0009077	ZP:0154032	PATO:0002051
GO:0047915	ZFA:0009077	ZP:0154034	PATO:0002051
GO:0099610	ZFA:0009150	ZP:0154043	PATO:0040059
GO:0007009	ZFA:0009077	ZP:0154044	PATO:0002302
GO:0007009	ZFA:0009077	ZP:0154045	PATO:0045073
GO:0047915	ZFA:0009077	ZP:0154048	PATO:0002052
GO:0001754	ZFA:0009127	ZP:0154051	PATO:0002302
GO:0001662	ZFA:0000242	ZP:0154053	PATO:0002302
GO:0002118	ZFA:0000242	ZP:0154054	PATO:0002302
GO:0006974	ZFA:0000242	ZP:0154056	PATO:0002304
GO:0006974	ZFA:0000303	ZP:0154057	PATO:0045073
GO:0036268	ZFA:0000242	ZP:0154058	PATO:0002302
GO:0036268	ZFA:0000303	ZP:0154059	PATO:0045073
GO:0043403	ZFA:0005277	ZP:0154060	PATO:0002302
GO:0072583	ZFA:0005970	ZP:0154081	PATO:0002302
GO:0002040	ZFA:0001286	ZP:0154082	PATO:0002302
GO:0060271	ZFA:0000001	ZP:0154084	PATO:0001507
GO:0042551	ZFA:0009306	ZP:0154086	PATO:0001236
GO:0014041	ZFA:0000008	ZP:0154087	PATO:0002302
GO:0042551	ZFA:0000505	ZP:0154088	PATO:0001236
GO:0009611	ZFA:0009327	ZP:0154106	PATO:0002051
GO:0009611	ZFA:0009141	ZP:0154107	PATO:0002052
GO:0140135	ZFA:0009367	ZP:0154111	PATO:0002302
GO:0048477	ZFA:0000403	ZP:0154115	PATO:0002302
GO:0098529	ZFA:0001056	ZP:0154125	PATO:0002302
GO:0060729	ZFA:0005126	ZP:0154135	PATO:0045073
GO:0006915	ZFA:0001114	ZP:0154138	PATO:0045087
GO:0051301	ZFA:0000045	ZP:0154139	PATO:0000380
GO:0141161	ZFA:0000107	ZP:0154148	PATO:0002302
GO:0038084	ZFA:0005020	ZP:0154157	PATO:0015003
GO:0008283	ZFA:0005170	ZP:0154162	PATO:0002051
GO:0000278	ZFA:0009111	ZP:0154166	PATO:0002051
GO:1990266	ZFA:0001269	ZP:0154167	PATO:0000911
GO:1990266	ZFA:0001269	ZP:0154168	PATO:0002052
GO:1990266	ZFA:0001269	ZP:0154169	PATO:0002302
GO:0070488	ZFA:0001058	ZP:0154170	PATO:0002302
GO:0071910	ZFA:0000123	ZP:0154172	PATO:0001236
GO:0002082	ZFA:0001094	ZP:0154198	PATO:0002302
GO:0002082	ZFA:0005277	ZP:0154199	PATO:0002302
GO:0002248	ZFA:0005147	ZP:0154200	PATO:0002052
GO:0031346	ZFA:0000114	ZP:0154205	PATO:0002302
GO:0044772	ZFA:0000114	ZP:0154206	PATO:0002302
GO:0051146	ZFA:0000114	ZP:0154207	PATO:0002302
GO:0085029	ZFA:0005277	ZP:0154208	PATO:0002302
GO:0097250	ZFA:0005277	ZP:0154209	PATO:0002302
GO:1904018	ZFA:0000114	ZP:0154210	PATO:0002302
GO:0008219	ZFA:0000151	ZP:0154224	PATO:0002304
GO:0008219	ZFA:0000151	ZP:0154226	PATO:0045073
GO:0035752	ZFA:0000008	ZP:0154227	PATO:0002304
GO:0035752	ZFA:0001115	ZP:0154228	PATO:0002304
GO:0099610	ZFA:0000008	ZP:0154229	PATO:0000498
GO:0099610	ZFA:0000008	ZP:0154230	PATO:0002304
GO:0051301	ZFA:0009102	ZP:0154232	PATO:0002051
GO:0051301	ZFA:0009102	ZP:0154233	PATO:0045086
GO:0060828	ZFA:0001114	ZP:0154235	PATO:0002302
GO:0050767	ZFA:0001064	ZP:0154247	PATO:0002302
GO:0045595	ZFA:0001064	ZP:0154253	PATO:0001236
GO:0051302	ZFA:0001064	ZP:0154254	PATO:0001236
GO:0051301	ZFA:0001064	ZP:0154255	PATO:0045000
GO:0051301	ZFA:0001064	ZP:0154258	PATO:0000911
GO:0019827	ZFA:0001064	ZP:0154261	PATO:0002302
GO:0006914	ZFA:0009116	ZP:0154262	PATO:0002304
GO:0009435	ZFA:0005145	ZP:0154263	PATO:0002302
GO:0009653	ZFA:0001058	ZP:0154270	PATO:0000502
GO:0009653	ZFA:0000071	ZP:0154271	PATO:0000502
GO:0009653	ZFA:0001058	ZP:0154275	PATO:0002302
GO:0019228	ZFA:0000109	ZP:0154284	PATO:0000498
GO:0019228	ZFA:0000109	ZP:0154285	PATO:0002017
GO:0008283	ZFA:0009292	ZP:0154293	PATO:0002302
GO:0031507	ZFA:0000079	ZP:0154294	PATO:0002304
GO:0051301	ZFA:0005898	ZP:0154304	PATO:0055004
GO:0030317	ZFA:0009006	ZP:0154317	PATO:0002302
GO:0003341	ZFA:0001261	ZP:0154319	PATO:0001236
GO:0090398	ZFA:0001338	ZP:0154328	PATO:0002051
GO:0010866	ZFA:0000088	ZP:0154336	PATO:0045073
GO:0006338	ZFA:0000045	ZP:0154339	PATO:0002302
GO:0006139	ZFA:0009065	ZP:0154346	PATO:0002302
GO:0016070	ZFA:0009065	ZP:0154347	PATO:0002302
GO:0009953	ZFA:0001094	ZP:0154350	PATO:0001507
GO:0007368	ZFA:0000208	ZP:0154355	PATO:0001507
GO:0030728	ZFA:0000303	ZP:0154365	PATO:0040059
GO:0042246	ZFA:0000009	ZP:0154368	PATO:0002051
GO:0035590	ZFA:0009121	ZP:0154379	PATO:0040059
GO:0035590	ZFA:0009367	ZP:0154380	PATO:0040059
GO:0070054	ZFA:0000217	ZP:0154387	PATO:0001507
GO:0062197	ZFA:0009256	ZP:0154395	PATO:0002302
GO:0006412	ZFA:0009354	ZP:0154396	PATO:0002051
GO:0038061	ZFA:0009354	ZP:0154397	PATO:0002051
GO:0042254	ZFA:0009354	ZP:0154398	PATO:0002051
GO:0072331	ZFA:0009354	ZP:0154399	PATO:0002051
GO:0090090	ZFA:0009354	ZP:0154400	PATO:0002051
GO:0030166	ZFA:0000051	ZP:0154408	PATO:0002302
GO:0001944	ZFA:0009354	ZP:0154418	PATO:0002302
GO:0007219	ZFA:0009354	ZP:0154419	PATO:0002302
GO:0010467	ZFA:0009354	ZP:0154420	PATO:0002302
GO:0016477	ZFA:0009354	ZP:0154421	PATO:0002302
GO:0030099	ZFA:0009354	ZP:0154422	PATO:0002302
GO:0030198	ZFA:0009354	ZP:0154423	PATO:0002302
GO:0030218	ZFA:0009354	ZP:0154424	PATO:0002302
GO:0006915	ZFA:0009015	ZP:0154425	PATO:0002051
GO:0006915	ZFA:0009021	ZP:0154426	PATO:0002051
GO:0045165	ZFA:0009251	ZP:0154427	PATO:0002302
GO:0030198	ZFA:0001715	ZP:0154429	PATO:0002302
GO:0048668	ZFA:0000075	ZP:0154430	PATO:0002052
GO:0090398	ZFA:0000084	ZP:0154445	PATO:0002304
GO:0048009	ZFA:0005326	ZP:0154447	PATO:0002017
GO:0051897	ZFA:0005323	ZP:0154461	PATO:0002051
GO:0001964	ZFA:0000242	ZP:0154466	PATO:0002018
GO:0030317	ZFA:0009006	ZP:0154467	PATO:0001236
GO:0002040	ZFA:0000477	ZP:0154473	PATO:0000381
GO:0001714	ZFA:0001106	ZP:0154483	PATO:0002302
GO:0060070	ZFA:0001106	ZP:0154484	PATO:0002304
GO:0048598	ZFA:0001094	ZP:0154486	PATO:0000502
GO:0001569	ZFA:0001285	ZP:0154487	PATO:0002051
GO:0060038	ZFA:0005147	ZP:0154494	PATO:0045000
GO:0060295	ZFA:0000130	ZP:0154496	PATO:0002302
GO:0060295	ZFA:0000001	ZP:0154497	PATO:0002302
GO:0060295	ZFA:0000130	ZP:0154498	PATO:0045073
GO:0006915	ZFA:0000042	ZP:0154501	PATO:0002304
GO:0036066	ZFA:0001094	ZP:0154502	PATO:0002302
GO:0001569	ZFA:0005024	ZP:0154507	PATO:0002302
GO:0140469	ZFA:0005024	ZP:0154508	PATO:0002051
GO:0008283	ZFA:0009015	ZP:0154510	PATO:0002302
GO:0012501	ZFA:0000029	ZP:0154513	PATO:0002304
GO:0006974	ZFA:0005028	ZP:0154515	PATO:0002051
GO:0008219	ZFA:0000014	ZP:0154516	PATO:0002051
GO:0022011	ZFA:0005408	ZP:0154523	PATO:0045073
GO:0005245	ZFA:0000588	ZP:0154524	PATO:0002302
GO:0005245	ZFA:0000599	ZP:0154525	PATO:0045086
GO:0005245	ZFA:0005866	ZP:0154526	PATO:0002302
GO:0007602	ZFA:0009280	ZP:0154528	PATO:0002302
GO:0007602	ZFA:0009319	ZP:0154529	PATO:0002302
GO:0060005	ZFA:0000107	ZP:0154530	PATO:0045073
GO:0097734	ZFA:0000008	ZP:0154531	PATO:0002052
GO:2001135	ZFA:0000008	ZP:0154532	PATO:0002302
GO:0005245	ZFA:0000075	ZP:0154535	PATO:0002302
GO:0005245	ZFA:0000543	ZP:0154536	PATO:0002302
GO:0005245	ZFA:0009052	ZP:0154537	PATO:0002302
GO:0008283	ZFA:0009112	ZP:0154549	PATO:0002052
GO:0006915	ZFA:0009256	ZP:0154550	PATO:0002051
GO:0051301	ZFA:0009256	ZP:0154552	PATO:0002052
GO:0000165	ZFA:0009316	ZP:0154560	PATO:0002052
GO:0009060	ZFA:0001094	ZP:0154567	PATO:0002018
GO:0042246	ZFA:0009102	ZP:0154572	PATO:0002051
GO:0046058	ZFA:0001094	ZP:0154573	PATO:0002051
GO:0006006	ZFA:0005147	ZP:0154575	PATO:0002051
GO:0060290	ZFA:0000140	ZP:0154576	PATO:0002051
GO:0005245	ZFA:0009114	ZP:0154578	PATO:0045073
GO:0005248	ZFA:0009114	ZP:0154579	PATO:0040059
GO:0007405	ZFA:0000051	ZP:0154586	PATO:0002051
GO:0012501	ZFA:0000051	ZP:0154587	PATO:0045086
GO:0007405	ZFA:0000051	ZP:0154589	PATO:0045086
GO:0014016	ZFA:0000051	ZP:0154590	PATO:0000502
GO:0001508	ZFA:0000155	ZP:0154591	PATO:0001236
GO:0001508	ZFA:0000107	ZP:0154593	PATO:0001236
GO:0001508	ZFA:0000114	ZP:0154594	PATO:0001236
GO:0008347	ZFA:0000075	ZP:0154595	PATO:0000502
GO:0048874	ZFA:0001338	ZP:0154602	PATO:0045073
GO:0048874	ZFA:0001338	ZP:0154603	PATO:0001236
GO:0007040	ZFA:0005145	ZP:0154605	PATO:0002302
GO:0007042	ZFA:0005145	ZP:0154608	PATO:0002302
GO:0070365	ZFA:0005147	ZP:0154613	PATO:0045073
GO:0008593	ZFA:0005147	ZP:0154619	PATO:0001236
GO:0008593	ZFA:0005147	ZP:0154620	PATO:0002302
GO:0001569	ZFA:0001285	ZP:0154625	PATO:0001507
GO:0001569	ZFA:0005020	ZP:0154626	PATO:0001507
GO:0140072	ZFA:0005147	ZP:0154628	PATO:0002051
GO:0061017	ZFA:0005147	ZP:0154686	PATO:0002302
GO:0006915	ZFA:0009067	ZP:0154694	PATO:0002051
GO:0000165	ZFA:0000109	ZP:0154698	PATO:0002017
GO:0006874	ZFA:0000128	ZP:0154705	PATO:0001507
GO:0008283	ZFA:0009316	ZP:0154706	PATO:0045086
GO:0043696	ZFA:0009316	ZP:0154707	PATO:0002052
GO:0072537	ZFA:0005147	ZP:0154708	PATO:0002052
GO:0008283	ZFA:0001464	ZP:0154725	PATO:0045086
GO:0042116	ZFA:0001464	ZP:0154726	PATO:0002051
GO:0008283	ZFA:0001058	ZP:0154728	PATO:0000911
GO:0044839	ZFA:0001058	ZP:0154729	PATO:0000297
GO:1901987	ZFA:0001058	ZP:0154730	PATO:0002302
GO:0060035	ZFA:0005746	ZP:0154738	PATO:0002302
GO:0060036	ZFA:0005746	ZP:0154739	PATO:0045073
GO:0005506	ZFA:0005654	ZP:0154751	PATO:0002302
GO:0071456	ZFA:0000009	ZP:0154752	PATO:0002304
GO:0060028	ZFA:0001204	ZP:0154754	PATO:0002302
GO:0001774	ZFA:0000008	ZP:0154755	PATO:0045086
GO:0051310	ZFA:0000093	ZP:0154763	PATO:0002302
GO:0003413	ZFA:0001400	ZP:0154773	PATO:0002302
GO:0030282	ZFA:0001114	ZP:0154780	PATO:0045086
GO:0030509	ZFA:0001104	ZP:0154786	PATO:0002052
GO:0030509	ZFA:0001104	ZP:0154787	PATO:0045086
GO:0099636	ZFA:0005772	ZP:0154800	PATO:0002052
GO:0031099	ZFA:0000009	ZP:0154804	PATO:0000912
GO:0043697	ZFA:0009316	ZP:0154805	PATO:0002051
GO:0004096	ZFA:0001094	ZP:0154832	PATO:0002304
GO:0004316	ZFA:0001094	ZP:0154833	PATO:0002304
GO:0004602	ZFA:0001094	ZP:0154834	PATO:0002304
GO:0033741	ZFA:0001094	ZP:0154835	PATO:0002304
GO:0106292	ZFA:0001094	ZP:0154836	PATO:0002304
GO:0070945	ZFA:0005898	ZP:0154838	PATO:0002051
GO:0070945	ZFA:0005898	ZP:0154839	PATO:0002302
GO:0051301	ZFA:0001338	ZP:0154842	PATO:0002051
GO:0008283	ZFA:0005172	ZP:0154848	PATO:0001507
GO:0006915	ZFA:0000012	ZP:0154879	PATO:0045073
GO:0006915	ZFA:0000142	ZP:0154880	PATO:0045073
GO:0031175	ZFA:0000295	ZP:0154883	PATO:0001236
GO:0140060	ZFA:0000295	ZP:0154884	PATO:0001236
GO:0061564	ZFA:0000470	ZP:0154887	PATO:0045073
GO:0032491	ZFA:0009141	ZP:0154897	PATO:0002304
GO:0071226	ZFA:0005024	ZP:0154898	PATO:0002304
GO:0033209	ZFA:0009141	ZP:0154925	PATO:0002051
GO:0008283	ZFA:0005155	ZP:0154930	PATO:0002302
GO:0070588	ZFA:0000008	ZP:0154944	PATO:0000380
GO:0070588	ZFA:0000008	ZP:0154945	PATO:0000688
GO:0070588	ZFA:0000008	ZP:0154946	PATO:0000695
GO:0070588	ZFA:0000008	ZP:0154947	PATO:0002017
GO:0070588	ZFA:0000008	ZP:0154948	PATO:0002051
GO:0070588	ZFA:0000008	ZP:0154949	PATO:0010005
GO:0070588	ZFA:0000445	ZP:0154950	PATO:0010005
GO:0007224	ZFA:0000012	ZP:0154953	PATO:0002052
GO:0008283	ZFA:0009135	ZP:0154957	PATO:0002051
GO:0008283	ZFA:0001355	ZP:0154965	PATO:0002051
GO:0008283	ZFA:0009135	ZP:0154966	PATO:0045086
GO:0001541	ZFA:0001110	ZP:0154980	PATO:0001507
GO:0008219	ZFA:0000056	ZP:0154985	PATO:0002051
GO:0008219	ZFA:0000204	ZP:0154986	PATO:0002051
GO:0008219	ZFA:0001338	ZP:0154987	PATO:0002051
GO:0000302	ZFA:0009111	ZP:0155002	PATO:0002051
GO:0006925	ZFA:0009111	ZP:0155003	PATO:0002051
GO:0006974	ZFA:0009111	ZP:0155004	PATO:0002051
GO:0034599	ZFA:0000123	ZP:0155005	PATO:0002051
GO:0048246	ZFA:0000123	ZP:0155008	PATO:0002051
GO:0042391	ZFA:0009248	ZP:0155043	PATO:0001507
GO:0048668	ZFA:0000012	ZP:0155044	PATO:0002052
GO:0048675	ZFA:0000012	ZP:0155045	PATO:0055004
GO:0006013	ZFA:0000123	ZP:0155046	PATO:0002051
GO:0006163	ZFA:0000123	ZP:0155047	PATO:0002051
GO:0006206	ZFA:0000123	ZP:0155048	PATO:0002051
GO:0006401	ZFA:0000123	ZP:0155049	PATO:0002051
GO:0006555	ZFA:0000123	ZP:0155050	PATO:0002051
GO:0006694	ZFA:0000123	ZP:0155051	PATO:0002051
GO:0016114	ZFA:0000123	ZP:0155052	PATO:0002051
GO:0035872	ZFA:0000123	ZP:0155053	PATO:0002051
GO:0042254	ZFA:0000123	ZP:0155054	PATO:0002051
GO:0043248	ZFA:0000123	ZP:0155055	PATO:0002051
GO:0050658	ZFA:0000123	ZP:0155056	PATO:0002051
GO:1905162	ZFA:0000123	ZP:0155057	PATO:0002051
GO:1990113	ZFA:0000123	ZP:0155058	PATO:0002051
GO:2000282	ZFA:0000123	ZP:0155059	PATO:0002051
GO:0016042	ZFA:0000075	ZP:0155062	PATO:0002051
GO:0016042	ZFA:0001094	ZP:0155063	PATO:0002051
GO:0048678	ZFA:0001058	ZP:0155074	PATO:0002302
GO:0006915	ZFA:0000077	ZP:0155103	PATO:0002304
GO:0006915	ZFA:0000088	ZP:0155104	PATO:0002304
GO:0006915	ZFA:0000396	ZP:0155105	PATO:0002304
GO:1904659	ZFA:0001094	ZP:0155106	PATO:0002302
GO:0050879	ZFA:0000329	ZP:0155108	PATO:0000381
GO:0050879	ZFA:0000329	ZP:0155109	PATO:0000499
GO:0050879	ZFA:0000329	ZP:0155110	PATO:0002052
GO:0019228	ZFA:0000445	ZP:0155114	PATO:0002304
GO:0031946	ZFA:0001269	ZP:0155119	PATO:0002302
GO:0006695	ZFA:0009141	ZP:0155120	PATO:0002051
GO:0046460	ZFA:0009141	ZP:0155121	PATO:0002051
GO:0006695	ZFA:0001058	ZP:0155122	PATO:0002051
GO:0046460	ZFA:0001058	ZP:0155123	PATO:0002051
GO:0140042	ZFA:0001058	ZP:0155124	PATO:0002051
GO:0030282	ZFA:0001580	ZP:0155125	PATO:0001507
GO:0001944	ZFA:0000029	ZP:0155126	PATO:0045073
GO:0051607	ZFA:0001094	ZP:0155133	PATO:0015004
GO:0097699	ZFA:0000445	ZP:0155135	PATO:0001236
GO:0097699	ZFA:0000445	ZP:0155136	PATO:0002302
GO:0031099	ZFA:0009052	ZP:0155139	PATO:0001507
GO:0042060	ZFA:0000075	ZP:0155140	PATO:0000502
GO:0070658	ZFA:0000944	ZP:0155147	PATO:0002302
GO:0070306	ZFA:0000035	ZP:0155158	PATO:0002302
GO:0008283	ZFA:0000035	ZP:0155162	PATO:0002304
GO:0071281	ZFA:0000008	ZP:0155163	PATO:0002302
GO:0008219	ZFA:0001611	ZP:0155167	PATO:0002051
GO:0008219	ZFA:0001612	ZP:0155168	PATO:0002051
GO:0006520	ZFA:0009111	ZP:0155177	PATO:0002051
GO:0006954	ZFA:0009111	ZP:0155178	PATO:0002051
GO:0034976	ZFA:0009111	ZP:0155179	PATO:0002051
GO:1903409	ZFA:0009111	ZP:0155180	PATO:0002051
GO:1901387	ZFA:0000008	ZP:0155200	PATO:0002051
GO:0042552	ZFA:0001117	ZP:0155211	PATO:0045073
GO:0014010	ZFA:0000944	ZP:0155222	PATO:0002302
GO:0048709	ZFA:0000075	ZP:0155226	PATO:0045073
GO:0042552	ZFA:0000175	ZP:0155227	PATO:0045073
GO:1904124	ZFA:0000075	ZP:0155228	PATO:0002051
GO:0002118	ZFA:0000242	ZP:0155229	PATO:0002304
GO:0002118	ZFA:0000303	ZP:0155230	PATO:0045073
GO:0002118	ZFA:0000303	ZP:0155231	PATO:0002302
GO:0097205	ZFA:0000529	ZP:0155242	PATO:0002302
GO:0003990	ZFA:0000008	ZP:0155243	PATO:0045073
GO:0004102	ZFA:0000008	ZP:0155244	PATO:0045073
GO:0006520	ZFA:0000123	ZP:0155246	PATO:0002302
GO:0035357	ZFA:0000123	ZP:0155247	PATO:0002302
GO:0042368	ZFA:0000123	ZP:0155248	PATO:0002302
GO:0120178	ZFA:0000123	ZP:0155249	PATO:0002302
GO:2000191	ZFA:0000123	ZP:0155250	PATO:0002302
GO:0007040	ZFA:0000144	ZP:0155267	PATO:0002302
GO:0007042	ZFA:0000144	ZP:0155268	PATO:0002302
GO:0006911	ZFA:0000075	ZP:0155270	PATO:0002051
GO:0007015	ZFA:0009076	ZP:0155271	PATO:0002302
GO:0001957	ZFA:0000184	ZP:0155277	PATO:0002302
GO:0031214	ZFA:0005744	ZP:0155278	PATO:0000502
GO:0001503	ZFA:0001458	ZP:0155300	PATO:0002302
GO:0001503	ZFA:0001613	ZP:0155301	PATO:0040059
GO:0030282	ZFA:0001189	ZP:0155302	PATO:0040059
GO:0001503	ZFA:0001606	ZP:0155303	PATO:0040059
GO:0001503	ZFA:0001607	ZP:0155304	PATO:0040059
GO:0001503	ZFA:0001608	ZP:0155305	PATO:0040059
GO:0001503	ZFA:0001609	ZP:0155306	PATO:0040059
GO:0001503	ZFA:0001610	ZP:0155307	PATO:0002302
GO:0050804	ZFA:0000128	ZP:0155308	PATO:0002302
GO:0006474	ZFA:0005277	ZP:0155309	PATO:0002302
GO:0006474	ZFA:0005280	ZP:0155310	PATO:0002302
GO:0030111	ZFA:0001094	ZP:0155313	PATO:0001236
GO:0051924	ZFA:0000128	ZP:0155317	PATO:0002302
GO:0099590	ZFA:0000032	ZP:0155321	PATO:0002051
GO:1990266	ZFA:0001115	ZP:0155326	PATO:0002051
GO:0001510	ZFA:0001094	ZP:0155337	PATO:0045073
GO:0001510	ZFA:0000242	ZP:0155343	PATO:0045073
GO:0004602	ZFA:0000354	ZP:0155347	PATO:0002302
GO:0004784	ZFA:0000354	ZP:0155348	PATO:0002302
GO:0036269	ZFA:0000303	ZP:0155349	PATO:0002304
GO:0036269	ZFA:0000303	ZP:0155350	PATO:0045073
GO:0008015	ZFA:0005065	ZP:0155353	PATO:0001236
GO:0008015	ZFA:0005065	ZP:0155354	PATO:0002302
GO:0031214	ZFA:0000135	ZP:0155370	PATO:0002302
GO:0110104	ZFA:0001094	ZP:0155395	PATO:0001236
GO:0110104	ZFA:0001114	ZP:0155396	PATO:0001236
GO:1902850	ZFA:0009000	ZP:0155407	PATO:0001236
GO:1903047	ZFA:0009000	ZP:0155408	PATO:0000297
GO:0006816	ZFA:0000008	ZP:0155413	PATO:0002051
GO:1905146	ZFA:0005942	ZP:0155434	PATO:0002302
GO:0004129	ZFA:0001114	ZP:0155436	PATO:0002302
GO:0034551	ZFA:0001114	ZP:0155437	PATO:0002302
GO:0034553	ZFA:0001114	ZP:0155438	PATO:0002302
GO:0031099	ZFA:0000144	ZP:0155443	PATO:0001236
GO:0006915	ZFA:0000144	ZP:0155444	PATO:0002051
GO:0006915	ZFA:0000144	ZP:0155445	PATO:0045086
GO:0007015	ZFA:0000144	ZP:0155446	PATO:0002302
GO:0044839	ZFA:0005898	ZP:0155458	PATO:0001236
GO:0051301	ZFA:0009014	ZP:0155459	PATO:0000381
GO:0051301	ZFA:0009014	ZP:0155460	PATO:0001236
GO:0050879	ZFA:0001058	ZP:0155467	PATO:0002052
GO:0016262	ZFA:0000008	ZP:0155469	PATO:0045073
GO:0016262	ZFA:0000075	ZP:0155470	PATO:0045073
GO:0016262	ZFA:0000076	ZP:0155471	PATO:0045073
GO:0016262	ZFA:0000114	ZP:0155472	PATO:0045073
GO:0016262	ZFA:0000368	ZP:0155473	PATO:0045073
GO:0016262	ZFA:0005277	ZP:0155474	PATO:0045073
GO:0004623	ZFA:0000123	ZP:0155475	PATO:0002302
GO:0035188	ZFA:0001094	ZP:0155488	PATO:0045073
GO:0070588	ZFA:0009202	ZP:0155494	PATO:0001529
GO:0070588	ZFA:0009202	ZP:0155495	PATO:0002051
GO:0070588	ZFA:0009203	ZP:0155496	PATO:0001529
GO:0070588	ZFA:0009203	ZP:0155497	PATO:0002051
GO:0007283	ZFA:0000413	ZP:0155498	PATO:0000502
GO:0003796	ZFA:0001338	ZP:0155515	PATO:0002018
GO:0003993	ZFA:0001338	ZP:0155516	PATO:0002017
GO:0016298	ZFA:0001338	ZP:0155517	PATO:0002018
GO:0051216	ZFA:0005534	ZP:0155524	PATO:0001529
GO:0051216	ZFA:0005535	ZP:0155525	PATO:0001529
GO:0031099	ZFA:0005065	ZP:0155528	PATO:0040059
GO:0008140	ZFA:0009189	ZP:0155531	PATO:0002051
GO:0008283	ZFA:0009374	ZP:0155538	PATO:0002051
GO:0008140	ZFA:0009189	ZP:0155544	PATO:0001236
GO:1904028	ZFA:0000737	ZP:0155545	PATO:0002051
GO:0060290	ZFA:0005598	ZP:0155587	PATO:0002051
GO:1990798	ZFA:0005598	ZP:0155588	PATO:0002304
GO:1990798	ZFA:0005598	ZP:0155590	PATO:0001529
GO:0019226	ZFA:0000075	ZP:0155600	PATO:0002302
GO:0019226	ZFA:0005147	ZP:0155601	PATO:0000078
GO:0030182	ZFA:0009361	ZP:0155602	PATO:0002051
GO:0031175	ZFA:0009361	ZP:0155603	PATO:0002051
GO:0048679	ZFA:0000075	ZP:0155604	PATO:0001236
GO:0051610	ZFA:0009361	ZP:0155605	PATO:0002051
GO:0030282	ZFA:0001559	ZP:0155615	PATO:0000057
GO:0048824	ZFA:0009165	ZP:0155622	PATO:0001236
GO:0050931	ZFA:0009165	ZP:0155623	PATO:0001236
GO:0048824	ZFA:0009165	ZP:0155624	PATO:0002302
GO:0050931	ZFA:0009165	ZP:0155625	PATO:0002302
GO:0032981	ZFA:0001094	ZP:0155630	PATO:0002302
GO:0033617	ZFA:0001094	ZP:0155631	PATO:0002302
GO:0034553	ZFA:0001094	ZP:0155632	PATO:0045073
GO:0001568	ZFA:0000186	ZP:0155635	PATO:0000502
GO:0001568	ZFA:0001285	ZP:0155636	PATO:0000502
GO:0008015	ZFA:0001285	ZP:0155646	PATO:0045000
GO:0097188	ZFA:0005143	ZP:0155647	PATO:0000057
GO:0016055	ZFA:0000694	ZP:0155658	PATO:0002304
GO:0097188	ZFA:0001144	ZP:0155666	PATO:0002302
GO:0048755	ZFA:0009052	ZP:0155675	PATO:0002302
GO:0070292	ZFA:0001094	ZP:0155676	PATO:0045073
GO:0070292	ZFA:0001094	ZP:0155679	PATO:0002302
GO:0044839	ZFA:0001345	ZP:0155695	PATO:0002051
GO:0044843	ZFA:0001345	ZP:0155696	PATO:0002051
GO:0044839	ZFA:0001345	ZP:0155699	PATO:0000057
GO:0044843	ZFA:0001345	ZP:0155700	PATO:0000057
GO:0070527	ZFA:0005257	ZP:0155704	PATO:0002302
GO:0071892	ZFA:0005257	ZP:0155705	PATO:0045073
GO:0000104	ZFA:0005277	ZP:0155708	PATO:0002052
GO:0003988	ZFA:0005277	ZP:0155709	PATO:0002051
GO:0005524	ZFA:0005277	ZP:0155710	PATO:0002051
GO:0006099	ZFA:0005277	ZP:0155712	PATO:0002052
GO:0006119	ZFA:0005277	ZP:0155713	PATO:0002052
GO:0006457	ZFA:0005277	ZP:0155714	PATO:0002051
GO:0007005	ZFA:0005277	ZP:0155715	PATO:0002052
GO:0008137	ZFA:0005277	ZP:0155716	PATO:0002052
GO:0008152	ZFA:0005277	ZP:0155717	PATO:0002051
GO:0019538	ZFA:0005277	ZP:0155718	PATO:0002051
GO:0019541	ZFA:0005277	ZP:0155719	PATO:0002052
GO:0022900	ZFA:0005277	ZP:0155720	PATO:0015003
GO:0032553	ZFA:0005277	ZP:0155721	PATO:0002052
GO:0035556	ZFA:0005277	ZP:0155722	PATO:0002052
GO:0036440	ZFA:0005277	ZP:0155723	PATO:0002052
GO:0043567	ZFA:0005277	ZP:0155724	PATO:0002052
GO:0051881	ZFA:0005277	ZP:0155725	PATO:0002302
GO:0061909	ZFA:0005277	ZP:0155726	PATO:0002051
GO:1903409	ZFA:0005277	ZP:0155727	PATO:0002051
GO:1990542	ZFA:0005277	ZP:0155728	PATO:0002052
GO:0006955	ZFA:0005147	ZP:0155730	PATO:0002051
GO:0007049	ZFA:0005147	ZP:0155731	PATO:0002302
GO:0060297	ZFA:0005147	ZP:0155732	PATO:0002302
GO:0061323	ZFA:0005147	ZP:0155733	PATO:0002051
GO:0085029	ZFA:0005147	ZP:0155735	PATO:0002051
GO:0006955	ZFA:0005147	ZP:0155740	PATO:0000057
GO:0007049	ZFA:0005147	ZP:0155741	PATO:0001236
GO:0060297	ZFA:0005147	ZP:0155742	PATO:0045086
GO:0085029	ZFA:0005147	ZP:0155743	PATO:0000057
GO:0001503	ZFA:0000350	ZP:0155744	PATO:0055006
GO:0001503	ZFA:0000507	ZP:0155745	PATO:0055006
GO:0001503	ZFA:0000526	ZP:0155746	PATO:0002302
GO:0019227	ZFA:0000445	ZP:0155757	PATO:0045073
GO:0003729	ZFA:0009354	ZP:0155770	PATO:0002302
GO:0008013	ZFA:0009065	ZP:0155771	PATO:0002052
GO:0014033	ZFA:0001306	ZP:0155774	PATO:0002302
GO:0031641	ZFA:0000075	ZP:0155783	PATO:0002302
GO:0006816	ZFA:0000075	ZP:0155786	PATO:0002302
GO:0008366	ZFA:0000075	ZP:0155788	PATO:0055001
GO:0019896	ZFA:0000008	ZP:0155797	PATO:0002302
GO:0098939	ZFA:0000008	ZP:0155800	PATO:0002302
GO:0036269	ZFA:0000242	ZP:0155802	PATO:0000911
GO:0036269	ZFA:0000242	ZP:0155803	PATO:0015003
GO:0036269	ZFA:0000303	ZP:0155804	PATO:0000911
GO:0036269	ZFA:0000303	ZP:0155805	PATO:0015003
GO:0051726	ZFA:0009036	ZP:0155808	PATO:0000912
GO:0098508	ZFA:0005028	ZP:0155818	PATO:0002051
GO:0008049	ZFA:0000242	ZP:0155829	PATO:0002302
GO:0031214	ZFA:0000250	ZP:0155856	PATO:0002304
GO:0031214	ZFA:0001405	ZP:0155857	PATO:0002304
GO:0004502	ZFA:0001094	ZP:0155875	PATO:0002052
GO:0042552	ZFA:0000029	ZP:0155880	PATO:0002052
GO:1905146	ZFA:0009141	ZP:0155883	PATO:0002051
GO:0030593	ZFA:0005147	ZP:0155884	PATO:0001236
GO:0030593	ZFA:0005147	ZP:0155885	PATO:0002051
GO:0048246	ZFA:0005147	ZP:0155887	PATO:0001236
GO:0048246	ZFA:0005147	ZP:0155888	PATO:0002051
GO:1905517	ZFA:0005024	ZP:0155890	PATO:0010005
GO:1990266	ZFA:0005024	ZP:0155891	PATO:0010005
GO:0042116	ZFA:0005147	ZP:0155897	PATO:0002051
GO:0042119	ZFA:0005147	ZP:0155898	PATO:0002051
GO:0008015	ZFA:0005024	ZP:0155905	PATO:0002051
GO:1901224	ZFA:0000114	ZP:0155906	PATO:0002051
GO:0008015	ZFA:0001094	ZP:0155919	PATO:0045073
GO:0030182	ZFA:0009019	ZP:0155920	PATO:0002051
GO:0001525	ZFA:0001114	ZP:0155925	PATO:0002052
GO:1990399	ZFA:0000529	ZP:0155953	PATO:0001236
GO:1990399	ZFA:0000529	ZP:0155954	PATO:0002302
GO:0007601	ZFA:0009255	ZP:0155968	PATO:0001236
GO:0050908	ZFA:0009255	ZP:0155969	PATO:0001236
GO:0048679	ZFA:0000075	ZP:0155976	PATO:0002302
GO:0006816	ZFA:0009361	ZP:0155978	PATO:0001236
GO:0007219	ZFA:0000123	ZP:0155979	PATO:0002302
GO:0007219	ZFA:0001076	ZP:0155980	PATO:0002302
GO:0006915	ZFA:0001338	ZP:0155982	PATO:0000057
GO:0008283	ZFA:0001076	ZP:0155983	PATO:0002052
GO:0036515	ZFA:0005147	ZP:0155985	PATO:0015003
GO:1990922	ZFA:0005147	ZP:0155991	PATO:0002052
GO:0061521	ZFA:0005147	ZP:0155996	PATO:0002052
GO:0006915	ZFA:0000140	ZP:0156033	PATO:0045073
GO:0006915	ZFA:0000140	ZP:0156034	PATO:0002304
GO:0007601	ZFA:0009255	ZP:0156035	PATO:0002302
GO:0000380	ZFA:0000403	ZP:0156037	PATO:0001236
GO:0006382	ZFA:0000403	ZP:0156038	PATO:0002304
GO:0010526	ZFA:0000403	ZP:0156039	PATO:0002302
GO:1905603	ZFA:0000029	ZP:0156043	PATO:0002302
GO:0000425	ZFA:0000123	ZP:0156049	PATO:0002051
GO:0030282	ZFA:0001458	ZP:0156060	PATO:0002302
GO:0030198	ZFA:0001058	ZP:0156065	PATO:0001236
GO:0030198	ZFA:0001180	ZP:0156066	PATO:0001236
GO:0030199	ZFA:0001180	ZP:0156068	PATO:0010005
GO:0030199	ZFA:0001180	ZP:0156069	PATO:0055001
GO:0035313	ZFA:0001179	ZP:0156071	PATO:0015003
GO:0035313	ZFA:0001179	ZP:0156072	PATO:0001236
GO:0098743	ZFA:0009158	ZP:0156076	PATO:0002051
GO:0051301	ZFA:0000368	ZP:0156077	PATO:0002052
GO:0030500	ZFA:0000155	ZP:0156089	PATO:0001236
GO:0030510	ZFA:0000155	ZP:0156090	PATO:0002323
GO:0030500	ZFA:0000155	ZP:0156091	PATO:0000502
GO:0030500	ZFA:0000155	ZP:0156095	PATO:0002051
GO:0008015	ZFA:0000114	ZP:0156101	PATO:0002017
GO:0032261	ZFA:0005928	ZP:0156105	PATO:0001236
GO:0042438	ZFA:0009249	ZP:0156106	PATO:0001236
GO:0042552	ZFA:0000396	ZP:0156121	PATO:0002052
GO:1902656	ZFA:0000009	ZP:0156122	PATO:0002017
GO:1902656	ZFA:0000471	ZP:0156123	PATO:0002016
GO:1902656	ZFA:0000009	ZP:0156124	PATO:0002018
GO:1902656	ZFA:0000471	ZP:0156125	PATO:0002018
GO:1905590	ZFA:0007119	ZP:0156134	PATO:0002051
GO:0008219	ZFA:0007119	ZP:0156138	PATO:0002052
GO:0008283	ZFA:0007119	ZP:0156139	PATO:0002051
GO:0048705	ZFA:0007119	ZP:0156140	PATO:0002304
GO:0008038	ZFA:0009052	ZP:0156142	PATO:0001236
GO:0008038	ZFA:0009052	ZP:0156143	PATO:0002302
GO:0006096	ZFA:0009316	ZP:0156146	PATO:0002302
GO:0045333	ZFA:0009316	ZP:0156147	PATO:0002302
GO:0006590	ZFA:0001072	ZP:0156152	PATO:0040059
GO:0006590	ZFA:0001072	ZP:0156153	PATO:0045073
GO:0001508	ZFA:0009316	ZP:0156154	PATO:0000499
GO:0001508	ZFA:0009316	ZP:0156155	PATO:0001845
GO:0032964	ZFA:0000114	ZP:0156156	PATO:0002051
GO:0140042	ZFA:0005057	ZP:0156157	PATO:0002051
GO:1903169	ZFA:0009316	ZP:0156158	PATO:0002302
GO:0001837	ZFA:0000114	ZP:0156165	PATO:0002051
GO:0006955	ZFA:0000114	ZP:0156166	PATO:0002051
GO:0033209	ZFA:0000114	ZP:0156167	PATO:0002051
GO:2000793	ZFA:0000114	ZP:0156168	PATO:0002051
GO:0006974	ZFA:0001114	ZP:0156176	PATO:0002051
GO:0042552	ZFA:0000075	ZP:0156177	PATO:0002052
GO:0051301	ZFA:0001114	ZP:0156178	PATO:0002051
GO:0051881	ZFA:0001114	ZP:0156179	PATO:0002302
GO:0097722	ZFA:0009006	ZP:0156184	PATO:0002302
GO:0006915	ZFA:0009052	ZP:0156194	PATO:0002051
GO:0007626	ZFA:0009077	ZP:0156195	PATO:0000911
GO:0008360	ZFA:0009077	ZP:0156196	PATO:0002302
GO:0032611	ZFA:0009077	ZP:0156198	PATO:0002051
GO:0070588	ZFA:0000445	ZP:0156199	PATO:0000380
GO:0070588	ZFA:0000445	ZP:0156200	PATO:0002017
GO:0070588	ZFA:0000445	ZP:0156201	PATO:0045087
GO:0051301	ZFA:0005970	ZP:0156207	PATO:0002052
GO:0007229	ZFA:0005970	ZP:0156210	PATO:0002052
GO:0051402	ZFA:0000075	ZP:0156211	PATO:0002051
GO:0009408	ZFA:0000403	ZP:0156215	PATO:0002302
GO:0044017	ZFA:0000403	ZP:0156216	PATO:0002051
GO:0044017	ZFA:0000403	ZP:0156217	PATO:0002052
GO:0097205	ZFA:0001293	ZP:0156223	PATO:0002302
GO:0016477	ZFA:0009288	ZP:0156224	PATO:0000911
GO:0006915	ZFA:0009288	ZP:0156226	PATO:0002051
GO:0051209	ZFA:0009076	ZP:0156227	PATO:0000380
GO:0051209	ZFA:0009076	ZP:0156228	PATO:0002017
GO:0010467	ZFA:0001269	ZP:0156231	PATO:0001236
GO:0008283	ZFA:0000132	ZP:0156232	PATO:0045073
GO:0006915	ZFA:0009003	ZP:0156233	PATO:0002051
GO:0008283	ZFA:0009003	ZP:0156234	PATO:0002052
GO:0016266	ZFA:0005124	ZP:0156241	PATO:0002052
GO:0070625	ZFA:0001249	ZP:0156242	PATO:0002052
GO:0070625	ZFA:0005739	ZP:0156243	PATO:0002052
GO:0007601	ZFA:0000445	ZP:0156252	PATO:0010005
GO:0007601	ZFA:0000445	ZP:0156253	PATO:0045073
GO:0001946	ZFA:0005839	ZP:0156255	PATO:0055001
GO:0001946	ZFA:0005839	ZP:0156259	PATO:0001236
GO:0009306	ZFA:0009084	ZP:0156262	PATO:0002302
GO:0140042	ZFA:0000106	ZP:0156264	PATO:0002052
GO:0042552	ZFA:0000008	ZP:0156268	PATO:0002052
GO:0042552	ZFA:0000435	ZP:0156269	PATO:0002052
GO:0007413	ZFA:0000252	ZP:0156275	PATO:0001236
GO:0007413	ZFA:0005907	ZP:0156276	PATO:0001236
GO:0001503	ZFA:0001189	ZP:0156278	PATO:0002302
GO:0060384	ZFA:0000445	ZP:0156283	PATO:0000057
GO:0042254	ZFA:0001094	ZP:0156318	PATO:0002302
GO:0042791	ZFA:0001094	ZP:0156319	PATO:0002302
GO:0042797	ZFA:0001094	ZP:0156320	PATO:0002302
GO:0006915	ZFA:0001517	ZP:0156323	PATO:0045073
GO:0006915	ZFA:0001520	ZP:0156324	PATO:0045073
GO:0008283	ZFA:0001517	ZP:0156325	PATO:0045073
GO:0008283	ZFA:0001520	ZP:0156326	PATO:0045073
GO:0006915	ZFA:0001517	ZP:0156327	PATO:0002304
GO:0006915	ZFA:0001520	ZP:0156328	PATO:0002304
GO:0006694	ZFA:0000107	ZP:0156333	PATO:0002051
GO:0019369	ZFA:0000107	ZP:0156334	PATO:0002051
GO:0007596	ZFA:0000477	ZP:0156339	PATO:0002302
GO:0051301	ZFA:0001157	ZP:0156351	PATO:0002052
GO:0048729	ZFA:0000944	ZP:0156352	PATO:0002302
GO:0048873	ZFA:0000944	ZP:0156353	PATO:0002302
GO:0051301	ZFA:0001157	ZP:0156354	PATO:0002051
GO:0004336	ZFA:0000008	ZP:0156362	PATO:0002052
GO:0060349	ZFA:0001058	ZP:0156369	PATO:0002302
GO:1990523	ZFA:0001269	ZP:0156370	PATO:0002302
GO:1901222	ZFA:0001176	ZP:0156375	PATO:0001236
GO:0042552	ZFA:0000075	ZP:0156391	PATO:0055001
GO:0032288	ZFA:0009076	ZP:0156393	PATO:0002302
GO:0031641	ZFA:0000075	ZP:0156395	PATO:0055001
GO:0000077	ZFA:0009288	ZP:0156400	PATO:0002051
GO:0000366	ZFA:0009288	ZP:0156401	PATO:0002051
GO:0006325	ZFA:0009288	ZP:0156402	PATO:0002051
GO:0007059	ZFA:0009288	ZP:0156403	PATO:0002051
GO:0030330	ZFA:0009288	ZP:0156404	PATO:0002051
GO:0034080	ZFA:0009288	ZP:0156405	PATO:0002051
GO:0043065	ZFA:0009288	ZP:0156406	PATO:0002051
GO:0070198	ZFA:0009288	ZP:0156407	PATO:0002051
GO:0071028	ZFA:0009288	ZP:0156408	PATO:0002051
GO:0051301	ZFA:0009288	ZP:0156409	PATO:0002052
GO:0006974	ZFA:0009288	ZP:0156410	PATO:0002051
GO:0000070	ZFA:0009288	ZP:0156416	PATO:0002051
GO:0000281	ZFA:0009288	ZP:0156417	PATO:0002051
GO:0007052	ZFA:0009288	ZP:0156418	PATO:0002051
GO:0008283	ZFA:0009288	ZP:0156419	PATO:0002051
GO:0051726	ZFA:0009288	ZP:0156420	PATO:0002051
GO:0044782	ZFA:0001114	ZP:0156433	PATO:0002302
GO:0046847	ZFA:0001157	ZP:0156440	PATO:0055001
GO:0061026	ZFA:0000114	ZP:0156447	PATO:0045086
GO:0006915	ZFA:0000243	ZP:0156451	PATO:0002304
GO:0060912	ZFA:0005063	ZP:0156452	PATO:0010005
GO:0016209	ZFA:0001094	ZP:0156456	PATO:0002302
GO:0042800	ZFA:0001094	ZP:0156457	PATO:0002302
GO:0016209	ZFA:0001094	ZP:0156459	PATO:0045073
GO:0060047	ZFA:0005063	ZP:0156465	PATO:0000078
GO:0060047	ZFA:0005063	ZP:0156466	PATO:0001845
GO:0060911	ZFA:0005063	ZP:0156468	PATO:0010005
GO:0022900	ZFA:0005277	ZP:0156479	PATO:0000911
GO:0055074	ZFA:0005277	ZP:0156480	PATO:0002302
GO:0008283	ZFA:0005345	ZP:0156489	PATO:0002304
GO:0021522	ZFA:0000075	ZP:0156503	PATO:0002051
GO:0021522	ZFA:0000075	ZP:0156504	PATO:0045086
GO:0034505	ZFA:0001642	ZP:0156507	PATO:0002052
GO:0008283	ZFA:0009077	ZP:0156508	PATO:0002052
GO:0051124	ZFA:0000705	ZP:0156512	PATO:0002302
GO:0019228	ZFA:0000705	ZP:0156517	PATO:0002302
GO:0031102	ZFA:0000705	ZP:0156518	PATO:0040059
GO:0035239	ZFA:0001286	ZP:0156521	PATO:0002302
GO:0031099	ZFA:0001285	ZP:0156522	PATO:0002302
GO:0033554	ZFA:0009065	ZP:0156524	PATO:0002051
GO:0030593	ZFA:0001269	ZP:0156532	PATO:0002051
GO:0048675	ZFA:0001657	ZP:0000976	PATO:0000460
GO:0048675	ZFA:0007001	ZP:0000979	PATO:0000460
GO:0097484	ZFA:0009255	ZP:0006440	PATO:0000460
GO:0048675	ZFA:0001108	ZP:0010106	PATO:0000460
GO:0032400	ZFA:0000144	ZP:0010738	PATO:0000460
GO:0072554	ZFA:0001285	ZP:0010977	PATO:0000460
GO:0072554	ZFA:0005025	ZP:0010979	PATO:0000460
GO:0007268	ZFA:0009262	ZP:0011052	PATO:0000460
GO:0000132	ZFA:0000948	ZP:0011062	PATO:0000460
GO:0000132	ZFA:0001032	ZP:0011064	PATO:0000460
GO:0021654	ZFA:0000823	ZP:0011097	PATO:0000460
GO:0021654	ZFA:0000948	ZP:0011099	PATO:0000460
GO:0014025	ZFA:0000029	ZP:0011112	PATO:0000460
GO:0014025	ZFA:0000948	ZP:0011113	PATO:0000460
GO:0014025	ZFA:0001032	ZP:0011114	PATO:0000460
GO:0008045	ZFA:0001115	ZP:0011252	PATO:0000460
GO:0048846	ZFA:0000213	ZP:0011771	PATO:0001507
GO:0003341	ZFA:0000529	ZP:0012226	PATO:0002302
